,coef_std
dgap3_Overall,1.0948634940180553
drural3_Overall,0.8141621330089648
rural_level_Infrastructure,-0.5633375011686108
delay_censored_f,-0.46978576261784827
gap_Overall,-0.42616700649752
gap_Infrastructure,-0.41945472966600406
agri_va_share,0.37800815582466396
rural_level_Overall,-0.3632928287705334
log_gdppc_ppp,0.36256480453064466
rural_level_Employment,0.26367970094795606
rural_level_Education,-0.2528145225335151
u5_mortality,0.1803391285855066
delay_f,-0.17610385031762893
rural_pop_share,0.17112427903836366
internet_users,0.17011806358943093
unemployment,0.14392294378182388
fertility,0.14300126696762114
edu_emp_conversion_gap,-0.12679446659976604
drural3_Infrastructure,-0.10591722876050197
drural3_Employment,-0.10565401704473348
agri_emp_share,0.10111560524725346
female_lfp,-0.08655310796129921
dgap3_Health,0.08244916910839437
gdppc_growth,-0.06408514260779925
gap_Health,-0.05070877679141978
gap_Employment,-0.04707090410711989
gap_Education,0.04016733707005359
ddelay3_f,-0.03323057422569181
female_lower_sec,-0.029974445178296106
dgap3_Employment,0.026733136980798534
drural3_Health,-0.026022658001707628
rural_level_Health,0.02341204270057575
dgap3_Infrastructure,-0.010191459029833426
drural3_Education,-0.008093245832911208
dgap3_Education,0.0013979834820018661
