threshold,indicator,n,already,mean_p2030,unlikely_2050,median_wait_if_reachable
close_half_of_2024_gap,FX.OWN.TOTL.FE.ZS,127,0.17,0.87,0.0,2.0
close_half_of_2024_gap,SE.SEC.CMPT.LO.FE.ZS,172,0.75,0.85,0.03,0.0
close_half_of_2024_gap,SE.TER.ENRR.FE,158,0.85,0.97,0.0,0.0
close_half_of_2024_gap,SL.EMP.VULN.FE.ZS,187,0.48,0.59,0.2,0.0
close_half_of_2024_gap,SL.EMP.WORK.FE.ZS,187,0.53,0.62,0.18,0.0
close_half_of_2024_gap,SL.TLF.CACT.FE.ZS,187,0.01,0.04,0.8,17.0
reach_mens_2024_level,FX.OWN.TOTL.FE.ZS,127,0.17,0.71,0.0,3.0
reach_mens_2024_level,SE.SEC.CMPT.LO.FE.ZS,172,0.74,0.82,0.04,0.0
reach_mens_2024_level,SE.TER.ENRR.FE,158,0.85,0.95,0.0,0.0
reach_mens_2024_level,SL.EMP.VULN.FE.ZS,187,0.48,0.54,0.33,0.0
reach_mens_2024_level,SL.EMP.WORK.FE.ZS,187,0.53,0.58,0.28,0.0
reach_mens_2024_level,SL.TLF.CACT.FE.ZS,187,0.01,0.02,0.96,13.0
