view,interval,related_change,pairs,entities,pearson_r,spearman_rho
All adjacent pairs,All intervals,delta_female_lfpr_pp,88,45,-0.16029103280090182,-0.24137156745138785
All adjacent pairs,All intervals,delta_lfpr_gap_pp,88,45,0.22544884931900075,0.31467857190335247
All adjacent pairs,1 year,delta_female_lfpr_pp,16,1,-0.06366527919857423,-0.17660048931157807
All adjacent pairs,1 year,delta_lfpr_gap_pp,16,1,0.4202901906830501,0.5621782243085235
All adjacent pairs,2–5 years,delta_female_lfpr_pp,38,19,0.16961303634708666,0.04431557063136011
All adjacent pairs,2–5 years,delta_lfpr_gap_pp,38,19,0.05482323551208366,0.1268191268191268
All adjacent pairs,6+ years,delta_female_lfpr_pp,34,33,-0.4325465800424158,-0.4915202444614209
All adjacent pairs,6+ years,delta_lfpr_gap_pp,34,33,0.36744022330362713,0.34484339190221536
Exclude source conflicts,All intervals,delta_female_lfpr_pp,83,42,-0.24015622676860085,-0.2709073449270377
Exclude source conflicts,All intervals,delta_lfpr_gap_pp,83,42,0.2890257874513029,0.30947645710333893
Exclude source conflicts,1 year,delta_female_lfpr_pp,16,1,-0.06366527919857423,-0.17660048931157807
Exclude source conflicts,1 year,delta_lfpr_gap_pp,16,1,0.4202901906830501,0.5621782243085235
Exclude source conflicts,2–5 years,delta_female_lfpr_pp,35,17,0.19468388049960925,0.02997198879551821
Exclude source conflicts,2–5 years,delta_lfpr_gap_pp,35,17,-0.0017645884649587838,0.08319327731092437
Exclude source conflicts,6+ years,delta_female_lfpr_pp,32,31,-0.4237587288050026,-0.4626099706744868
Exclude source conflicts,6+ years,delta_lfpr_gap_pp,32,31,0.3645926417295733,0.33027859237536655
Exclude United States,All intervals,delta_female_lfpr_pp,72,44,-0.14321338036919895,-0.2366711685638948
Exclude United States,All intervals,delta_lfpr_gap_pp,72,44,0.19480521202958376,0.24647887323943668
Exclude United States,2–5 years,delta_female_lfpr_pp,38,19,0.16961303634708666,0.04431557063136011
Exclude United States,2–5 years,delta_lfpr_gap_pp,38,19,0.05482323551208366,0.1268191268191268
Exclude United States,6+ years,delta_female_lfpr_pp,34,33,-0.4325465800424158,-0.4915202444614209
Exclude United States,6+ years,delta_lfpr_gap_pp,34,33,0.36744022330362713,0.34484339190221536
Exclude conflicts and United States,All intervals,delta_female_lfpr_pp,67,41,-0.22264408609005065,-0.2629898635166414
Exclude conflicts and United States,All intervals,delta_lfpr_gap_pp,67,41,0.2599626808950108,0.25381115811317745
Exclude conflicts and United States,2–5 years,delta_female_lfpr_pp,35,17,0.19468388049960925,0.02997198879551821
Exclude conflicts and United States,2–5 years,delta_lfpr_gap_pp,35,17,-0.0017645884649587838,0.08319327731092437
Exclude conflicts and United States,6+ years,delta_female_lfpr_pp,32,31,-0.4237587288050026,-0.4626099706744868
Exclude conflicts and United States,6+ years,delta_lfpr_gap_pp,32,31,0.3645926417295733,0.33027859237536655
