iso3,country,year_end,female_unpaid_hours_end,male_unpaid_hours_end,time_gap_hours_end,cross_source_conflict_end,year_start,female_unpaid_hours_start,male_unpaid_hours_start,time_gap_hours_start,cross_source_conflict_start,interval_years,either_endpoint_flagged,survey_comparability,delta_female_hours,delta_male_hours,delta_time_gap_hours,female_lfpr_pct_start,male_lfpr_pct_start,lfpr_gap_pp_start,female_lfpr_pct_end,male_lfpr_pct_end,lfpr_gap_pp_end,delta_female_lfpr_pp,delta_lfpr_gap_pp
ARG,Argentina,2010,4.2,1.5833328,2.6166672,False,2005,4.0166664,1.4666664,2.55,False,5,False,Not yet assessed,0.1833336000000001,0.11666639999999995,0.06666720000000037,49.098,74.628,25.53,47.689,73.314,25.624999999999993,-1.408999999999999,0.09499999999999176
ARG,Argentina,2013,5.6204736,2.219664,3.4008096000000005,False,2010,4.2,1.5833328,2.6166672,False,3,False,Not yet assessed,1.4204736000000002,0.6363311999999999,0.7841424000000004,47.689,73.314,25.624999999999993,47.642,72.851,25.208999999999996,-0.046999999999997044,-0.4159999999999968
ARM,Armenia,2008,5.197999199999999,1.0489992,4.148999999999999,False,2004,5.7666672,1.0999992,4.666668,False,4,False,Not yet assessed,-0.5686680000000006,-0.051000000000000156,-0.5176680000000005,53.518,70.029,16.510999999999996,52.96,69.672,16.711999999999996,-0.5579999999999998,0.2010000000000005
BEL,Belgium,2005,3.6,2.2166664,1.3833336000000005,False,2000,3.8500008,2.2166664,1.6333344000000003,False,5,False,Not yet assessed,-0.2500008,0.0,-0.2500007999999998,43.616,61.437,17.820999999999998,45.687,61.378,15.691000000000003,2.070999999999998,-2.1299999999999955
BEL,Belgium,2013,3.8166672,2.4166656,1.4000016,False,2005,3.6,2.2166664,1.3833336000000005,False,8,False,Not yet assessed,0.21666719999999984,0.19999920000000015,0.01666799999999946,45.687,61.378,15.691000000000003,47.804,59.733,11.928999999999995,2.1170000000000044,-3.7620000000000076
BGR,Bulgaria,2010,4.4333328,2.2166664,2.2166664,False,2002,5.0166672,2.6166672,2.3999999999999995,False,8,False,Not yet assessed,-0.5833344,-0.4000008000000004,-0.18333359999999965,46.197,56.075,9.878,47.819,59.609,11.79,1.6219999999999999,1.911999999999999
BRA,Brazil,2012,3.1640712000000004,0.7283424,2.4357288000000006,False,2009,4.2333336,1.4333328,2.8000008,False,3,False,Not yet assessed,-1.0692623999999995,-0.7049904000000001,-0.36427199999999926,56.567,78.666,22.098999999999997,52.873,76.43,23.55700000000001,-3.6940000000000026,1.4580000000000126
BRA,Brazil,2017,2.7859536000000005,1.2318624,1.5540912000000005,True,2012,3.1640712000000004,0.7283424,2.4357288000000006,False,5,True,Not yet assessed,-0.37811759999999994,0.5035200000000001,-0.8816376000000001,52.873,76.43,23.55700000000001,54.353,75.16,20.806999999999995,1.480000000000004,-2.750000000000014
BTN,Bhutan,2015,3.6,1.4166672,2.1833328,False,2007,3.1833336,1.2166656,1.966668,False,8,False,Not yet assessed,0.4166664,0.2000016,0.2166648,64.807,73.591,8.783999999999992,54.976,69.953,14.977000000000004,-9.831000000000003,6.193000000000012
CAN,Canada,2010,3.9,2.5000008,1.3999992,False,2005,3.9,2.4,1.5,True,5,True,Not yet assessed,0.0,0.10000080000000011,-0.10000079999999989,60.992,72.66,11.668,61.867,71.756,9.889000000000003,0.875,-1.7789999999999964
CAN,Canada,2016,3.4999991999999995,2.2999992,1.1999999999999993,True,2010,3.9,2.5000008,1.3999992,False,6,True,Not yet assessed,-0.4000008000000004,-0.20000160000000022,-0.19999920000000082,61.867,71.756,9.889000000000003,60.879,70.526,9.646999999999998,-0.9879999999999995,-0.24200000000000443
CHE,Switzerland,2004,4.3450008,2.4790008,1.866,False,2000,4.348999200000001,2.3620008,1.9869984000000005,False,4,False,Not yet assessed,-0.003998400000000402,0.11699999999999999,-0.1209984000000004,57.595,77.67,20.075000000000003,59.132,75.912,16.78000000000001,1.536999999999999,-3.2949999999999946
CHE,Switzerland,2007,4.3000008,2.6179992,1.6820016000000004,False,2004,4.3450008,2.4790008,1.866,False,3,False,Not yet assessed,-0.04499999999999993,0.13899839999999974,-0.18399839999999967,59.132,75.912,16.78000000000001,59.956,75.71,15.75399999999999,0.8240000000000052,-1.0260000000000176
CHE,Switzerland,2010,4.018000799999999,2.346,1.6720007999999993,False,2007,4.3000008,2.6179992,1.6820016000000004,False,3,False,Not yet assessed,-0.2820000000000009,-0.2719991999999998,-0.010000800000001142,59.956,75.71,15.75399999999999,60.021,74.332,14.310999999999993,0.06499999999999773,-1.4429999999999978
CHE,Switzerland,2013,3.969,2.493,1.4760000000000004,False,2010,4.018000799999999,2.346,1.6720007999999993,False,3,False,Not yet assessed,-0.04900079999999951,0.1469999999999998,-0.19600079999999886,60.021,74.332,14.310999999999993,61.21,74.242,13.032000000000004,1.189,-1.2789999999999893
CHE,Switzerland,2016,4.0399992,2.5930008,1.4469983999999996,False,2013,3.969,2.493,1.4760000000000004,False,3,False,Not yet assessed,0.07099919999999971,0.10000080000000011,-0.02900160000000085,61.21,74.242,13.032000000000004,62.934,74.575,11.641000000000005,1.7239999999999966,-1.3909999999999982
CHL,Chile,2015,5.304852,2.3649504,2.9399016,False,2008,3.82248,1.2159456,2.6065344,False,7,False,Not yet assessed,1.4823720000000002,1.1490048000000002,0.33336719999999964,44.182,73.3,29.117999999999995,50.352,74.452,24.1,6.169999999999995,-5.017999999999994
CHN,China,2018,3.6833328,1.4166672,2.2666656,False,2008,3.8833344,1.5,2.3833344,True,10,True,Not yet assessed,-0.20000159999999978,-0.08333279999999998,-0.1166687999999998,64.541,78.556,14.015,61.585,73.904,12.318999999999996,-2.955999999999996,-1.696000000000005
COL,Colombia,2017,1.2049224,0.7026312,0.5022912,True,2013,4.2100008,1.0900008,3.120000000000001,False,4,True,Not yet assessed,-3.0050784000000004,-0.3873696000000001,-2.617708800000001,55.303,79.777,24.474000000000004,54.343,78.195,23.85199999999999,-0.9599999999999937,-0.6220000000000141
CUB,Cuba,2016,5.04,2.9928576,2.0471424000000003,False,2001,3.9166656,1.2833328,2.6333328,False,15,False,Not yet assessed,1.1233344,1.7095247999999998,-0.5861903999999996,36.714,70.993,34.278999999999996,44.479,67.02,22.540999999999997,7.765000000000001,-11.738
DEU,Germany,2013,3.936,2.4960000000000004,1.439999999999999,False,2002,4.242000000000001,2.5150008,1.7269992000000007,False,11,False,Not yet assessed,-0.30600000000000094,-0.019000799999999707,-0.2869992000000017,49.58,66.609,17.028999999999996,54.194,66.705,12.510999999999996,4.614000000000004,-4.518000000000001
DNK,Denmark,2009,3.75,2.7,1.0499999999999998,False,2001,3.4999991999999995,2.4333336,1.0666655999999994,False,8,False,Not yet assessed,0.25000080000000047,0.2666664000000001,-0.016665599999999614,59.874,71.192,11.31799999999999,59.768,69.4,9.632000000000005,-0.10600000000000165,-1.6859999999999857
ESP,Spain,2010,4.549999199999999,2.0666664,2.4833327999999995,False,2003,4.9166664,1.6166664,3.3000000000000007,False,7,False,Not yet assessed,-0.3666672000000011,0.44999999999999996,-0.8166672000000013,43.378,66.797,23.418999999999997,51.711,67.269,15.558000000000007,8.332999999999998,-7.86099999999999
EST,Estonia,2010,4.1333328,2.5833336,1.5499992000000002,False,2000,4.7833344,2.6833344,2.1,False,10,False,Not yet assessed,-0.6500016000000004,-0.10000080000000011,-0.5500007999999998,52.575,66.482,13.906999999999996,55.069,66.967,11.897999999999996,2.4939999999999998,-2.0090000000000003
FIN,Finland,2010,3.6490008,2.5180008,1.1310000000000002,False,2000,3.7969992,2.4049992,1.392,False,10,False,Not yet assessed,-0.14799840000000009,0.11300160000000004,-0.2609999999999997,56.566,66.586,10.019999999999996,55.871,63.767,7.896000000000001,-0.6950000000000003,-2.1239999999999952
GBR,United Kingdom,2015,3.0366672,1.6716672,1.3650000000000002,False,2001,3.5603448,1.9548096,1.6055352000000005,False,14,False,Not yet assessed,-0.5236776000000001,-0.2831424,-0.24053520000000028,53.533,69.05,15.516999999999996,56.722,68.103,11.380999999999993,3.189,-4.136000000000003
GTM,Guatemala,2017,4.6758552,0.6252888,4.0505664,False,2014,4.264084799999999,0.5658024,3.698282399999999,False,3,False,Not yet assessed,0.41177040000000087,0.05948639999999994,0.35228400000000093,39.978,82.28,42.302,38.656,84.065,45.409,-1.3220000000000027,3.1069999999999993
HKG,"Hong Kong SAR, China",2013,2.5999992,0.7999992,1.7999999999999996,False,2002,3.3,1.0999992,2.2000008,False,11,False,Not yet assessed,-0.7000007999999998,-0.30000000000000004,-0.4000008000000006,51.449,71.995,20.546000000000006,53.869,68.493,14.623999999999995,2.4200000000000017,-5.922000000000011
HUN,Hungary,2010,4.1464176,1.915104,2.231313599999999,False,2000,4.6833336,2.6500008000000004,2.0333328,False,10,False,Not yet assessed,-0.5369159999999997,-0.7348968000000005,0.19798079999999896,45.552,57.51,11.957999999999998,46.638,58.057,11.419000000000004,1.0859999999999985,-0.5389999999999944
ITA,Italy,2009,5.064,1.848,3.216,False,2003,5.255999999999999,1.7519999999999998,3.504,False,6,False,Not yet assessed,-0.19199999999999928,0.09600000000000031,-0.2879999999999998,36.803,61.444,24.641000000000005,37.951,59.489,21.537999999999997,1.1480000000000032,-3.1030000000000086
ITA,Italy,2014,4.896,2.016,2.88,False,2009,5.064,1.848,3.216,False,5,False,Not yet assessed,-0.16800000000000015,0.16799999999999993,-0.3360000000000003,37.951,59.489,21.537999999999997,39.746,58.454,18.708,1.7950000000000017,-2.8299999999999983
JPN,Japan,2006,3.7333344,0.6499992,3.0833352,False,2001,3.75,0.5500008,3.1999992,False,5,False,Not yet assessed,-0.016665600000000058,0.09999840000000004,-0.1166640000000001,49.051,75.565,26.513999999999996,48.401,73.107,24.705999999999996,-0.6499999999999986,-1.8079999999999998
JPN,Japan,2011,3.75,0.7166664,3.0333336,False,2006,3.7333344,0.6499992,3.0833352,False,5,False,Not yet assessed,0.016665600000000058,0.06666720000000004,-0.05000159999999987,48.401,73.107,24.705999999999996,48.09,71.085,22.99499999999999,-0.31099999999999994,-1.7110000000000056
JPN,Japan,2016,3.6333336,0.75,2.8833336,False,2011,3.75,0.7166664,3.0333336,False,5,False,Not yet assessed,-0.11666640000000017,0.03333359999999996,-0.15000000000000036,48.09,71.085,22.99499999999999,50.208,70.364,20.156000000000006,2.117999999999995,-2.8389999999999844
KAZ,Kazakhstan,2003,6.833332800000001,4.1666664,2.6666664000000004,False,2000,6.6499992,3.3166656,3.3333336,False,3,False,Not yet assessed,0.18333360000000098,0.8500008000000006,-0.6666671999999996,65.834,76.9,11.066000000000003,65.085,75.727,10.64200000000001,-0.7490000000000094,-0.4239999999999924
KAZ,Kazakhstan,2006,6.2666664,3.6166656,2.6500008,False,2003,6.833332800000001,4.1666664,2.6666664000000004,False,3,False,Not yet assessed,-0.5666664000000008,-0.5500008000000003,-0.016665600000000502,65.085,75.727,10.64200000000001,65.019,75.035,10.015999999999991,-0.06599999999998829,-0.626000000000019
KAZ,Kazakhstan,2012,4.0999992,1.8499992,2.25,False,2006,6.2666664,3.6166656,2.6500008,False,6,False,Not yet assessed,-2.1666672,-1.7666664,-0.40000079999999993,65.019,75.035,10.015999999999991,66.037,76.092,10.054999999999993,1.0180000000000007,0.03900000000000148
KAZ,Kazakhstan,2018,4.549999199999999,1.5,3.0499992,False,2012,4.0999992,1.8499992,2.25,False,6,False,Not yet assessed,0.4499999999999993,-0.34999920000000007,0.7999991999999998,66.037,76.092,10.054999999999993,64.818,76.159,11.341000000000008,-1.2190000000000083,1.2860000000000156
KGZ,Kyrgyz Republic,2005,5.7,2.3166672,3.3833328000000003,False,2000,6.6499992,3.3166656,3.3333336,False,5,False,Not yet assessed,-0.9499991999999997,-0.9999984,0.04999920000000024,57.886,77.392,19.505999999999993,54.886,75.853,20.96699999999999,-3.0,1.4609999999999985
KGZ,Kyrgyz Republic,2010,4.5,1.5166656,2.9833344,False,2005,5.7,2.3166672,3.3833328000000003,False,5,False,Not yet assessed,-1.2000000000000002,-0.8000015999999999,-0.3999984000000003,54.886,75.853,20.96699999999999,51.445,73.847,22.401999999999994,-3.4410000000000025,1.4350000000000023
KGZ,Kyrgyz Republic,2015,4.0333344,2.2833336,1.7500008,False,2010,4.5,1.5166656,2.9833344,False,5,False,Not yet assessed,-0.4666655999999998,0.7666680000000001,-1.2333336,51.445,73.847,22.401999999999994,47.459,72.028,24.569000000000003,-3.985999999999997,2.1670000000000087
KOR,"Korea, Rep.",2009,3.4496664,0.7496664000000002,2.7,False,2004,3.5003328,0.6666672,2.8336656,False,5,False,Not yet assessed,-0.05066639999999989,0.08299920000000016,-0.1336655999999996,50.637,72.824,22.186999999999998,49.575,70.714,21.138999999999996,-1.0619999999999976,-1.0480000000000018
KOR,"Korea, Rep.",2014,3.4990008,0.8659992,2.6330016,False,2009,3.4496664,0.7496664000000002,2.7,False,5,False,Not yet assessed,0.04933440000000022,0.11633279999999979,-0.06699840000000012,49.575,70.714,21.138999999999996,51.839,72.709,20.870000000000005,2.263999999999996,-0.26899999999999125
KOR,"Korea, Rep.",2019,3.3833328,1.05,2.3333328,False,2014,3.4990008,0.8659992,2.6330016,False,5,False,Not yet assessed,-0.11566800000000033,0.18400080000000008,-0.29966880000000007,51.839,72.709,20.870000000000005,53.772,72.293,18.521000000000008,1.9329999999999998,-2.3489999999999966
LAO,Lao PDR,2008,2.5000008,0.4000008,2.1,False,2003,2.4,0.6,1.7999999999999998,False,5,False,Not yet assessed,0.10000080000000011,-0.1999992,0.30000000000000027,58.182,64.859,6.6769999999999925,57.24,64.638,7.398000000000003,-0.9420000000000002,0.7210000000000107
LAO,Lao PDR,2013,2.5000008,0.6,1.9000008,False,2008,2.5000008,0.4000008,2.1,False,5,False,Not yet assessed,0.0,0.1999992,-0.19999920000000015,57.24,64.638,7.398000000000003,56.437,64.101,7.6640000000000015,-0.8030000000000044,0.26599999999999824
LAO,Lao PDR,2017,3.264912,2.4150672,0.8498447999999996,False,2013,2.5000008,0.6,1.9000008,False,4,False,Not yet assessed,0.7649111999999998,1.8150672,-1.0501560000000003,56.437,64.101,7.6640000000000015,56.02,63.542,7.5219999999999985,-0.4169999999999945,-0.142000000000003
MEX,Mexico,2009,7.449794400000001,2.4922728000000003,4.957521600000001,False,2002,6.9869832,1.5247584,5.4622248,False,7,False,Not yet assessed,0.46281120000000087,0.9675144000000002,-0.5047031999999998,38.314,80.381,42.067,43.08,79.466,36.385999999999996,4.765999999999998,-5.6810000000000045
MEX,Mexico,2014,7.0852776,2.3435880000000004,4.741689599999999,False,2009,7.449794400000001,2.4922728000000003,4.957521600000001,False,5,False,Not yet assessed,-0.36451680000000053,-0.14868479999999984,-0.21583200000000158,43.08,79.466,36.385999999999996,43.55,78.796,35.24600000000001,0.46999999999999886,-1.1399999999999864
MEX,Mexico,2019,6.66438,2.6668008,3.9975792,False,2014,7.0852776,2.3435880000000004,4.741689599999999,False,5,False,Not yet assessed,-0.4208976,0.3232127999999994,-0.744110399999999,43.55,78.796,35.24600000000001,45.573,78.057,32.484,2.0230000000000032,-2.7620000000000076
MKD,North Macedonia,2009,4.6833336,1.4500008,3.2333328000000003,False,2004,5.7,1.95,3.75,False,5,False,Not yet assessed,-1.0166664,-0.4999992,-0.5166671999999997,42.49,64.998,22.508000000000003,42.205,68.021,25.816000000000003,-0.2850000000000037,3.308
MKD,North Macedonia,2015,3.7000008,1.3000008,2.4000000000000004,False,2009,4.6833336,1.4500008,3.2333328000000003,False,6,False,Not yet assessed,-0.9833327999999999,-0.1499999999999999,-0.8333328,42.205,68.021,25.816000000000003,42.307,66.418,24.111000000000004,0.10200000000000387,-1.7049999999999983
MNG,Mongolia,2007,4.7500008000000005,1.9833336,2.7666672000000005,False,2000,4.8139992000000005,2.1406656,2.6733336000000008,False,7,False,Not yet assessed,-0.06399840000000001,-0.15733200000000025,0.0933335999999998,53.834,65.487,11.652999999999992,54.032,64.439,10.406999999999996,0.1979999999999933,-1.2459999999999951
MNG,Mongolia,2011,4.7666664,2.1833328,2.5833336,False,2007,4.7500008000000005,1.9833336,2.7666672000000005,False,4,False,Not yet assessed,0.016665599999999614,0.19999920000000015,-0.18333360000000054,54.032,64.439,10.406999999999996,53.903,65.911,12.008000000000003,-0.12899999999999778,1.6010000000000062
MNG,Mongolia,2015,4.2333336,1.5333336,2.7,False,2011,4.7666664,2.1833328,2.5833336,False,4,False,Not yet assessed,-0.5333328000000002,-0.6499992000000001,0.11666640000000017,53.903,65.911,12.008000000000003,53.429,66.168,12.739000000000004,-0.47399999999999665,0.7310000000000016
MNG,Mongolia,2019,4.6299096,1.8231192,2.8067904,False,2015,4.2333336,1.5333336,2.7,False,4,False,Not yet assessed,0.3965760000000005,0.2897856000000001,0.10679039999999995,53.429,66.168,12.739000000000004,57.902,73.532,15.629999999999995,4.472999999999999,2.890999999999991
NLD,Netherlands,2003,3.6333336,1.9333344,1.6999992,False,2001,3.6,2.0333328,1.5666672,False,2,False,Not yet assessed,0.03333359999999974,-0.09999840000000026,0.133332,59.537,76.71,17.172999999999995,59.915,75.742,15.827000000000005,0.3780000000000001,-1.3459999999999894
NLD,Netherlands,2006,4.0666656,2.3500008,1.7166648000000002,False,2003,3.6333336,1.9333344,1.6999992,False,3,False,Not yet assessed,0.4333320000000005,0.4166664000000002,0.01666560000000028,59.915,75.742,15.827000000000005,59.755,74.892,15.136999999999993,-0.1599999999999966,-0.6900000000000119
NLD,Netherlands,2012,3.5333328,2.2166664,1.3166664000000003,False,2006,4.0666656,2.3500008,1.7166648000000002,False,6,False,Not yet assessed,-0.5333328000000002,-0.1333344000000003,-0.39999839999999987,59.755,74.892,15.136999999999993,61.08,72.696,11.616,1.3249999999999957,-3.5209999999999937
NOR,Norway,2011,3.6739992,2.9599992,0.714,False,2001,3.9333336,2.6833344,1.2499991999999995,False,10,False,Not yet assessed,-0.2593344000000002,0.2766647999999998,-0.5359991999999996,61.699,72.692,10.992999999999995,63.764,70.547,6.782999999999994,2.065000000000005,-4.210000000000001
OMN,Oman,2008,4.5333336,1.8,2.7333336,False,2000,4.9333344,1.7666664,3.166668,False,8,False,Not yet assessed,-0.40000079999999993,0.03333359999999996,-0.4333344000000001,23.917,76.035,52.117999999999995,25.695,78.479,52.784,1.7779999999999987,0.6660000000000039
POL,Poland,2013,4.382999999999999,2.3830008,1.9999991999999995,False,2004,4.7500008000000005,2.3666664,2.3833344000000003,False,9,False,Not yet assessed,-0.36700080000000135,0.01633439999999986,-0.38333520000000076,47.719,62.098,14.378999999999998,49.227,64.862,15.634999999999998,1.5079999999999956,1.2560000000000002
PSE,West Bank and Gaza,2013,4.8333336,0.7166664,4.116667199999999,False,2000,5.55,0.7666656000000001,4.783334399999999,False,13,False,Not yet assessed,-0.7166664000000003,-0.04999920000000002,-0.6666672,12.402,67.967,55.565,15.829,68.521,52.692,3.4270000000000014,-2.8729999999999976
ROU,Romania,2012,4.5666672,2.25,2.3166672000000004,False,2000,4.9999992,2.2999992,2.6999999999999997,False,12,False,Not yet assessed,-0.43333200000000005,-0.0499991999999998,-0.38333279999999936,42.361,60.676,18.315000000000005,41.763,59.092,17.329,-0.597999999999999,-0.9860000000000042
SLV,El Salvador,2017,4.85106,1.6870272,3.1640328,False,2010,5.459517600000001,1.8828312,3.5766864000000007,False,7,False,Not yet assessed,-0.6084576000000004,-0.1958040000000001,-0.4126536000000005,45.966,76.299,30.333000000000006,45.154,75.208,30.053999999999995,-0.8119999999999976,-0.2790000000000106
SRB,Serbia,2015,4.6002144000000005,2.0856912,2.5145232000000006,False,2011,4.8568416,2.277444,2.5793976,False,4,False,Not yet assessed,-0.2566271999999996,-0.19175280000000017,-0.06487439999999944,41.669,58.791,17.122,43.295,60.105,16.809999999999995,1.6260000000000048,-0.3120000000000047
SWE,Sweden,2011,3.8500824,3.0787128,0.7713695999999999,False,2001,4.2362424,3.0473856,1.1888568,False,10,False,Not yet assessed,-0.3861600000000003,0.03132719999999978,-0.41748720000000006,58.578,66.956,8.378,59.526,67.613,8.086999999999996,0.9480000000000004,-0.2910000000000039
THA,Thailand,2015,2.8399992,0.9,1.9399992,False,2009,3.0666672,0.8166671999999999,2.25,False,6,False,Not yet assessed,-0.2266680000000001,0.0833328000000001,-0.3100008000000001,64.659,81.394,16.735,61.068,77.922,16.854,-3.591000000000008,0.11899999999999977
TUR,Turkey,2015,4.5962808,0.8893800000000001,3.7069008,False,2006,5.2808496,0.8523648,4.4284848,False,9,False,Not yet assessed,-0.6845688000000001,0.037015200000000026,-0.7215839999999996,23.426,69.39,45.964,31.416,71.384,39.968,7.990000000000002,-5.995999999999995
TZA,Tanzania,2014,3.9499992,1.0166664,2.9333328,False,2006,4.0999992,1.0999992,3.0,False,8,False,Not yet assessed,-0.1499999999999999,-0.08333279999999998,-0.06666719999999993,87.119,89.636,2.516999999999996,80.089,88.075,7.986000000000004,-7.030000000000001,5.469000000000008
URY,Uruguay,2013,4.76994,2.0105712,2.7593688000000003,False,2007,6.049999199999999,2.3333328,3.7166664,False,6,False,Not yet assessed,-1.2800591999999993,-0.3227616000000002,-0.9572975999999995,53.467,75.189,21.721999999999994,55.333,75.277,19.944000000000003,1.8659999999999997,-1.7779999999999916
USA,United States,2004,3.99,2.3500008,1.6399992,False,2003,3.9700008,2.37,1.6000008,False,1,False,Not yet assessed,0.019999199999999995,-0.019999199999999995,0.03999840000000021,58.224,72.403,14.17900000000001,57.944,72.237,14.292999999999992,-0.27999999999999403,0.113999999999983
USA,United States,2005,3.96,2.3200008,1.6399992,False,2004,3.99,2.3500008,1.6399992,False,1,False,Not yet assessed,-0.03000000000000025,-0.03000000000000025,0.0,57.944,72.237,14.292999999999992,58.04,72.226,14.186,0.09599999999999653,-0.10699999999999221
USA,United States,2006,3.9,2.2999992,1.6000007999999997,False,2005,3.96,2.3200008,1.6399992,False,1,False,Not yet assessed,-0.06000000000000005,-0.020001600000000064,-0.039998400000000434,58.04,72.226,14.186,58.161,72.348,14.186999999999998,0.12100000000000222,0.0009999999999976694
USA,United States,2007,3.8599992,2.3899992,1.4699999999999998,False,2006,3.9,2.2999992,1.6000007999999997,False,1,False,Not yet assessed,-0.04000080000000006,0.0900000000000003,-0.13000079999999992,58.161,72.348,14.186999999999998,58.086,72.053,13.966999999999999,-0.07500000000000284,-0.21999999999999886
USA,United States,2008,3.75,2.2600008,1.4899992000000002,False,2007,3.8599992,2.3899992,1.4699999999999998,False,1,False,Not yet assessed,-0.10999919999999985,-0.1299984000000003,0.01999920000000044,58.086,72.053,13.966999999999999,58.293,71.814,13.520999999999994,0.20700000000000074,-0.44600000000000506
USA,United States,2009,3.8200008,2.34,1.4800008000000004,False,2008,3.75,2.2600008,1.4899992000000002,False,1,False,Not yet assessed,0.07000079999999986,0.07999920000000005,-0.00999839999999974,58.293,71.814,13.520999999999994,58.054,70.806,12.751999999999995,-0.23899999999999721,-0.7689999999999984
USA,United States,2010,3.6700008,2.37,1.3000008000000003,False,2009,3.8200008,2.34,1.4800008000000004,False,1,False,Not yet assessed,-0.1499999999999999,0.03000000000000025,-0.18000000000000016,58.054,70.806,12.751999999999995,57.516,70.065,12.549,-0.5380000000000038,-0.20299999999999585
USA,United States,2011,3.6499992,2.3200008,1.3299984,False,2010,3.6700008,2.37,1.3000008000000003,False,1,False,Not yet assessed,-0.020001600000000064,-0.04999920000000024,0.029997599999999736,57.516,70.065,12.549,56.998,69.573,12.574999999999996,-0.5180000000000007,0.02599999999999625
USA,United States,2012,3.6700008,2.2399992,1.4300016000000002,False,2011,3.6499992,2.3200008,1.3299984,False,1,False,Not yet assessed,0.020001600000000064,-0.08000159999999967,0.10000320000000018,56.998,69.573,12.574999999999996,56.778,69.532,12.753999999999998,-0.21999999999999886,0.17900000000000205
USA,United States,2013,3.7399992,2.3299992,1.4099999999999997,False,2012,3.6700008,2.2399992,1.4300016000000002,False,1,False,Not yet assessed,0.06999840000000024,0.08999999999999986,-0.020001600000000508,56.778,69.532,12.753999999999998,56.362,69.181,12.818999999999996,-0.4159999999999968,0.06499999999999773
USA,United States,2014,3.7300008,2.3299992,1.4000016000000004,False,2013,3.7399992,2.3299992,1.4099999999999997,False,1,False,Not yet assessed,-0.009998400000000185,0.0,-0.009998399999999297,56.362,69.181,12.818999999999996,56.197,68.754,12.557000000000002,-0.16499999999999915,-0.26199999999999335
USA,United States,2015,3.81,2.34,1.4700000000000002,False,2014,3.7300008,2.3299992,1.4000016000000004,False,1,False,Not yet assessed,0.07999920000000005,0.01000079999999981,0.0699983999999998,56.197,68.754,12.557000000000002,55.938,68.638,12.700000000000003,-0.25900000000000034,0.14300000000000068
USA,United States,2016,3.8200008,2.3500008,1.4700000000000002,False,2015,3.81,2.34,1.4700000000000002,False,1,False,Not yet assessed,0.01000079999999981,0.010000800000000254,0.0,55.938,68.638,12.700000000000003,56.095,68.794,12.698999999999998,0.15699999999999648,-0.0010000000000047748
USA,United States,2017,3.7000008,2.37,1.3300008,False,2016,3.8200008,2.3500008,1.4700000000000002,False,1,False,Not yet assessed,-0.11999999999999966,0.019999199999999995,-0.1399992000000001,56.095,68.794,12.698999999999998,56.395,68.715,12.32,0.30000000000000426,-0.3789999999999978
USA,United States,2018,3.69,2.2900008,1.3999992,False,2017,3.7000008,2.37,1.3300008,False,1,False,Not yet assessed,-0.010000800000000254,-0.07999920000000005,0.06999840000000002,56.395,68.715,12.32,56.471,68.715,12.244000000000007,0.0759999999999934,-0.0759999999999934
USA,United States,2019,3.6799992,2.3200008,1.3599983999999998,False,2018,3.69,2.2900008,1.3999992,False,1,False,Not yet assessed,-0.01000079999999981,0.029999999999999805,-0.04000080000000028,56.471,68.715,12.244000000000007,56.868,68.821,11.952999999999996,0.39700000000000557,-0.291000000000011
ZAF,South Africa,2010,3.7333344,1.5499992,2.1833352,False,2000,3.5500008000000003,1.3000008,2.25,False,10,False,Not yet assessed,0.18333359999999965,0.24999839999999995,-0.06666479999999986,46.583,69.882,23.299000000000007,44.76,60.732,15.972000000000001,-1.8230000000000004,-7.327000000000005
