dimension,iso,p_change_point,tau_mode,window_start,window_end,p_window,p_speed_increase,gap_speed_before,gap_speed_after,type
Overall,AFG,0.2190447491659596,2004,2004,2007,0.27070414360105677,0.6489064697972461,-0.012365259230136871,-0.008013059695561727,No clear change point
Overall,ALB,0.276236794074022,2004,2004,2007,0.274325746862258,0.18767335082288725,0.020396053791046143,-0.001830699188368661,No clear change point
Overall,ARG,0.22644057385687882,2021,2004,2007,0.2474257485642877,0.2800887877397751,-0.008479519259361995,-0.000867895781993866,No clear change point
Overall,ARM,0.1996930830733982,2004,2004,2007,0.2822548644710613,0.47277900040248305,-0.002653852105140686,-0.002354162079947335,No clear change point
Overall,AUT,0.15622140654893438,2021,2018,2021,0.2609770989130912,0.5820107827988833,-0.002592756634666806,0.0009095370769500732,No clear change point
Overall,AZE,0.2996996899275215,2004,2004,2007,0.2532676725171287,0.822093276102292,-0.02409280836582184,-0.008195149047034129,No clear change point
Overall,BEL,0.1877856638096484,2021,2018,2021,0.2652021815219629,0.5998308970213952,-0.0021794807343255905,0.0008748024702072144,No clear change point
Overall,BEN,0.1797579662142619,2004,2004,2007,0.26297817687659375,0.5831390641309213,-0.02301667630672455,-0.01743485246385847,No clear change point
Overall,BFA,0.22547902353964033,2021,2018,2021,0.30404124809060085,0.6954976486064675,-0.022666631709961665,-0.006541430950164795,No clear change point
Overall,BGD,0.2956983651445555,2004,2004,2007,0.3701523833112259,0.7658174492770246,-0.05717543512582779,-0.02696755865500087,No clear change point
Overall,BGR,0.3142056694269344,2004,2004,2007,0.2537270913118114,0.16104065911459667,0.02089286968111992,0.005896200381574177,No clear change point
Overall,BIH,0.24850581135850633,2004,2004,2007,0.29254222627735493,0.2324715502128696,0.018628668040037155,0.001855665019580296,No clear change point
Overall,BLR,0.20535102017257928,2004,2004,2007,0.2594768133215939,0.2716380530565442,0.009138867259025574,0.003227468047823225,No clear change point
Overall,BLZ,0.34367134173780806,2004,2004,2007,0.3690291417551005,0.829324044924889,-0.03657718002796173,-0.00534434545607794,No clear change point
Overall,BOL,0.23917540246173968,2004,2004,2007,0.3103401328037808,0.685798799624674,-0.04090031981468201,-0.019170057205926804,No clear change point
Overall,BRA,0.17024766995952959,2021,2018,2021,0.27233408729573505,0.5124628090230994,-0.02064869659287589,-0.021830476820468903,No clear change point
Overall,BTN,0.20264554586527592,2021,2004,2007,0.27315541822664846,0.59794591504745,-0.04889771768024989,-0.036393824964761734,No clear change point
Overall,BWA,0.18278395287152335,2021,2018,2021,0.2623358000522283,0.4551290240906235,0.004126039289292835,-0.0003134682774543762,No clear change point
Overall,CAF,0.210611886795339,2004,2004,2007,0.30455484527662885,0.312005792613337,0.03054843842983246,0.009602685769399006,No clear change point
Overall,CHE,0.1828557843479367,2004,2004,2007,0.2625597810619837,0.45268354375908076,0.001114383339881897,-0.0001945751053946359,No clear change point
Overall,CHL,0.19508244980885636,2021,2004,2007,0.25911004502375956,0.6761286699632022,-0.032741379170190724,-0.02181834727525711,No clear change point
Overall,CHN,0.23690233719819573,2021,2018,2021,0.24389457436925133,0.7544892715921369,-0.028989254718735105,-0.017488837242126465,No clear change point
Overall,CIV,0.1960789062084671,2021,2004,2007,0.2645909406761647,0.622683182935511,-0.008670429388682049,-0.004886522889137268,No clear change point
Overall,CMR,0.20223852519217558,2004,2004,2007,0.2762050758408324,0.6882406673552737,-0.021920278668403625,-0.008714128108251663,No clear change point
Overall,COD,0.20937582048104011,2021,2004,2007,0.2703320011826223,0.3883786423079897,0.019118064925784155,0.008948728442192078,No clear change point
Overall,COG,0.18001610385574998,2021,2004,2007,0.25326149388658237,0.5109526824728761,-0.002316192502067203,-0.0031384527683258057,No clear change point
Overall,COL,0.19067647690435238,2004,2004,2007,0.2736728219066739,0.49696798455877506,-0.017123430967330933,-0.00482268560500372,No clear change point
Overall,COM,0.2191371414543056,2004,2004,2007,0.2635911272159424,0.6368521715911905,-0.007679440081119537,-0.0019136929795855568,No clear change point
Overall,CPV,0.195026992693689,2004,2004,2007,0.2673337790926452,0.509933740447136,-0.017548516392707825,-0.016748575227601186,No clear change point
Overall,CRI,0.20046629340439812,2021,2004,2007,0.25583213793226584,0.3794199185017234,-0.022445843333289736,-0.022571440786123276,No clear change point
Overall,CYP,0.17910725815629205,2021,2018,2021,0.26547199381802233,0.47350395975853304,0.004885552894501459,0.004088804125785828,No clear change point
Overall,CZE,0.20646320360608236,2004,2004,2007,0.29307994820815636,0.3651563759191114,0.004071548581123352,-0.011452037663686843,No clear change point
Overall,DEU,0.17609221324811514,2021,2018,2021,0.269189974296935,0.46934302910306835,-0.00031943548293340775,0.0031399428844451904,No clear change point
Overall,DJI,0.34303776105396283,2004,2004,2007,0.2987046452149852,0.11067925089875544,0.042407840490341187,0.01637521953809829,No clear change point
Overall,DNK,0.1850278470115099,2004,2004,2007,0.26416994294711826,0.45686181374317125,0.0007113143801689148,-0.00022016252790178572,No clear change point
Overall,DOM,0.18726378623004702,2004,2004,2007,0.2853058843946478,0.6061548839020608,-0.025122791528701782,-0.012384198960803804,No clear change point
Overall,DZA,0.1990482171697166,2004,2004,2007,0.27120406329997493,0.5296902024329884,-0.014794327318668365,-0.013534789284070332,No clear change point
Overall,ECU,0.1848636656636808,2004,2004,2007,0.28453953654455066,0.6472025455912336,-0.027124211192131042,-0.014649335827146257,No clear change point
Overall,EGY,0.20905629602058454,2004,2004,2007,0.26593051123907324,0.7474889163906133,-0.023848455399274826,-0.01066471707253229,No clear change point
Overall,ESP,0.17732291166689618,2004,2018,2021,0.2532794933905169,0.5116009024797619,-0.0022588223218917847,-0.0017871998605274019,No clear change point
Overall,EST,0.24633758969180863,2004,2004,2007,0.2904957353063526,0.3090853854161104,0.006791718304157257,-0.010671749001457578,No clear change point
Overall,ETH,0.25573814176280396,2004,2004,2007,0.23911134413293006,0.8022608742521604,-0.03672364354133606,-0.023986952645438056,No clear change point
Overall,FIN,0.17404490162531644,2021,2018,2021,0.2572745743319088,0.48160774779370613,-0.0021112334160577682,-0.002911686897277832,No clear change point
Overall,FJI,0.18643939048641414,2021,2004,2007,0.2620345765177911,0.6035240727804437,-0.015098312071391513,-0.007009536027908325,No clear change point
Overall,FRA,0.16479030364897135,2004,2004,2007,0.25838938757523855,0.5311872053976937,-0.0008458346128463745,0.003488733654930478,No clear change point
Overall,GAB,0.20206760450328573,2021,2004,2007,0.27187458821105276,0.44529547377322787,0.0022542221205575125,-0.0007507354021072388,No clear change point
Overall,GBR,0.18733519865435733,2004,2004,2007,0.256815590377852,0.6408221897061904,-0.010162919759750366,-0.0006739043054126558,No clear change point
Overall,GEO,0.1971164903080281,2004,2004,2007,0.26134542474369876,0.5219128152331922,-0.003630533814430237,0.00016382478532337008,No clear change point
Overall,GHA,0.4552866956138415,2004,2004,2007,0.25490429558175076,0.9517223811414639,-0.04262368381023407,-0.01605886575721559,No clear change point
Overall,GIN,0.20400040365176725,2004,2004,2007,0.2628370790302018,0.506420563790205,-0.001014620065689087,-0.0006007864361717587,No clear change point
Overall,GMB,0.26557157670902964,2004,2004,2007,0.30914028235253616,0.7847110292054204,-0.026340685784816742,-0.0009459711256481352,No clear change point
Overall,GNB,0.2865254914340949,2021,2005,2008,0.23812328014125198,0.8369476342054463,-0.025122375715346562,-0.014204785227775574,No clear change point
Overall,GRC,0.22039918471883507,2004,2004,2007,0.28731885896331033,0.31608497298859944,0.0131450816988945,-0.0006991142318362282,No clear change point
Overall,GTM,0.17292492155466963,2021,2018,2021,0.26645476149617525,0.5972874435283378,-0.017703396933419366,-0.00822373479604721,No clear change point
Overall,GUY,0.22016214654444416,2004,2004,2007,0.25928752218304385,0.7013383991630695,-0.019061360508203506,-0.0065204185389337085,No clear change point
Overall,HND,0.2035526882661144,2004,2004,2007,0.2816156885640733,0.6165196400563151,-0.02275092899799347,-0.009846518437067669,No clear change point
Overall,HRV,0.23881245146762858,2004,2004,2007,0.3097800049381138,0.29216176022472845,0.015554629266262054,-0.0025663304896581737,No clear change point
Overall,HTI,0.22663788594958553,2004,2004,2007,0.30226871976432323,0.638436185613811,-0.02615375816822052,-0.007985204458236694,No clear change point
Overall,HUN,0.21959921596933532,2004,2004,2007,0.26269020897568307,0.30305711697347215,0.00781383365392685,-0.0034890245823633106,No clear change point
Overall,IDN,0.17854886159692843,2004,2018,2021,0.26285015173170445,0.4576496666146746,-0.025703929364681244,-0.017056879543122794,No clear change point
Overall,IND,0.1802609981225757,2021,2018,2021,0.2678456125035599,0.5116649729918855,-0.020434969947451635,-0.023883789777755737,No clear change point
Overall,IRL,0.18731879389323886,2021,2018,2021,0.2762767352008442,0.4605216694258262,-0.006120081458772932,0.00036710500717163086,No clear change point
Overall,IRN,0.21952436681146928,2004,2004,2007,0.274990440342992,0.6241920429671503,-0.022839993238449097,-0.018675472055162703,No clear change point
Overall,IRQ,0.19329104570959843,2004,2004,2007,0.27839565667815563,0.472777628970196,-0.022584058344364166,-0.01778198565755572,No clear change point
Overall,ISL,0.18269206987051692,2021,2004,2007,0.2558963005086512,0.48805755639449844,-0.003264867124103364,-0.0009592771530151367,No clear change point
Overall,ISR,0.19099573350941704,2021,2018,2021,0.2643050008444636,0.5831055817977483,0.0028209402447655087,0.0069093406200408936,No clear change point
Overall,ITA,0.1884313648363494,2021,2004,2007,0.2733727405446855,0.5269794711929525,-0.002257433675584339,0.000265270471572876,No clear change point
Overall,JAM,0.21226957555130468,2004,2004,2007,0.2756807815664977,0.3467834209648675,-0.0047906264662742615,-0.014073365146205538,No clear change point
Overall,JOR,0.31830692998013704,2004,2004,2007,0.3266307471538454,0.8545784039079387,-0.03890649229288101,-0.01226936990306491,No clear change point
Overall,KAZ,0.16744865414913335,2021,2018,2021,0.2536487577430737,0.4455977212083447,-0.016684788323584058,-0.016295135021209717,No clear change point
Overall,KEN,0.3013790162232319,2004,2004,2007,0.2826990303071083,0.8423928233947297,-0.02781522274017334,-0.008547310318265642,No clear change point
Overall,KGZ,0.22557134524225952,2004,2004,2007,0.27829815719127504,0.2418726730450239,0.0002450793981552124,-0.012027784472420103,No clear change point
Overall,KHM,0.1944390024136245,2004,2004,2007,0.257023289588494,0.6694697707099112,-0.03200462460517883,-0.027729888757069904,No clear change point
Overall,KIR,0.20543662424786566,2004,2018,2021,0.2631697815166135,0.6702186608630436,-0.013930849730968475,-0.012066551617213659,No clear change point
Overall,KOR,0.21984857105675334,2004,2004,2007,0.25133499606306686,0.3134802337821068,0.014204300940036774,-0.000623097022374471,No clear change point
Overall,LAO,0.444574046141966,2004,2004,2007,0.3502736085084437,0.9298233865381982,-0.053841203451156616,-0.016512958776383174,No clear change point
Overall,LBN,0.3910046412608336,2011,2009,2012,0.25431285577586865,0.15341276631909254,0.021025430072437633,-0.003951641065733773,No clear change point
Overall,LBR,0.24536275334054358,2004,2004,2007,0.2697609114584524,0.6350190402766518,0.0033949315547943115,0.0046423616863432385,No clear change point
Overall,LKA,0.1693951319403469,2004,2004,2007,0.25686737365387524,0.3854468451845206,-0.011420279741287231,-0.009943652011099317,No clear change point
Overall,LSO,0.18666911176058384,2021,2004,2007,0.2548502882848702,0.5405548289730541,-0.013219550961539858,-0.007899440824985504,No clear change point
Overall,LTU,0.44630804913678035,2004,2004,2007,0.27718200042169333,0.06200434172931712,0.03236297145485878,0.002391429174514044,No clear change point
Overall,LUX,0.18559168892520475,2021,2018,2021,0.25831364884291447,0.5696371632048289,-0.0005212908699398949,0.0025441348552703857,No clear change point
Overall,LVA,0.27799346388533375,2004,2004,2007,0.3231096802627998,0.223357269150655,0.019846640527248383,-0.003221385535739717,No clear change point
Overall,MAR,0.17435639192806074,2004,2018,2021,0.26009994757868665,0.5103906367711305,-0.024088114500045776,-0.01997475680850801,No clear change point
Overall,MDA,0.2912994123126613,2004,2004,2007,0.37902527358334737,0.1697044050626973,0.024155400693416595,-0.005276495502108619,No clear change point
Overall,MDG,0.19087446800460023,2004,2018,2021,0.25685134694335027,0.6704366414308095,-0.019858911633491516,-0.009090466158730643,No clear change point
Overall,MDV,0.18305131387336337,2004,2004,2007,0.262853936259865,0.6901290072781455,-0.03849568963050842,-0.029415474051520937,No clear change point
Overall,MEX,0.16664150938890365,2021,2018,2021,0.2636925387414946,0.4476977661742413,-0.023186531095277695,-0.026917818933725357,No clear change point
Overall,MKD,0.1928883689799606,2021,2018,2021,0.27410077634753505,0.2905479830403667,0.009989981140409197,-0.0019132494926452637,No clear change point
Overall,MLI,0.1843639632816962,2004,2018,2021,0.26131715053527643,0.5016589544462721,-0.0011805742979049683,-0.0038549843288603284,No clear change point
Overall,MMR,0.17748606849038148,2004,2004,2007,0.27309188394264977,0.47485362269868736,-0.005753017961978912,-0.007530597703797477,No clear change point
Overall,MNE,0.24828926455201344,2004,2004,2007,0.3204490514957339,0.2418339418950195,0.02360011637210846,0.0016448526155380975,No clear change point
Overall,MNG,0.19421649746399317,2004,2004,2007,0.28520160334962086,0.5162856913637965,-0.029925495386123657,-0.02744620896521069,No clear change point
Overall,MOZ,0.1775223956494601,2004,2004,2007,0.26785736526549503,0.5287110549776631,-0.011264875531196594,-0.008653385298592704,No clear change point
Overall,MRT,0.20745221169703704,2004,2004,2007,0.27629900092653364,0.6098178349181326,-0.0051306262612342834,-0.0033114680222102576,No clear change point
Overall,MUS,0.18430821176046217,2021,2018,2021,0.264964918966337,0.5723097329596081,-0.011551090649196079,-0.006937198340892792,No clear change point
Overall,MWI,0.18973558562376094,2021,2004,2007,0.2572220361875037,0.6332386607782263,-0.015208116599491665,-0.00945822149515152,No clear change point
Overall,MYS,0.20063761061568783,2004,2004,2007,0.2637273538748391,0.5352815132174884,-0.014687299728393555,-0.01314335422856467,No clear change point
Overall,NAM,0.18199526513310338,2021,2018,2021,0.27236044068134935,0.5208704856043824,-0.01611531490371341,-0.01579059660434723,No clear change point
Overall,NER,0.1859298583970233,2021,2018,2021,0.25279601799636825,0.7056380611145501,-0.01115789158003671,-0.0032447874546051025,No clear change point
Overall,NGA,0.34619414334903026,2004,2004,2007,0.3674894784702706,0.8784213245522073,-0.03927139192819595,-0.002982325497127715,No clear change point
Overall,NIC,0.2363754791686366,2021,2018,2021,0.3016573602815972,0.38089568823784253,0.014621720427558535,-0.004584997892379761,No clear change point
Overall,NLD,0.2067235773793423,2004,2004,2007,0.2776076217229497,0.6977863276601252,-0.01692894846200943,-0.0029850417659396215,No clear change point
Overall,NOR,0.17086590614891706,2021,2018,2021,0.2671014371746383,0.48874319506930497,-0.0010254837217785063,-0.00034800171852111816,No clear change point
Overall,NPL,0.24098993775028732,2004,2004,2007,0.3142114867294425,0.8005720242027218,-0.04866334795951843,-0.025778927086364655,No clear change point
Overall,PAK,0.16800630149778237,2004,2004,2007,0.2584175732780575,0.5267779481884367,-0.022468596696853638,-0.014981225842521304,No clear change point
Overall,PAN,0.2145223600976613,2004,2004,2007,0.3072549286826423,0.6560342224108304,-0.030702762305736542,-0.009898754812422254,No clear change point
Overall,PER,0.287928238057562,2004,2004,2007,0.3501836450148665,0.7861339118509016,-0.05135078728199005,-0.023625450474875312,No clear change point
Overall,PHL,0.18728370664414803,2004,2004,2007,0.2902331854071499,0.5916700084325902,-0.02177014946937561,-0.010581514665058682,No clear change point
Overall,POL,0.2873254057985783,2004,2004,2007,0.2954500361047266,0.22536689634204346,0.013595208525657654,-0.005848800852185204,No clear change point
Overall,PRT,0.19484444087765657,2021,2004,2007,0.2583124941779059,0.32351079515550885,0.004884396280561174,0.0031992346048355103,No clear change point
Overall,PRY,0.1821692797399375,2021,2018,2021,0.24978760922628246,0.341162856622176,-0.028091213532856533,-0.033953532576560974,No clear change point
Overall,PSE,0.16918721313103066,2021,2004,2007,0.26683892194112524,0.6787451580092159,-0.01921708385149638,-0.007850892841815948,No clear change point
Overall,ROU,0.2766672161731054,2004,2004,2007,0.30162696876503947,0.2256804771114834,0.023280102759599686,0.0039092202981313075,No clear change point
Overall,RUS,0.16109589206360134,2004,2004,2007,0.26967092916319246,0.49925335697109957,0.02327987551689148,0.013571490134511675,No clear change point
Overall,RWA,0.18660619801302844,2004,2004,2007,0.26061533152328137,0.430153128829428,0.00166243314743042,-0.0042039964880262095,No clear change point
Overall,SDN,0.18348180790197902,2004,2004,2007,0.26126119536056874,0.6343062173889065,-0.022085614502429962,-0.013314004455293928,No clear change point
Overall,SEN,0.19511969835290863,2004,2004,2007,0.2843510512818567,0.6800155748929526,-0.032978445291519165,-0.016177113567079817,No clear change point
Overall,SLB,0.16807350357163423,2004,2004,2007,0.2593108308289734,0.4987944429866459,-0.010215327143669128,-0.012747791551408313,No clear change point
Overall,SLE,0.22424543313938472,2004,2018,2021,0.24958048455852627,0.28262224926098606,0.002434179186820984,0.0013639586312430246,No clear change point
Overall,SLV,0.16406378224604867,2004,2018,2021,0.26519881856535116,0.6130267559666288,-0.024608708918094635,-0.021518127549262273,No clear change point
Overall,SOM,0.21311021228728855,2004,2004,2007,0.257759299130774,0.6537686661334229,-0.010851934552192688,-0.011875338497615996,No clear change point
Overall,SRB,0.18122496264364776,2004,2018,2021,0.26029213399063467,0.3979021880238558,0.01136830449104309,0.011191738503319875,No clear change point
Overall,SSD,0.25544866935775645,2004,2004,2007,0.24433275149440695,0.31309194057207684,0.03431972861289978,0.029082880133674258,No clear change point
Overall,STP,0.19292430490127327,2004,2004,2007,0.2764028113010244,0.5190342608581525,-0.004526615142822266,-0.003087164390654791,No clear change point
Overall,SVK,0.21031922753800827,2004,2004,2007,0.27044407161252026,0.36514185906039154,0.010291539132595062,0.00090670869463966,No clear change point
Overall,SWE,0.17710647254752274,2004,2004,2007,0.2594534328891283,0.4458065362683844,0.004395216703414917,-0.0016573454652513775,No clear change point
Overall,SWZ,0.17948127090094193,2004,2004,2007,0.2735422002332425,0.4878421218056505,-0.010827168822288513,-0.012662615094866072,No clear change point
Overall,SYR,0.19183624865221893,2021,2018,2021,0.26204406292505456,0.5460991550454668,-0.0015209771337963286,-0.0007152482867240906,No clear change point
Overall,TCD,0.25510865359056606,2021,2018,2021,0.29280674189972167,0.2181173108277526,0.011434414557048253,-0.008274607360363007,No clear change point
Overall,TGO,0.19516496663720212,2004,2004,2007,0.26078631461710255,0.5654610978445583,-0.007921084761619568,-0.006789240099134899,No clear change point
Overall,THA,0.35981727462706575,2004,2004,2007,0.2593851552129006,0.9050190715551157,-0.051292724907398224,-0.025553533009120395,No clear change point
Overall,TJK,0.2121299749101701,2021,2018,2021,0.2797453926159269,0.617238571560869,-0.02342657141742252,-0.012726306915283203,No clear change point
Overall,TKM,0.20963125656811457,2004,2004,2007,0.2716409090607752,0.5232348603539113,-0.0061093829572200775,-0.00462664592833746,No clear change point
Overall,TLS,0.23897127689623887,2004,2004,2007,0.2739326884703403,0.646653127547131,-0.03175319731235504,-0.020972557011104766,No clear change point
Overall,TON,0.18554301731545592,2004,2004,2007,0.28065689889681816,0.5613049513288018,-0.016919322311878204,-0.009962333809761775,No clear change point
Overall,TTO,0.49785819875396903,2009,2009,2012,0.3237418827435267,0.925847864670358,-0.037309002545144826,-0.0042841993272304535,No clear change point
Overall,TUN,0.21237313679942424,2004,2004,2007,0.3214275855594861,0.690112153499633,-0.054165057837963104,-0.03496602745283218,No clear change point
Overall,TUR,0.1853518703278759,2004,2004,2007,0.26608925435490693,0.43576974781210465,-0.013462074100971222,-0.012501929487500871,No clear change point
Overall,TZA,0.1766228468949283,2021,2018,2021,0.2651801684181915,0.6035260541067323,-0.017665410325640722,-0.012331351637840271,No clear change point
Overall,UGA,0.19440843212039982,2004,2004,2007,0.27317954858239213,0.6932107964689388,-0.03354288637638092,-0.020122806231180828,No clear change point
Overall,UKR,0.26925117818532435,2004,2004,2007,0.3684228433646095,0.3634988013846042,0.011838510632514954,-0.016916905840237934,No clear change point
Overall,URY,0.20538705341174676,2021,2018,2021,0.262185743779405,0.6907612751028228,-0.038755069176356,-0.02731991559267044,No clear change point
Overall,USA,0.18438910148856982,2004,2004,2007,0.265141438927636,0.3596566817138252,0.009505465626716614,0.004124337718600319,No clear change point
Overall,UZB,0.22145106522469107,2004,2004,2007,0.28873456484648596,0.2843365431236153,-0.00043189898133277893,-0.013812875463849022,No clear change point
Overall,VEN,0.22597512190122365,2004,2004,2007,0.2613277484473913,0.3548671593388876,-0.01210041344165802,-0.02445236203216371,No clear change point
Overall,VNM,0.23429304352537328,2004,2004,2007,0.273137946776083,0.7254197123279076,-0.03220926225185394,-0.021090683482942126,No clear change point
Overall,WSM,0.2672543685108372,2004,2004,2007,0.30723797312367473,0.7913678070100651,-0.03199790418148041,-0.00958960751692454,No clear change point
Overall,XKX,0.2617211949137532,2004,2004,2007,0.24540463120888334,0.26696733354744634,0.024380046874284744,0.014231130480766296,No clear change point
Overall,YEM,0.17336707510053131,2004,2004,2007,0.2587817299273143,0.48525806208055833,-0.021734967827796936,-0.016918630827040898,No clear change point
Overall,ZAF,0.17489021314317718,2004,2004,2007,0.2603404332319097,0.6467486533138485,-0.022640973329544067,-0.019019020455224175,No clear change point
Overall,ZMB,0.161822138846237,2021,2018,2021,0.25998063980807423,0.6515270165961304,-0.019771865436009,-0.01419871300458908,No clear change point
Overall,ZWE,0.23071872025319123,2004,2004,2007,0.2772481074535034,0.7566825990991589,-0.0409005731344223,-0.02359293330283392,No clear change point
Health,AFG,0.4864035391633221,2007,2007,2010,0.2652895845402823,0.9920743734945034,-0.003762636865888323,0.011845864355564117,No clear change point
Health,AGO,0.18355876050416128,2021,2018,2021,0.3233300909446774,0.6523452180968172,-0.0040096016157241095,-0.001824021339416504,No clear change point
Health,ALB,0.3055689776284824,2020,2018,2021,0.40687193554934686,0.40168454656463076,-0.040460224449634555,0.003655660152435303,No clear change point
Health,AND,0.10221989148996899,2004,2004,2007,0.3088179553993331,0.4775170776818709,0.0004683583974838257,-0.00010935749326433455,No clear change point
Health,ARE,0.09803974739229351,2004,2004,2007,0.30287004228678926,0.5228914820361628,-0.0003133714199066162,1.4475413731166391e-07,No clear change point
Health,ARG,0.25295385723557046,2013,2011,2014,0.3203825870166728,0.8771690997954562,0.012631755608778734,0.03176105270783106,No clear change point
Health,ARM,0.6522095469194287,2016,2014,2017,0.4831746033779653,0.9996316681009922,0.02827662043273449,0.06982472870084974,Divergence (gap began widening faster)
Health,ATG,0.42536873471568626,2020,2018,2021,0.5381562602044516,0.5346724889359696,-0.027266864851117133,0.02966318726539612,No clear change point
Health,AUS,0.24081763068619563,2021,2018,2021,0.25812070438992196,0.6357729461728588,-0.011671631109146844,-0.010189622640609741,No clear change point
Health,AUT,0.09319542814764442,2004,2004,2007,0.2961850271627051,0.4380705628744393,0.0011944770812988281,5.4751123700823105e-06,No clear change point
Health,AZE,0.7782800111922257,2018,2016,2019,0.5273489041421544,0.9993679445322782,0.0005388682087262471,0.03476556922708239,Divergence (gap began widening faster)
Health,BDI,0.14223045464759004,2004,2004,2007,0.3365901951364357,0.3546903219565661,0.006695114076137543,0.0004774488153911772,No clear change point
Health,BEL,0.11627305269824852,2004,2004,2007,0.3249267597062755,0.46596336375368586,0.0026082247495651245,-0.00033790440786452523,No clear change point
Health,BEN,0.41205136641652,2008,2005,2008,0.3037224580970944,0.9895701333803051,-0.028432026505470276,-0.01490848555284388,No clear change point
Health,BFA,0.9176128782384511,2008,2006,2009,0.5868101290986715,1.0,-0.08484971523284912,-0.03559533813420464,Divergence (gap began widening faster)
Health,BGD,0.19007404720879761,2004,2004,2007,0.36262354440999783,0.8315295093548827,-0.02793099731206894,-0.018794198830922447,No clear change point
Health,BGR,0.11007053156546796,2004,2004,2007,0.3117609124843096,0.4692320421062765,0.0018614120781421661,-0.00012051651165598914,No clear change point
Health,BIH,0.37197905935373554,2020,2018,2021,0.3346764498244161,0.11325763012745985,0.007684056460857391,-0.0035572886466979977,No clear change point
Health,BLR,0.7496179389746765,2020,2018,2021,0.7924810565287486,0.20741712425465997,0.041356871277093886,-0.03187357783317566,Convergence break (gap began closing faster)
Health,BLZ,0.2231676991685601,2004,2004,2007,0.3713328946884174,0.5709368388233671,0.015613497234880924,0.02292302144425256,No clear change point
Health,BOL,0.5036347652300728,2007,2006,2009,0.3458754013715825,0.9924564686983398,-0.0231182404926845,-0.006117557485898336,Divergence (gap began widening faster)
Health,BRA,0.5892367667649928,2016,2016,2019,0.3573382649724743,0.9859016700270706,0.0007955785840749741,0.01842320296499464,Divergence (gap began widening faster)
Health,BTN,0.4932662234208965,2021,2018,2021,0.5868539550884342,0.04105330460926129,-0.029851562742676054,-0.054064325988292694,No clear change point
Health,BWA,0.09556472952873339,2004,2004,2007,0.29596112130436286,0.44696965313713444,-0.01364646852016449,-0.014523111638568696,No clear change point
Health,CAF,0.09660630119069831,2004,2004,2007,0.2913283470016166,0.6402454319731157,-0.0012423992156982422,-0.0027326388018471853,No clear change point
Health,CAN,0.87575947643663,2012,2010,2013,0.8626355804029413,0.023168430382943774,0.010427966713905334,-0.024192878833183877,Convergence break (gap began closing faster)
Health,CHE,0.10142077363502108,2004,2004,2007,0.30749039738393574,0.5007138191901016,0.0013730227947235107,9.720382236299061e-05,No clear change point
Health,CHL,0.540983062408683,2021,2018,2021,0.6839204954829761,0.00010025337690595635,-0.01593492996124994,-0.18842636793851852,Convergence break (gap began closing faster)
Health,CHN,0.1499788194286887,2004,2018,2021,0.2590262577520002,0.8431007001371651,-0.005189135670661926,-0.006638937053226289,No clear change point
Health,CIV,0.27077506787094757,2004,2004,2007,0.30193012667447305,0.9596148488386941,-0.021664224565029144,-0.012099985565458025,No clear change point
Health,CMR,0.10872090883262249,2004,2004,2007,0.3066239877879022,0.6082296462027722,0.0030936747789382935,0.005563577016194662,No clear change point
Health,COD,0.2527161113918176,2021,2018,2021,0.4297307400910585,0.32636118719852164,0.017335403533208938,7.680058479309082e-05,No clear change point
Health,COG,0.24760956356179384,2021,2018,2021,0.3818684881592712,0.34083592573376476,0.012248541627611433,0.005955159664154053,No clear change point
Health,COL,0.9976546618934153,2021,2018,2021,0.9564936627728168,0.9999796450463398,0.011591401128541855,0.08199650049209595,Divergence (gap began widening faster)
Health,COM,0.21063136435628002,2004,2004,2007,0.33387752712635477,0.9098838542056396,-0.023964181542396545,-0.01774463199433826,No clear change point
Health,CPV,0.415054845589437,2005,2004,2007,0.3826922680047927,0.9888850519744752,-0.029554420709609987,-0.013244453072547912,No clear change point
Health,CRI,0.5709265084137756,2021,2018,2021,0.5256551566048854,0.020957114443995905,-0.00805105623744783,-0.03171664476394653,Convergence break (gap began closing faster)
Health,CUB,0.26258160771510897,2021,2018,2021,0.344195440558947,0.08984429345540727,-0.00689609455210822,-0.02076098881661892,No clear change point
Health,CYP,0.24405628712398994,2005,2004,2007,0.4453824347232179,0.5901006087367249,0.0036536574363708494,0.01665932834148407,No clear change point
Health,CZE,0.9912282627085773,2015,2014,2017,0.9660062458302971,0.9984375947584485,-0.05170371532440185,-0.0013234972953796386,Divergence (gap began widening faster)
Health,DEU,0.10247611436491036,2004,2004,2007,0.30697034214020985,0.4932518078581727,0.0005358606576919556,2.2820063999720986e-06,No clear change point
Health,DJI,0.21639380952748954,2021,2010,2013,0.2576898524557747,0.7852168200986805,0.0032507919129871185,0.0004595071077346802,No clear change point
Health,DMA,0.2396833004133866,2004,2004,2007,0.25402723369449537,0.5333601117755855,-0.010361649096012115,-0.008964273546423231,No clear change point
Health,DNK,0.10148606684351563,2004,2004,2007,0.30739016696500754,0.5347463267857724,-0.0008723586797714233,5.967276436941964e-05,No clear change point
Health,DOM,0.114415028047779,2004,2004,2007,0.2984248013853097,0.7068838761123988,0.0035292841494083405,0.004725925269581023,No clear change point
Health,DZA,0.17716114873343025,2021,2009,2012,0.26714562470237213,0.3023610641659855,-0.015407060583432514,-0.00551435723900795,No clear change point
Health,ECU,0.17773585125378374,2004,2004,2007,0.3370511829909795,0.8909582761948828,-0.009395040571689606,-0.002071858161971683,No clear change point
Health,EGY,0.576622365575933,2016,2014,2017,0.4288115463886449,0.9970903745419022,0.01667346339672804,0.04725590017106798,Divergence (gap began widening faster)
Health,ERI,0.7106903897527806,2009,2007,2010,0.3961033932779288,0.948238882809455,-0.06727492147021824,-0.030658651143312454,Divergence (gap began widening faster)
Health,ESP,0.09664630337603355,2004,2004,2007,0.30280483977805545,0.5028926385647537,-0.00044511258602142334,-0.00017681575956798734,No clear change point
Health,EST,0.7056575762258988,2009,2007,2010,0.7601798468647745,0.04189193976411059,0.007161902056799995,-0.019708171486854553,Convergence break (gap began closing faster)
Health,ETH,0.9327194641495317,2005,2004,2007,0.6344870595626316,1.0,-0.06017190217971802,-0.01432705521583557,Divergence (gap began widening faster)
Health,FIN,0.09562267674993492,2004,2004,2007,0.29804299573227716,0.4988064668734381,4.240870475769043e-05,-8.775506700788225e-05,No clear change point
Health,FJI,0.5158896314843213,2021,2004,2007,0.3932447038367086,0.4227838930215924,-0.03094461915038881,-0.003932550549507141,Convergence break (gap began closing faster)
Health,FRA,0.09727676421273239,2004,2004,2007,0.29675265195273054,0.4895030127995446,0.0003116428852081299,-1.0104406447637648e-05,No clear change point
Health,GAB,0.11642770896438645,2004,2004,2007,0.294193194669612,0.7321118124424413,0.00258655846118927,0.004646050078528268,No clear change point
Health,GBR,0.09917645189778895,2004,2004,2007,0.3039096470535066,0.4659829422330769,0.0009568929672241211,-9.623879478091286e-05,No clear change point
Health,GEO,0.7432272089203209,2021,2018,2021,0.4273511418044344,0.9967288552118724,0.008089411826360794,0.03476954996585846,Divergence (gap began widening faster)
Health,GHA,0.7890122053038107,2007,2006,2009,0.530798008110803,0.9998553380939357,-0.042687382016863146,-0.01201419366730584,Divergence (gap began widening faster)
Health,GIN,0.6877882463921307,2006,2005,2008,0.3822448978242094,0.997009506477176,-0.032453328371047974,-0.009201063921577053,Divergence (gap began widening faster)
Health,GMB,0.3349781936634797,2005,2004,2007,0.4679925809929527,0.6367902576529904,0.02561589777469635,0.04463695138692856,No clear change point
Health,GNB,0.7670529308245563,2008,2006,2009,0.5633005866746399,1.0,-0.09313569217920303,-0.01138731136041529,Divergence (gap began widening faster)
Health,GNQ,0.2606369115443764,2021,2018,2021,0.37900976534242237,0.6235694522392434,-0.005614684451194037,-0.0031825080513954163,No clear change point
Health,GRC,0.16931583278872583,2018,2017,2020,0.32203072348421735,0.7450734347637652,-0.010097833143340217,-0.0006523728370666504,No clear change point
Health,GTM,0.10459567279878022,2004,2004,2007,0.30344585832318294,0.5030573131902315,-0.009003154933452606,-0.009393779294831412,No clear change point
Health,GUY,0.10141528365041828,2004,2004,2007,0.3043129021698356,0.5591287642204067,-0.007255032658576965,-0.004750584562619528,No clear change point
Health,HND,0.11085390535744623,2004,2004,2007,0.3050323273020866,0.652983025229411,-0.004865050315856934,-0.0034955300035930817,No clear change point
Health,HRV,0.23064158233653673,2021,2018,2021,0.37248704260627413,0.5286853153189288,0.00024711163271041146,-0.0016399882733821869,No clear change point
Health,HTI,0.10663007938546293,2004,2004,2007,0.3023858792297656,0.5040411708374808,-0.017222464084625244,-0.01385840064003354,No clear change point
Health,HUN,0.09284256077781111,2004,2004,2007,0.3008144971385632,0.5206885426697947,-0.00016164779663085938,4.43714005606515e-05,No clear change point
Health,IDN,0.22113902161010196,2021,2018,2021,0.4081811605698954,0.24077184171327182,-0.018007883713358923,-0.03379535302519798,No clear change point
Health,IND,0.9972915053748486,2004,2004,2007,0.9624245441488203,1.0,-0.1885976567864418,-0.035136233837831585,Divergence (gap began widening faster)
Health,IRL,0.09562195731798649,2004,2004,2007,0.2987737758289001,0.44213359519890716,-0.00027150847017765045,-0.001607176803407215,No clear change point
Health,IRN,0.11166431687281148,2021,2004,2007,0.2723574555379548,0.42595461849915706,-0.010301238014584496,-0.0006405934691429138,No clear change point
Health,IRQ,0.6331113820351761,2019,2017,2020,0.7379670124657027,0.18353714786777178,0.008481642917582863,-0.05170419315497081,Convergence break (gap began closing faster)
Health,ISL,0.0999203165720038,2004,2004,2007,0.30532687977776685,0.4594564734127129,0.0002929568290710449,-0.0001583070982070196,No clear change point
Health,ISR,0.9768666432945068,2017,2015,2018,0.9188444817937277,0.9992482465541207,0.0012548250310561236,0.0432983860373497,Divergence (gap began widening faster)
Health,ITA,0.0944073834977988,2004,2004,2007,0.2935385013727823,0.5016656637612984,0.0002714395523071289,-3.0497709910074868e-05,No clear change point
Health,JAM,0.16994266541248199,2004,2018,2021,0.2754676129929371,0.13000181808407338,-0.005071126390248537,-0.008009229564950579,No clear change point
Health,JOR,0.1352410490620576,2004,2004,2007,0.31370937360318285,0.25904348595025684,0.005635619163513184,0.0031294070539020355,No clear change point
Health,KAZ,0.33069947083413354,2021,2018,2021,0.44480523955779905,0.5121315670728034,-0.02193079534031096,-0.0007186532020568848,No clear change point
Health,KEN,0.10612858532262642,2004,2004,2007,0.3039969618467189,0.611155001279599,-0.008410826325416565,-0.007258777107511247,No clear change point
Health,KGZ,0.29057841421363234,2021,2012,2015,0.3130326956174965,0.15081035805288512,-0.0365348600205921,0.0002810955047607422,No clear change point
Health,KHM,0.9819606295492901,2005,2004,2007,0.8633415632396666,1.0,-0.25480196475982664,-0.03372122198343277,Divergence (gap began widening faster)
Health,KIR,0.12414356239671175,2021,2018,2021,0.28321774919705345,0.6510698858582736,-0.01965059410958063,-0.010814853012561798,No clear change point
Health,KOR,0.2359543729169176,2021,2018,2021,0.2534065530067052,0.5537197469043964,-0.01331151667095366,-0.010154098272323608,No clear change point
Health,LAO,0.9662403669131845,2016,2014,2017,0.5365561696949815,1.0,-0.015274012461304665,0.04517756568060981,Divergence (gap began widening faster)
Health,LBR,0.32984845439677757,2006,2004,2007,0.5169300854977796,0.22250590833252695,-0.0004342695077260335,-0.01521903590152138,No clear change point
Health,LCA,0.3444820472591904,2015,2013,2016,0.4085695048086609,0.7858728342577663,-0.009761085485418639,0.0065141282975673676,No clear change point
Health,LKA,0.6661754277978464,2021,2018,2021,0.6893606488792141,0.9820260134857907,0.005028358172802698,0.0384824201464653,Divergence (gap began widening faster)
Health,LSO,0.6631843037308127,2004,2004,2007,0.42892716032304057,0.9971426238393224,-0.040606141090393066,-0.01779288195428394,Divergence (gap began widening faster)
Health,LTU,0.2060356166240465,2020,2018,2021,0.29170380363322435,0.10422635330426455,-0.012056225538253784,-0.023067492246627807,No clear change point
Health,LUX,0.10383329376525496,2004,2004,2007,0.30217745680155406,0.49066632522141673,-0.0009371712803840637,-0.001871852647690546,No clear change point
Health,LVA,0.2887113872524674,2015,2014,2017,0.33652953366452854,0.8041544214027467,-0.015289205312728881,-0.0024702876806259157,No clear change point
Health,MAR,0.401869904599239,2004,2004,2007,0.35984942121826374,0.9255594055215246,-0.00280047208070755,0.015704186189742314,No clear change point
Health,MDA,0.16851926384400515,2004,2004,2007,0.2947022581447712,0.12853965592721248,-0.010478056967258453,-0.01665334687346504,No clear change point
Health,MDG,0.6799144628906039,2005,2004,2007,0.439708769419892,1.0,-0.032561862468719484,-0.008455383777618408,Divergence (gap began widening faster)
Health,MDV,0.9999995088269111,2021,2018,2021,0.999998237098835,2.5368781490992445e-08,0.008476746933800834,-0.234073668718338,Convergence break (gap began closing faster)
Health,MEX,0.1804705419077358,2020,2018,2021,0.29443496772178324,0.09651895233520294,-0.01574098542332649,-0.026706986129283905,No clear change point
Health,MHL,0.3128869951714096,2005,2004,2007,0.4714386120587568,0.09659263147676439,-0.004753559827804565,-0.01857980638742447,No clear change point
Health,MKD,0.7002611770130097,2020,2018,2021,0.8402962907399877,0.11966500130590839,0.01662009209394455,-0.03474512696266174,Convergence break (gap began closing faster)
Health,MLI,0.45770585730930846,2004,2004,2007,0.3433135585115147,0.983091527709714,-0.02889375388622284,-0.01416196141924177,No clear change point
Health,MLT,0.08951968132940959,2004,2004,2007,0.2963542478472227,0.5301469158072369,-0.001867249608039856,-0.00011387609300159273,No clear change point
Health,MMR,0.1155040821865758,2004,2004,2007,0.2837822992488221,0.4930772402969082,-0.009188394993543625,-0.011624136850947426,No clear change point
Health,MNE,0.4034965819131331,2020,2018,2021,0.5791327292486008,0.36899115619507145,0.05955573581159115,0.004048442840576172,No clear change point
Health,MNG,0.24998842314159808,2004,2004,2007,0.25237200948114147,0.9491610165133565,-0.006591424345970154,0.0023063846996852332,No clear change point
Health,MOZ,0.9530282056899442,2006,2005,2008,0.6119812414594865,1.0,-0.057223305106163025,-0.010124302224109047,Divergence (gap began widening faster)
Health,MRT,0.8801605367417131,2009,2008,2011,0.33024885835518797,0.9999312216905736,-0.012514796521928575,0.01790914498269558,Divergence (gap began widening faster)
Health,MUS,0.10480846137559817,2004,2004,2007,0.2980303099004899,0.7073093389454734,0.00032367557287216187,0.0032073348051025754,No clear change point
Health,MWI,0.3266659398509161,2004,2012,2015,0.2588977883317205,0.7870153721437257,-0.008626580238342285,-0.03142897288004557,No clear change point
Health,MYS,0.11231692550195546,2021,2004,2007,0.278039822136577,0.37559848620667524,-0.010870309103102911,-0.0026160776615142822,No clear change point
Health,NAM,0.17339630547314472,2004,2004,2007,0.28957917095385594,0.8561224626960999,-0.02476774901151657,-0.02085313910529727,No clear change point
Health,NER,0.5039968891669014,2004,2004,2007,0.3644669479217424,0.9893399050730137,-0.014575198292732239,0.002567424660637265,Divergence (gap began widening faster)
Health,NGA,0.10114937940621259,2004,2004,2007,0.3055963267510813,0.5387999397521424,0.01708368957042694,0.018523789587475005,No clear change point
Health,NIC,0.21454493421723655,2021,2018,2021,0.2644208345337815,0.5068428279090746,-0.0034258394014267694,-0.003867104649543762,No clear change point
Health,NLD,0.09877262325276927,2004,2004,2007,0.30490681861021685,0.5021947073488399,0.0006457194685935974,-2.0820470083327523e-05,No clear change point
Health,NOR,0.09364009010247154,2004,2004,2007,0.3004218950754664,0.5259882459239899,-0.0008848905563354492,-6.914706457228888e-05,No clear change point
Health,NPL,0.39342923770667826,2004,2004,2007,0.5138734301795052,0.7657649505030235,-0.04445386677980423,-0.025758887685480573,No clear change point
Health,NZL,0.10114972007827326,2004,2004,2007,0.3025035427669447,0.4927916991604488,0.0008264333009719849,-6.735324859619141e-06,No clear change point
Health,OMN,0.10635047706637428,2014,2011,2014,0.28223662321681176,0.33661463725652896,-0.004647308162280492,-0.05055602030320601,No clear change point
Health,PAK,0.24858771948513947,2004,2004,2007,0.36060140411479863,0.6391291225301095,-0.005855076014995575,-0.020363694145565943,No clear change point
Health,PAN,0.9920082597451053,2021,2018,2021,0.8636446066024637,0.9998123969469392,0.013629415205546787,0.07084710150957108,Divergence (gap began widening faster)
Health,PER,0.10470736545272744,2004,2004,2007,0.2967592290732942,0.6864970275576744,-0.014994658529758453,-0.0131244162718455,No clear change point
Health,PHL,0.27715969742568286,2021,2018,2021,0.34020020708158144,0.04847858653092068,-0.011678598821163177,-0.026178822852671146,No clear change point
Health,PLW,0.7266019160066289,2018,2016,2019,0.5286428731337467,0.0040748066105724835,-0.012254148721694946,-0.04397342886243548,Convergence break (gap began closing faster)
Health,PNG,0.3655218066722361,2005,2004,2007,0.5598265715720803,0.23130523088332083,-0.005895054340362549,-0.02321256846189499,No clear change point
Health,POL,0.4562337885792072,2018,2018,2021,0.5568613598316485,0.6071110787381653,-0.053475532266828746,0.007063431399209159,No clear change point
Health,PRK,0.3110683290237733,2020,2004,2007,0.3050256569376926,0.5851902034898476,0.016904096305370334,0.0032694101333618168,No clear change point
Health,PRT,0.41638466596535895,2018,2018,2021,0.5872912098723041,0.6778883602437827,-0.02266662319501241,0.001990701471056257,No clear change point
Health,PRY,0.9962681230594908,2021,2018,2021,0.9801412443008265,0.00016789943952985235,-0.020556735140936713,-0.09489632397890091,Convergence break (gap began closing faster)
Health,PSE,0.4016294878931961,2021,2018,2021,0.5641834513538498,0.9788300150044366,0.0020831553708939325,0.037733547389507294,No clear change point
Health,ROU,0.48880858143921524,2019,2017,2020,0.39367508802709295,0.9222080547866295,0.0006619534994426527,0.020114054282506306,No clear change point
Health,RUS,0.9996523280912158,2021,2018,2021,0.9837691957852261,0.9999918791013372,0.03852273630244391,0.17054615914821625,Divergence (gap began widening faster)
Health,RWA,0.5014036456810289,2019,2018,2021,0.40298846047311393,0.03439053670231576,-0.039152768097425766,-0.05715862909952799,Convergence break (gap began closing faster)
Health,SAU,0.48959995017943314,2014,2013,2016,0.4222074890697118,0.10145331857014404,0.022261968680790493,0.0006381869316101074,No clear change point
Health,SDN,0.5151091796639545,2015,2014,2017,0.34645241259972015,0.9014790630311164,-0.02699142098426819,-0.00421634316444397,Divergence (gap began widening faster)
Health,SEN,0.12480373628782639,2004,2004,2007,0.3021855594787994,0.7603902373715791,-0.022155672311782837,-0.018216830633935477,No clear change point
Health,SLB,0.09414305737096154,2004,2004,2007,0.29130975226752687,0.6199491092239982,-0.0007916241884231567,-0.000516355037689209,No clear change point
Health,SLE,0.1689399383355595,2004,2004,2007,0.24524776288642824,0.8865243703575811,-0.014066725969314575,-0.010327840135211036,No clear change point
Health,SLV,0.10892580513005366,2004,2004,2007,0.311965363500578,0.6744298486063747,-0.0002509690821170807,0.003066069313458034,No clear change point
Health,SMR,0.2386010459405441,2004,2004,2007,0.2632090481308532,0.5012621476344998,0.004202231764793396,-0.00104075102579026,No clear change point
Health,SOM,0.5008732319280647,2004,2004,2007,0.32104489782032974,0.9885254973187452,-0.04810337722301483,-0.031822284062703446,Divergence (gap began widening faster)
Health,SRB,0.35634809479953033,2019,2018,2021,0.4067002989039966,0.581116035817856,0.03879533629668386,0.006699457764625549,No clear change point
Health,SSD,0.3072208756210526,2004,2004,2007,0.3061173207196991,0.4866391792571597,0.007087334990501404,0.008974686974570864,No clear change point
Health,STP,0.12348629972724788,2004,2004,2007,0.27729844436648643,0.7671044072241072,-0.01008392870426178,-0.00758396585782369,No clear change point
Health,SUR,0.17155750156379262,2004,2004,2007,0.32293860112434275,0.8745574963576217,-0.016348160803318024,-0.007607099555787586,No clear change point
Health,SVK,0.8141307903978131,2007,2006,2009,0.7394131095283273,0.007566112149384732,0.06391097818102155,0.002813362412982517,Convergence break (gap began closing faster)
Health,SWE,0.09997173645444861,2004,2004,2007,0.2976741970491063,0.5848713946025106,-0.0036117136478424072,-0.005958378314971924,No clear change point
Health,SWZ,0.1226060706461366,2004,2004,2007,0.3062665526580883,0.22291967969473078,-0.028348494321107864,-0.03346443531059083,No clear change point
Health,SYR,0.13330737114635507,2004,2004,2007,0.29446605031535766,0.26429884908712503,-0.00483085960149765,-0.006082747663770403,No clear change point
Health,TCA,0.4066509965553482,2017,2016,2019,0.3781507269718323,0.7860533663660354,-0.02542930227868697,-0.0010976456105709076,No clear change point
Health,TCD,0.2077260189171335,2021,2018,2021,0.3213288052340901,0.5361669638712474,0.02272005875905355,0.007202714681625366,No clear change point
Health,TGO,0.47947137745260343,2018,2015,2018,0.31956051446538547,0.9305294497922652,-0.031095269653532237,-0.012581075940813338,No clear change point
Health,THA,0.9981385848500637,2021,2018,2021,0.9760209287680812,0.9999815799741821,0.010555043106987363,0.07899177819490433,Divergence (gap began widening faster)
Health,TJK,0.5028575595655588,2020,2018,2021,0.6469228444710301,0.7616528793857298,-0.03209313228726387,-0.007943004369735718,Divergence (gap began widening faster)
Health,TKM,0.8995859281685864,2020,2017,2020,0.8877911325976066,0.9990909892116587,0.0007496029138565063,0.09464011192321778,Divergence (gap began widening faster)
Health,TLS,0.7595685696423434,2008,2007,2010,0.5415010939895093,0.9949805388144037,-0.0623902902007103,-0.02863635341910755,Divergence (gap began widening faster)
Health,TON,0.5804474822422669,2011,2008,2011,0.4564596305865813,0.028575484285565726,-0.00692644173448736,-0.025857733828680854,Convergence break (gap began closing faster)
Health,TTO,0.37252374722124826,2004,2004,2007,0.34894337206625164,0.6934036826517042,0.020247377455234528,0.0202043354511261,No clear change point
Health,TUN,0.9999855697844517,2021,2018,2021,0.9993416699324453,0.0,-0.030799378951390587,-0.24479088187217712,Convergence break (gap began closing faster)
Health,TUR,0.5393240714315326,2019,2017,2020,0.6731319378858723,0.04801781608356457,-0.00017261818835609838,-0.04585375885168712,Convergence break (gap began closing faster)
Health,TUV,0.13026163289927703,2004,2004,2007,0.26137059299594545,0.20608343829177328,-0.00866013579070568,-0.010266655257769992,No clear change point
Health,TZA,0.9991590625822891,2004,2004,2007,0.9774284511557456,1.0,-0.1864590048789978,-0.010891714266368322,Divergence (gap began widening faster)
Health,UGA,0.10901506064940616,2004,2004,2007,0.3097066204011611,0.6475412109471307,-0.008563011884689331,-0.006511918136051723,No clear change point
Health,UKR,0.3985666520261584,2020,2018,2021,0.3835480458948121,0.01954622305460697,-0.015072426199913025,-0.03220974206924439,No clear change point
Health,URY,0.4509368487347347,2019,2017,2020,0.48474542176163005,0.00011588236034262824,-0.013502318608133416,-0.07081888616085052,No clear change point
Health,USA,0.9798347545895494,2015,2013,2016,0.9425209933700754,0.9992668463718613,0.002067883809407552,0.049559736251831056,Divergence (gap began widening faster)
Health,UZB,0.5919391483197789,2019,2018,2021,0.41921021625924904,0.014592356031048305,-0.026490991837099978,-0.04690224428971608,Convergence break (gap began closing faster)
Health,VCT,0.26793265118803433,2021,2018,2021,0.3930274889791271,0.5541121321866649,0.002533402471315293,0.001636367291212082,No clear change point
Health,VEN,0.24870526399886594,2021,2018,2021,0.25054195876639185,0.49970478099670956,-0.006730339356831142,-0.007190316915512085,No clear change point
Health,VNM,0.11388964435022601,2004,2004,2007,0.23161814429900585,0.9763214830234149,-0.01452576369047165,-0.003067990144093831,No clear change point
Health,VUT,0.23427163587095262,2004,2004,2007,0.43139059133839047,0.2030143920709793,-0.0017969459295272827,-0.013528709610303242,No clear change point
Health,WSM,0.11125564866248736,2004,2004,2007,0.29797093657820767,0.38104860278291874,-2.1182000637054443e-05,0.0004588195255824498,No clear change point
Health,YEM,0.18086966691695075,2004,2004,2007,0.37378773234925644,0.25964398891024887,-0.007952257990837097,-0.015328381742749895,No clear change point
Health,ZAF,0.1956375033806801,2021,2018,2021,0.27417219500053885,0.10681869914059075,-0.021518535912036896,-0.03155306540429592,No clear change point
Health,ZMB,0.5516284081438916,2021,2018,2021,0.29657599613445573,0.9958010968627713,-0.03610991012482416,-0.01461317390203476,Divergence (gap began widening faster)
Health,ZWE,0.28777049228010365,2005,2004,2007,0.43442525773774054,0.36677819012398616,-0.004814851284027099,-0.016861963272094726,No clear change point
Infrastructure,ABW,0.24554224741421812,2004,2018,2021,0.2570835265595098,0.5946448243484267,-0.0046770647168159485,-0.004580981674648467,No clear change point
Infrastructure,AFG,0.11116097730107974,2021,2018,2021,0.27420993642447095,0.5292922713431745,-0.006260481618699573,-0.005645282566547394,No clear change point
Infrastructure,AGO,0.1501685371067931,2021,2018,2021,0.29584612365315094,0.39376248800887126,-0.005192350773584275,-0.008641712367534637,No clear change point
Infrastructure,ALB,0.11369880453303137,2021,2018,2021,0.2801248902446657,0.5195887035870836,-0.0008948658193860735,-0.0019904300570487976,No clear change point
Infrastructure,AND,0.10446652611506718,2004,2004,2007,0.26481325683330453,0.5195734983944447,4.3801963329315186e-05,4.5044081551688055e-05,No clear change point
Infrastructure,ARE,0.10249218909342474,2021,2018,2021,0.268511697488513,0.5407115702257186,5.841822851271856e-05,0.0005465149879455566,No clear change point
Infrastructure,ARG,0.9450734706778202,2008,2007,2010,0.9420820714127569,0.011660040024439846,0.0029891803860664368,-0.02769335753777448,Convergence break (gap began closing faster)
Infrastructure,ARM,0.9220207220877833,2015,2014,2017,0.8701125330912329,0.0046806582964167035,0.0005652030309041341,-0.02144782543182373,Convergence break (gap began closing faster)
Infrastructure,ATG,0.11519428146041946,2004,2004,2007,0.27397669261565827,0.5863188435588385,-0.00234869122505188,-2.478985559372675e-05,No clear change point
Infrastructure,AUS,0.12714836427948856,2004,2004,2007,0.27538916498975996,0.4849568906415641,0.0006874054670333862,-0.0001806247802007766,No clear change point
Infrastructure,AUT,0.11412916608753454,2021,2018,2021,0.27526552627317846,0.4939197126528805,0.00013022337641034807,9.138882160186768e-05,No clear change point
Infrastructure,AZE,0.6953812933394409,2017,2015,2018,0.6719107070143757,0.03583734413895938,-0.01553923768155715,-0.03172946721315384,Convergence break (gap began closing faster)
Infrastructure,BDI,0.9566699035680011,2010,2009,2012,0.8186553769914198,0.9994008554006609,-0.026418513059616087,-0.0011670668919881186,Divergence (gap began widening faster)
Infrastructure,BEL,0.12000990982138258,2021,2018,2021,0.275021154363826,0.5180788538143466,-6.401113101414273e-05,0.0007537305355072021,No clear change point
Infrastructure,BEN,0.9999292527729594,2006,2005,2008,0.985148980347155,0.0,0.05969694256782532,-0.00835025624225014,Convergence break (gap began closing faster)
Infrastructure,BFA,0.14779907707102555,2005,2005,2008,0.2809134030048689,0.6277622695605788,-0.004229193925857544,0.0011983096599578857,No clear change point
Infrastructure,BGD,0.5121088583735037,2005,2005,2008,0.35439814254143637,0.9846916515788897,-0.028121447563171385,-0.01694986820220947,Divergence (gap began widening faster)
Infrastructure,BGR,0.26560153111853074,2004,2004,2007,0.25321215289639915,0.32797179482404126,0.010005848482251167,0.006385600283032372,No clear change point
Infrastructure,BHR,0.10786385006909426,2004,2004,2007,0.27151906798141523,0.43185326618052744,0.000945262610912323,-0.00025535481316702705,No clear change point
Infrastructure,BHS,0.11652182060346966,2004,2004,2007,0.2710039420697048,0.49234378170301324,-0.0001771673560142517,-1.0947386423746746e-05,No clear change point
Infrastructure,BIH,0.20501145443298882,2021,2018,2021,0.2758780437099396,0.8278027080074156,0.0017978662536257788,0.0074125006794929504,No clear change point
Infrastructure,BLR,0.9981353823708193,2008,2006,2009,0.9777562000486045,5.1803169530572555e-05,0.004078026860952377,-0.037883877754211426,Convergence break (gap began closing faster)
Infrastructure,BLZ,0.31472428781399836,2010,2009,2012,0.30503478212841756,0.08129509419986687,0.0019738852977752687,-0.005973203976949056,No clear change point
Infrastructure,BMU,0.22317323383902857,2004,2004,2007,0.2689565082660995,0.544440643647127,0.0015223100781440735,0.0008977211657024565,No clear change point
Infrastructure,BOL,0.5964201864375599,2011,2009,2012,0.5004431525789301,0.9639552019153738,-0.004799122160131281,0.0080172632421766,Divergence (gap began widening faster)
Infrastructure,BRA,0.7255528362001655,2013,2012,2015,0.39919837131462027,0.0016622559266616633,0.003944032467328586,-0.012084494034449259,Convergence break (gap began closing faster)
Infrastructure,BRB,0.12344830111749029,2004,2004,2007,0.2727606397906022,0.5209147771900839,-0.0002930164337158203,0.0001520259039742606,No clear change point
Infrastructure,BRN,0.10378382561933926,2004,2004,2007,0.27236324377041976,0.5152978937473724,2.6032328605651855e-05,4.143941970098586e-06,No clear change point
Infrastructure,BTN,0.281432302618174,2011,2008,2011,0.32395614869392075,0.0804144284234577,-0.019052193923430008,-0.027730941772460938,No clear change point
Infrastructure,BWA,0.2779700936189616,2004,2004,2007,0.43544327630230906,0.7698871911015033,-0.0008434280753135681,0.008504579464594523,No clear change point
Infrastructure,CAF,0.3463672111021839,2006,2004,2007,0.5065330470856697,0.9430246922090677,-0.0002473294734954834,0.014185704683002672,No clear change point
Infrastructure,CAN,0.11715841954491751,2021,2004,2007,0.2711802062735047,0.47857811225405095,-9.173438662574404e-06,-0.0006849169731140137,No clear change point
Infrastructure,CHE,0.1188848956033648,2021,2018,2021,0.27664571949346106,0.46469972049840963,-1.5341100238618396e-06,-0.0010920315980911255,No clear change point
Infrastructure,CHL,0.12654467449969609,2004,2004,2007,0.28113610387882443,0.6581684914620466,-0.0033411383628845215,4.776035036359514e-05,No clear change point
Infrastructure,CHN,0.31217450429858984,2006,2006,2009,0.35476691408608096,0.09253518165051362,0.0016864190498987832,-0.006320037339863025,No clear change point
Infrastructure,CIV,0.36999384659345524,2012,2010,2013,0.3209005790822417,0.9607455236818069,-0.006489120423793793,0.0034337548109201286,No clear change point
Infrastructure,CMR,0.1629157979014422,2004,2004,2007,0.2920931850803845,0.2650650237320964,-0.0024162232875823975,-0.005555604185376848,No clear change point
Infrastructure,COD,0.978125042961576,2019,2017,2020,0.36058594644096775,0.0,0.012932173515620985,-0.018799379467964172,Convergence break (gap began closing faster)
Infrastructure,COG,0.21697303416627392,2010,2008,2011,0.29619285744070417,0.8541422248991387,0.0013971418142318726,0.009083586931228637,No clear change point
Infrastructure,COL,0.27273495173397355,2005,2004,2007,0.30986607376482816,0.11346799613675711,0.016111528873443602,0.009102456271648407,No clear change point
Infrastructure,COM,0.9938333754346965,2005,2005,2008,0.9467210140321664,0.0001093839017717443,0.048150634765625,-0.0032080039381980896,Convergence break (gap began closing faster)
Infrastructure,CPV,0.37385753694108265,2016,2015,2018,0.2919402175897295,0.024918947968403878,-0.0014602132141590118,-0.01039869917763604,No clear change point
Infrastructure,CRI,0.33591874046954745,2011,2009,2012,0.29286655321628496,0.05460724177215665,-0.0006408962336453524,-0.009915371026311601,No clear change point
Infrastructure,CUB,0.8714819257728996,2011,2009,2012,0.5607999277185964,0.9984091798491866,-0.020619006319479508,-0.0021575838327407837,Divergence (gap began widening faster)
Infrastructure,CUW,0.24973766151726043,2004,2004,2007,0.28141021557565027,0.5028380130519374,0.00013505667448043823,0.0003120643751961845,No clear change point
Infrastructure,CYM,0.26073966517121394,2004,2004,2007,0.2564122265515392,0.5302836150903733,-0.0010925531387329102,8.230691864376976e-05,No clear change point
Infrastructure,CYP,0.10993834377465028,2021,2004,2007,0.27054834100315595,0.4916390115672551,9.733438491821289e-05,0.0003115236759185791,No clear change point
Infrastructure,CZE,0.10482370158097812,2004,2004,2007,0.267168661558002,0.44193895329692495,0.0006825625896453857,2.436978476388114e-05,No clear change point
Infrastructure,DEU,0.11274556138011363,2004,2004,2007,0.27557796388717576,0.4841464428565636,-0.0006557777523994446,-2.6580833253406344e-05,No clear change point
Infrastructure,DJI,0.9567891237290287,2015,2015,2018,0.8528483775562029,0.0011892736655835382,0.03623494307200113,0.01019842028617859,Convergence break (gap began closing faster)
Infrastructure,DMA,0.924576528024597,2009,2007,2010,0.7651483635336608,0.004952299764495585,0.00457963678571913,-0.02038220688700676,Convergence break (gap began closing faster)
Infrastructure,DNK,0.11199885449409105,2004,2004,2007,0.2720025164069867,0.47953821754490716,0.00011999905109405518,-2.181529998779297e-05,No clear change point
Infrastructure,DOM,0.11676952863840961,2004,2004,2007,0.28587913271136967,0.5659458326397728,-0.004299983382225037,-0.002115236861365182,No clear change point
Infrastructure,DZA,0.5953176897303061,2018,2012,2015,0.3295903303913571,0.9921242133728722,-0.02955254250102573,-0.016183112348828996,Divergence (gap began widening faster)
Infrastructure,ECU,0.12084302293590646,2004,2018,2021,0.2736075998612624,0.7574490356781354,-0.011188670992851257,-0.007696559031804402,No clear change point
Infrastructure,EGY,0.9999430968386791,2012,2011,2014,0.9975619393317277,1.0,-0.053310965498288475,-0.0035397662566258358,Divergence (gap began widening faster)
Infrastructure,ERI,0.7979662035282487,2007,2005,2008,0.751044731964062,0.005184916713570837,0.018773300307137624,-0.002826727098888821,Convergence break (gap began closing faster)
Infrastructure,ESP,0.1206265950473664,2004,2004,2007,0.27464914808662066,0.5122569987378701,-0.00031010061502456665,-1.4725185575939361e-05,No clear change point
Infrastructure,EST,0.10945093965780542,2004,2004,2007,0.2725444006562089,0.5028993408901815,-0.00016971677541732788,-3.486020224434989e-05,No clear change point
Infrastructure,ETH,0.9889265013640994,2015,2014,2017,0.7635012333097186,0.0,0.04248847564061483,0.015061429142951964,Convergence break (gap began closing faster)
Infrastructure,FIN,0.11123607570551003,2021,2018,2021,0.268817043624973,0.48175230947345427,-0.00022228700774056572,-0.00034314393997192383,No clear change point
Infrastructure,FJI,0.16166236981383914,2021,2018,2021,0.2710086735063351,0.8433106320912509,-0.003816160417738415,0.0009170658886432648,No clear change point
Infrastructure,FRA,0.11149108425599928,2004,2004,2007,0.27477481408564536,0.49348604040914895,0.0005411282181739807,-8.958010446457636e-05,No clear change point
Infrastructure,FRO,0.23979016040866086,2021,2018,2021,0.24766599084541496,0.5175186625758497,0.0013558027290162585,0.001793012022972107,No clear change point
Infrastructure,FSM,0.15085983856485352,2004,2004,2007,0.3766085297660398,0.6280189338377058,-0.012786924839019775,0.00822571629569644,No clear change point
Infrastructure,GAB,0.13110063526321952,2021,2004,2007,0.2694294350568277,0.6918193658716322,0.0014163880121140253,0.0012483298778533936,No clear change point
Infrastructure,GBR,0.12027154692055592,2004,2004,2007,0.27179191376404355,0.5167145846211496,0.0002936124801635742,0.0001604982784816197,No clear change point
Infrastructure,GEO,0.10909528627498254,2004,2004,2007,0.2661265228608204,0.4689214244026752,-0.025973424315452576,-0.026596223314603172,No clear change point
Infrastructure,GHA,0.11292308750086509,2021,2018,2021,0.26506165180553487,0.42820354830348756,-0.010492591630844842,-0.008711215108633041,No clear change point
Infrastructure,GIB,0.2595569515866354,2021,2004,2007,0.25383055731066134,0.3320631395899835,0.013929269143513272,0.011532530188560486,No clear change point
Infrastructure,GIN,0.5629285552278185,2012,2009,2012,0.43304308506827477,0.9821563223690429,0.0030657202005386353,0.014854687910813551,Divergence (gap began widening faster)
Infrastructure,GMB,0.8828264684712365,2014,2013,2016,0.749571656646599,0.0029703363575592934,0.013943314552307129,-0.008322477340698242,Convergence break (gap began closing faster)
Infrastructure,GNB,0.41034346190748716,2019,2018,2021,0.45296378803741477,0.10108676022237584,-0.006333322901474802,-0.01867900292078654,No clear change point
Infrastructure,GNQ,0.186041100962054,2009,2009,2012,0.23976560905895788,0.8650796646467768,0.0016801555951436362,0.007658462971448898,No clear change point
Infrastructure,GRC,0.11206630640156351,2021,2018,2021,0.2768800742255143,0.5255575000252576,-2.414130029224214e-05,0.0006458461284637451,No clear change point
Infrastructure,GRD,0.15524527061124796,2021,2014,2017,0.2493367075190673,0.1758278637292693,0.011204063182785398,0.00775628536939621,No clear change point
Infrastructure,GRL,0.21658910670051373,2021,2004,2007,0.2511045160430517,0.5222505690769417,-0.001633101985568092,-0.0018756762146949768,No clear change point
Infrastructure,GTM,0.3418442949390967,2007,2006,2009,0.24796439039693113,0.04275904542495269,0.006303327424185616,-0.0013629578881793553,No clear change point
Infrastructure,GUM,0.25779723959829437,2021,2018,2021,0.2623114605635708,0.445243365546461,0.0013972449870336624,4.40254807472229e-05,No clear change point
Infrastructure,GUY,0.09788723627828037,2004,2004,2007,0.2703402551330143,0.5675966213538302,-0.0005602464079856873,7.243099666777111e-05,No clear change point
Infrastructure,HKG,0.25839872462389246,2021,2004,2007,0.25274751827698644,0.3134772434717225,0.016317473990576606,0.010822176933288574,No clear change point
Infrastructure,HND,0.27790824143454046,2009,2008,2011,0.28501679194547336,0.0763514031821236,-0.0018618106842041016,-0.009042052552103996,No clear change point
Infrastructure,HRV,0.11031620911298595,2004,2004,2007,0.268414682059261,0.47073044367764344,4.776567220687866e-05,-9.374959128243583e-05,No clear change point
Infrastructure,HTI,0.09596269550537911,2006,2004,2007,0.26951418331654176,0.7674242689143389,-0.013737996419270834,-0.007452089535562615,No clear change point
Infrastructure,HUN,0.11188961143229138,2021,2018,2021,0.2726552430736541,0.5292475566641701,-5.574453444707961e-05,0.000441819429397583,No clear change point
Infrastructure,IDN,0.8268827523952587,2006,2005,2008,0.7156207403542924,0.9882345655139652,-0.023600359757741295,-0.004216208269721583,Divergence (gap began widening faster)
Infrastructure,IMN,0.24954160069048348,2021,2018,2021,0.2751539292566649,0.48377590426006667,-6.108482678731283e-05,-0.0010796263813972473,No clear change point
Infrastructure,IND,0.21798501671273984,2021,2009,2012,0.2404637090646633,0.11308541629853329,-0.003120103052684239,-0.007867850363254547,No clear change point
Infrastructure,IRL,0.11501716821241054,2004,2004,2007,0.2758788958385653,0.5418792565447098,-0.0011791586875915527,8.450235639299666e-05,No clear change point
Infrastructure,IRN,0.1702103884131633,2009,2008,2011,0.24006574507399359,0.15663093488317112,0.002394871579276191,-0.00406908243894577,No clear change point
Infrastructure,IRQ,0.9996562757323292,2015,2015,2018,0.9086209001784279,9.449185261391521e-07,0.008335243662198386,-0.039173683524131774,Convergence break (gap began closing faster)
Infrastructure,ISL,0.11670180315705682,2021,2018,2021,0.2749978242907325,0.4870844228071195,-8.344650268554688e-07,6.750226020812988e-05,No clear change point
Infrastructure,ISR,0.11475867202578659,2021,2018,2021,0.27202079321810213,0.5112173283617072,-2.6006074178786507e-05,0.0002622157335281372,No clear change point
Infrastructure,ITA,0.11264476853807297,2004,2004,2007,0.2749315453028688,0.474584016001123,0.00019172579050064087,-0.0001539559591384161,No clear change point
Infrastructure,JAM,0.28204642290942833,2004,2018,2021,0.31106501102640677,0.7123513142088359,-0.022230073809623718,-0.02872178242320106,No clear change point
Infrastructure,JOR,0.6291126427380553,2011,2010,2013,0.5083710143039237,0.9918850655938324,-0.01463026079264554,0.00503028929233551,Divergence (gap began widening faster)
Infrastructure,JPN,0.10189571720534081,2021,2004,2007,0.26756377508704426,0.5004207342082634,-8.584488005865188e-06,7.97957181930542e-05,No clear change point
Infrastructure,KAZ,0.14969962895997507,2004,2004,2007,0.2780636156550585,0.15797845571646701,-0.009239062666893005,-0.014199163232530867,No clear change point
Infrastructure,KEN,0.47344048087375784,2005,2004,2007,0.5623857824146736,0.10904979843384258,0.012314039468765258,-0.001855999231338501,No clear change point
Infrastructure,KGZ,0.11514158553913792,2004,2004,2007,0.2689004519272804,0.6056296422539998,-0.009679518640041351,-0.009476459452084134,No clear change point
Infrastructure,KHM,0.987302431237878,2012,2010,2013,0.7948353626039304,0.00015288788630495091,-0.0023663565516471863,-0.03265477029176859,Convergence break (gap began closing faster)
Infrastructure,KIR,0.9988833498026234,2010,2008,2011,0.9818126057892522,1.187842870657807e-05,0.04992725253105164,0.011175012588500975,Convergence break (gap began closing faster)
Infrastructure,KNA,0.1097907351140373,2004,2004,2007,0.26982217950938553,0.589404182018731,-0.002615220844745636,2.9387928190685453e-05,No clear change point
Infrastructure,KOR,0.1238367672707082,2021,2004,2007,0.2732245575697764,0.4850526820614668,0.00022373029163905552,0.0006794184446334839,No clear change point
Infrastructure,KWT,0.11673481655326244,2021,2018,2021,0.2729691864924695,0.5005354664483879,0.00024751822153727215,0.0010025203227996826,No clear change point
Infrastructure,LAO,0.9670730639238684,2009,2008,2011,0.7739203744916638,3.8751834219381374e-05,0.029237416055467393,-0.002632247284054756,Convergence break (gap began closing faster)
Infrastructure,LBN,0.2648828171685879,2004,2004,2007,0.26229494566413764,0.42863235754581025,0.00728989765048027,0.005671838919321696,No clear change point
Infrastructure,LBR,0.883100908580567,2013,2013,2016,0.5901717291105378,0.9988101690008345,0.0019929867524367114,0.02301416794459025,Divergence (gap began widening faster)
Infrastructure,LBY,0.3063950984391163,2004,2004,2007,0.2529093060403984,0.2832685721155764,0.019106805324554443,0.01629002888997396,No clear change point
Infrastructure,LCA,0.2243236665089625,2021,2006,2009,0.28818653401314226,0.6734586997441528,0.0604154843659628,0.050926271826028824,No clear change point
Infrastructure,LIE,0.2352941494733336,2004,2004,2007,0.26224400213302923,0.49447305489124205,0.000708654522895813,0.0010859199932643346,No clear change point
Infrastructure,LKA,0.1421411808478604,2004,2004,2007,0.3124608671225658,0.5638366753765234,-0.004627704620361328,-0.001434828553880964,No clear change point
Infrastructure,LSO,0.6914619929457337,2007,2007,2010,0.3037960149835864,0.0014724658010103742,0.013105039085660661,-0.0005605518817901611,Convergence break (gap began closing faster)
Infrastructure,LTU,0.11114344423627501,2004,2004,2007,0.27198073383226684,0.5177756873210335,-0.0009371042251586914,5.8492024739583336e-05,No clear change point
Infrastructure,LUX,0.11237244399211611,2021,2018,2021,0.26885639575508236,0.5085136885843751,-1.1679672059558687e-06,0.00037613511085510254,No clear change point
Infrastructure,LVA,0.10906170033379319,2004,2004,2007,0.2693788400793644,0.4748831665890217,0.0002849400043487549,-0.00014029230390276228,No clear change point
Infrastructure,MAC,0.2388720462571547,2005,2004,2007,0.257603263006515,0.32878820909936324,0.016626346111297607,0.01188482940196991,No clear change point
Infrastructure,MAF,0.2550960784025345,2004,2004,2007,0.2509647227534126,0.4954500755909625,-0.0001233518123626709,-0.0016271131379263742,No clear change point
Infrastructure,MAR,0.4413237344814496,2018,2016,2019,0.5000753735420953,0.06449335409499611,-0.03263281616899702,-0.04510653870446341,No clear change point
Infrastructure,MCO,0.11031742539160412,2004,2004,2007,0.27263272579907527,0.5132188997170084,-0.00015176832675933838,6.680261521112352e-05,No clear change point
Infrastructure,MDA,0.15067287769085547,2021,2018,2021,0.34575552983974955,0.5533074040379158,-0.03123515276681809,-0.022265836596488953,No clear change point
Infrastructure,MDG,0.3199070118368584,2014,2011,2014,0.34604941720612836,0.9871159174066741,0.0048146843910217285,0.019622851501811634,No clear change point
Infrastructure,MDV,0.9971905603797222,2013,2012,2015,0.9857340216397766,0.0006597668449612321,0.012323086078350361,-0.053146883845329285,Convergence break (gap began closing faster)
Infrastructure,MEX,0.6697388902115631,2007,2004,2007,0.4810867020696067,0.9940703673732734,-0.03746074438095093,-0.023462322023179796,Divergence (gap began widening faster)
Infrastructure,MHL,0.9999862728720672,2013,2011,2014,0.9595961626273615,0.0,0.08963617911705604,0.03299880027770996,Convergence break (gap began closing faster)
Infrastructure,MKD,0.899804474671011,2013,2011,2014,0.5473841882478295,0.0003859170661937611,0.0189278618647502,0.0012676219145456948,Convergence break (gap began closing faster)
Infrastructure,MLI,0.16802584465015438,2020,2018,2021,0.3008247129502585,0.825345725812666,0.00307171642780304,0.008737051486968994,No clear change point
Infrastructure,MLT,0.12096615101351645,2004,2004,2007,0.2753982397613155,0.46516643663477714,0.0006800442934036255,-5.319856462024508e-05,No clear change point
Infrastructure,MMR,0.9371774676966905,2004,2004,2007,0.9548619537920116,0.009586435528822348,0.03195621073246002,-0.003912876049677531,Convergence break (gap began closing faster)
Infrastructure,MNE,0.11957399668345835,2004,2018,2021,0.27024454100179146,0.5583997688716191,-0.006811492145061493,-0.00864691890421368,No clear change point
Infrastructure,MNG,0.8251733006909728,2010,2009,2012,0.5313128429319215,0.9936729030593406,-0.021043208241462705,-0.0044668714205423985,Divergence (gap began widening faster)
Infrastructure,MNP,0.2400624475202136,2021,2018,2021,0.25472418297648547,0.43906913059884217,0.004378317367462884,0.003892563283443451,No clear change point
Infrastructure,MOZ,0.9933845900373468,2014,2012,2015,0.7382136948384885,0.0,0.028599191989217485,-0.007158664139834317,Convergence break (gap began closing faster)
Infrastructure,MRT,0.1393551789657791,2004,2004,2007,0.29833561724901725,0.2757865051087307,0.008425019681453705,0.005569259325663249,No clear change point
Infrastructure,MUS,0.7729715464345854,2014,2012,2015,0.5617503336892538,0.00452333721408033,-0.001062455986227308,-0.019352449612184006,Convergence break (gap began closing faster)
Infrastructure,MWI,0.3885062585507356,2020,2018,2021,0.46065460840794514,0.10066806968895538,-0.0072988435626029965,-0.022310876846313478,No clear change point
Infrastructure,MYS,0.18861813331519833,2004,2018,2021,0.28238243927161266,0.721020764054979,-0.005604550242424011,-0.010233263884271895,No clear change point
Infrastructure,NAM,0.2157522967246614,2013,2012,2015,0.2546927434997207,0.13593498535038073,-0.003193435760644766,-0.009043708443641663,No clear change point
Infrastructure,NCL,0.24521613492993663,2004,2004,2007,0.25807039451285474,0.48945284745339135,0.002801768481731415,0.0015976258686610629,No clear change point
Infrastructure,NER,0.7800068266272703,2010,2008,2011,0.549592286677278,0.9920237238495173,0.015141087770462035,0.03102843364079793,Divergence (gap began widening faster)
Infrastructure,NGA,0.17469356710617828,2009,2007,2010,0.2884744235818638,0.2653950337941547,0.01661955647998386,0.008361000567674637,No clear change point
Infrastructure,NIC,0.2799958778455102,2010,2008,2011,0.2658238082913653,0.9168662519083896,0.011643162369728087,0.018668174743652344,No clear change point
Infrastructure,NLD,0.10777616430218391,2004,2004,2007,0.26795432768206234,0.4914039519137057,-7.195025682449341e-05,6.331432433355422e-05,No clear change point
Infrastructure,NOR,0.1252793216268796,2021,2018,2021,0.27857245656254803,0.4815461567926592,0.00010326078959873745,-0.001203790307044983,No clear change point
Infrastructure,NPL,0.9932806825186259,2010,2008,2011,0.7737118090819474,1.7875215462041242e-05,0.009439966082572936,-0.023023308316866557,Convergence break (gap began closing faster)
Infrastructure,NRU,0.12008082019023891,2004,2004,2007,0.27179422669895853,0.4524639719910713,0.00261099636554718,0.00025963783264160156,No clear change point
Infrastructure,NZL,0.11293435117947133,2004,2004,2007,0.26885366275215017,0.4782067444208114,0.0008206143975257874,-8.529140835716611e-06,No clear change point
Infrastructure,OMN,0.11273959143216863,2021,2018,2021,0.27696670384817323,0.5044167096848908,0.0001478180998847598,0.00029286742210388184,No clear change point
Infrastructure,PAK,0.7125381007739423,2012,2011,2014,0.48978709676644633,0.01664849371170341,-0.004620750745137532,-0.01861816644668579,Convergence break (gap began closing faster)
Infrastructure,PAN,0.11711726925906955,2004,2004,2007,0.2807052662703893,0.6000053202722353,-0.002790011465549469,-0.00016171591622488838,No clear change point
Infrastructure,PER,0.5102437457792908,2008,2007,2010,0.4205314036590301,0.017388975833001447,-0.0009793788194656372,-0.013299191699308507,Convergence break (gap began closing faster)
Infrastructure,PHL,0.12073037295324869,2004,2004,2007,0.273264076989146,0.4513557425320978,0.0017005912959575653,0.0014103423981439499,No clear change point
Infrastructure,PLW,0.11514872029151114,2021,2018,2021,0.27337448547333987,0.5625409348296757,-0.0003074010213216146,0.0002577751874923706,No clear change point
Infrastructure,PNG,0.45608043175301505,2005,2013,2016,0.34093662973699684,0.745900378389631,-0.012569999694824217,-0.038663351535797114,No clear change point
Infrastructure,POL,0.10990186306048608,2021,2018,2021,0.2727420992391735,0.5055528080751456,-1.3578505743117559e-05,-4.0084123611450195e-05,No clear change point
Infrastructure,PRI,0.23540025880543733,2004,2004,2007,0.255059760215935,0.5106305499372847,-0.0004964545369148254,9.095810708545502e-05,No clear change point
Infrastructure,PRK,0.9954488516192209,2010,2009,2012,0.8591393245187081,0.0,0.06047379970550537,0.0272818922996521,Convergence break (gap began closing faster)
Infrastructure,PRT,0.11188492388730471,2021,2018,2021,0.28104901974365004,0.4997081554760821,9.455851146153043e-06,0.0001023411750793457,No clear change point
Infrastructure,PRY,0.5934050908207531,2005,2005,2008,0.5401492052161727,0.9515297170904324,-0.015281099081039428,-0.0015209823846817016,Divergence (gap began widening faster)
Infrastructure,PSE,0.27766384159736246,2004,2004,2007,0.25759479732474894,0.6296099095623253,-0.020444966852664948,-0.016124799847602844,No clear change point
Infrastructure,PYF,0.24466659764189472,2004,2004,2007,0.266452176587589,0.5052957254234444,0.0029173865914344788,0.0032406605425335114,No clear change point
Infrastructure,QAT,0.11128639675663493,2021,2004,2007,0.2699618341721115,0.4968187153164284,-6.016379310971214e-05,0.0003787428140640259,No clear change point
Infrastructure,ROU,0.10829541855637853,2021,2018,2021,0.2701232697691922,0.586548284818771,-0.0002975577399844215,0.0007871538400650024,No clear change point
Infrastructure,RUS,0.11577859702362414,2004,2004,2007,0.26797419626188973,0.5197097416593323,-0.001178644597530365,-1.2253011975969586e-05,No clear change point
Infrastructure,RWA,0.9990250826015842,2008,2007,2010,0.9722843422219459,0.9998658007156869,0.010190658271312714,0.06711669178570018,Divergence (gap began widening faster)
Infrastructure,SAU,0.10844551213763687,2004,2004,2007,0.27362035119237005,0.4775112124201463,0.0008262768387794495,2.7420974913097563e-05,No clear change point
Infrastructure,SDN,0.45050027742439447,2009,2008,2011,0.40561768838203616,0.032565777092026335,0.001347603069411384,-0.008919058367609978,No clear change point
Infrastructure,SEN,0.3485003983287784,2020,2018,2021,0.3767515305546469,0.5926072512156586,-0.00978807806968689,-8.150339126586915e-05,No clear change point
Infrastructure,SGP,0.10738884730747338,2004,2004,2007,0.2698814293186937,0.5169441743314994,-0.0005819424986839294,-2.656096503848121e-05,No clear change point
Infrastructure,SLB,0.16939837259734503,2004,2004,2007,0.33526040101270077,0.636049637346038,0.00909925252199173,0.014575289828436715,No clear change point
Infrastructure,SLE,0.822616077532804,2011,2008,2011,0.8040373535227298,0.964571564215586,0.002711209383877841,0.02294502088001796,Divergence (gap began widening faster)
Infrastructure,SLV,0.799836986488246,2012,2011,2014,0.4874081747452738,0.005252668087222665,-0.001309327781200409,-0.017885877535893366,Convergence break (gap began closing faster)
Infrastructure,SMR,0.10819813706303769,2021,2018,2021,0.27036813614927185,0.4571431231910428,-0.00012635758944920132,-0.0006308555603027344,No clear change point
Infrastructure,SOM,0.5673378068497931,2004,2004,2007,0.6870888684093841,0.7274525729905565,0.015871718525886536,0.038829569305692396,Divergence (gap began widening faster)
Infrastructure,SRB,0.12776968937835986,2021,2018,2021,0.26637926267061274,0.23883276685184307,-0.007776774111248198,-0.010039377957582474,No clear change point
Infrastructure,SSD,0.10505956446653773,2021,2018,2021,0.2739599641953855,0.5524985151113881,2.5990463438488188e-05,0.0008133500814437866,No clear change point
Infrastructure,STP,0.9555274739140664,2016,2014,2017,0.8405234653280557,0.0023170047148354965,0.030605845153331757,0.0008924206097920735,Convergence break (gap began closing faster)
Infrastructure,SUR,0.24281718296409835,2009,2009,2012,0.2669010569966998,0.07421633867686633,0.0004603630966610379,-0.005954011343419552,No clear change point
Infrastructure,SVK,0.11692058798106812,2021,2018,2021,0.2724017371590126,0.5225846059716287,-0.00010877705755687895,-0.00041091442108154297,No clear change point
Infrastructure,SVN,0.11515740045563476,2021,2004,2007,0.26686228763009145,0.5308687456403486,-0.00018926603453499932,0.00045484304428100586,No clear change point
Infrastructure,SWE,0.1101441149596457,2004,2004,2007,0.2685785825469761,0.4879618297045824,-5.415827035903931e-05,-2.7900650387718563e-05,No clear change point
Infrastructure,SWZ,0.6748467975031667,2008,2007,2010,0.3749381717570866,0.9948698394085236,-5.0805509090423584e-05,0.013066114748225492,Divergence (gap began widening faster)
Infrastructure,SXM,0.24276762652935477,2021,2018,2021,0.2562657165741931,0.5023978127780852,-0.00422278330439613,-0.00268486887216568,No clear change point
Infrastructure,SYC,0.11513095460921527,2004,2004,2007,0.26881910676044907,0.5996492360781004,-0.0016675665974617004,0.00017377592268444245,No clear change point
Infrastructure,SYR,0.4757771245285421,2005,2004,2007,0.5629326250078015,0.7035012690571546,-0.010524088144302368,0.010867872834205627,No clear change point
Infrastructure,TCA,0.619802491843339,2009,2008,2011,0.2519612995853759,0.9707391457302476,-0.07676770289738974,-0.06187159940600395,Divergence (gap began widening faster)
Infrastructure,TCD,0.9996890116131547,2011,2010,2013,0.988883311735534,0.0,0.07432815432548523,0.0382608026266098,Convergence break (gap began closing faster)
Infrastructure,TGO,0.9997390021596334,2011,2008,2011,0.9626690057765567,0.0,0.06692447445609354,0.01550060510635376,Convergence break (gap began closing faster)
Infrastructure,THA,0.1882309913566529,2017,2015,2018,0.28533760529963853,0.8011295032614886,-0.013129357029409969,-0.007278247736394405,No clear change point
Infrastructure,TJK,0.30061163795363277,2004,2004,2007,0.37458757595687925,0.6946868236072032,-0.006869681179523468,0.001586665709813436,No clear change point
Infrastructure,TKM,0.9911159677178907,2007,2005,2008,0.9450500307361389,0.9999623843860038,-0.037048748561314175,-0.0012463099426693386,Divergence (gap began widening faster)
Infrastructure,TLS,0.9934066606709087,2007,2006,2009,0.9829845559370548,0.0008053781954855282,0.030751815864018033,-0.010277912020683289,Convergence break (gap began closing faster)
Infrastructure,TON,0.4522808519223893,2014,2013,2016,0.36646063903591763,0.03441914518168696,-0.011937973754746572,-0.022608739408579742,No clear change point
Infrastructure,TTO,0.11682002576439743,2004,2004,2007,0.28624681239762667,0.5138096294801413,-0.00039978325366973877,-1.2542520250592912e-05,No clear change point
Infrastructure,TUN,0.8673236737716143,2009,2007,2010,0.876658541668322,0.059970445143173755,0.013815428647730086,-0.023026427254080772,Convergence break (gap began closing faster)
Infrastructure,TUR,0.9695572857153141,2013,2011,2014,0.8379175215790737,0.0005071037063212807,0.02583127067639278,0.0010545651117960613,Convergence break (gap began closing faster)
Infrastructure,TUV,0.9469456993784844,2019,2017,2020,0.8315711409873006,0.0024113505374632038,0.058745895561419036,0.03333020210266113,Convergence break (gap began closing faster)
Infrastructure,TZA,0.8499569226366234,2014,2012,2015,0.6896058406711147,0.006872381566895613,0.026046893426350186,0.005150572820143267,Convergence break (gap began closing faster)
Infrastructure,UGA,0.37121601139193033,2006,2004,2007,0.46726037901612305,0.8761132185511531,-0.016275127728780113,-0.0030142006121183697,No clear change point
Infrastructure,UKR,0.3288189602202101,2021,2018,2021,0.4213283285879458,0.0871745506104298,0.020114047186715264,0.006978631019592285,No clear change point
Infrastructure,URY,0.11266969110029545,2004,2004,2007,0.2782317216970198,0.607042071146035,-0.0025113970041275024,5.815994171869187e-05,No clear change point
Infrastructure,USA,0.10664847341075784,2021,2018,2021,0.27605148023847115,0.45524175919611437,3.793551808311826e-05,-0.00021220743656158447,No clear change point
Infrastructure,UZB,0.8752452099517742,2009,2007,2010,0.5396449866248436,0.000535920632745329,0.005692899227142334,-0.014552706852555275,Convergence break (gap began closing faster)
Infrastructure,VCT,0.208333855480658,2006,2004,2007,0.3270748849748807,0.08214093988484723,0.013356347878774006,0.003509505014670522,No clear change point
Infrastructure,VEN,0.6100170538218618,2004,2004,2007,0.6404383327685259,0.06102688540523167,-0.00907735526561737,-0.03153457386153084,Convergence break (gap began closing faster)
Infrastructure,VGB,0.23209752828103583,2004,2004,2007,0.2521365850125331,0.513952123416033,-0.001521959900856018,-0.001641621192296346,No clear change point
Infrastructure,VIR,0.22949621491969846,2004,2004,2007,0.26261774437989127,0.4811780984547242,0.00019909441471099854,-0.0010182829130263556,No clear change point
Infrastructure,VNM,0.5315447043682179,2021,2018,2021,0.32146278217760704,0.019337085269981142,-0.01960989265214829,-0.03252274543046951,Convergence break (gap began closing faster)
Infrastructure,VUT,0.7060549364472181,2016,2014,2017,0.4121460536018877,0.9932003272947029,-0.020510699599981308,-0.0066268907652960885,Divergence (gap began widening faster)
Infrastructure,WSM,0.3344762704791669,2006,2004,2007,0.34055296950281766,0.9291083589920542,-0.018849814931551613,-0.010846303481804698,No clear change point
Infrastructure,XKX,0.2718769050214708,2004,2004,2007,0.25824864303375783,0.500013607765775,0.0002605020999908447,0.0008705996331714449,No clear change point
Infrastructure,YEM,0.17530453679264227,2021,2018,2021,0.25922940676883044,0.17695130548015317,0.002024322748184204,-0.0014317110180854797,No clear change point
Infrastructure,ZAF,0.8184470329305098,2009,2008,2011,0.5924358196452932,0.9957909888982286,-0.005677155322498746,0.011006230488419533,Divergence (gap began widening faster)
Infrastructure,ZMB,0.3710922887517376,2014,2013,2016,0.33446013505661554,0.0527883779365296,-0.014960493360246931,-0.02381138097156178,No clear change point
Infrastructure,ZWE,0.16692986184839703,2004,2004,2007,0.29600585342051655,0.2832788627655575,-0.01056760549545288,-0.014450694833483015,No clear change point
