,logit_coef_std,shap_mean_abs,shap_direction
gap_Health,-0.5184906923781425,2.5733828612633007,-0.7304316331274205
dgap3_Overall,-0.9275106421988114,1.1735062754011714,-0.5919122977096886
rural_level_Health,0.30081819051031655,1.0643109465436413,0.615558588533739
agri_va_share,-0.36419821165428035,0.8468753830298088,-0.4309857016241618
gap_Infrastructure,0.14071309339588026,0.4265246963240504,0.4387584653702218
unemployment,0.15127496273498495,0.34261067800462347,-0.1000894177488923
drural3_Overall,0.5871714819119679,0.340689047742241,0.6688824029560088
dgap3_Education,-0.02679799096377755,0.25249797492327025,-0.5055752481385228
gap_Employment,-0.21179596832906633,0.21656131038868973,-0.32063819385156705
gap_Education,-0.5818333144511038,0.20030001442979392,-0.6224625729682863
fertility,-0.11838660551881933,0.17315263344697848,-0.6123589122431535
rural_pop_share,-0.29716196472583833,0.1337563466887033,-0.7043650047849052
dgap3_Infrastructure,-0.4992336195776104,0.11930021872040403,-0.6701774789190025
rural_level_Employment,-0.9423298013936213,0.11759441393753256,-0.698213619066465
edu_emp_conversion_gap,-0.46344628035261876,0.10924393340709053,-0.5662946302567634
rural_level_Overall,0.5037059848067501,0.10727399894144586,0.569263097792376
internet_users,-0.06510608270184783,0.0625236320522757,0.4283702657322797
agri_emp_share,0.6721377364841284,0.0607112101562893,0.6534705653473598
rural_level_Education,0.32490648370377045,0.056662951143713725,0.6910785205191751
drural3_Education,0.11277542392206726,0.04962792113220009,-0.5113763636376354
gap_Overall,-0.7042282405515456,0.04771150029053113,-0.33427703853924473
rural_level_Infrastructure,0.08902966075804276,0.03887413776119682,0.746857829442721
dgap3_Health,-0.3634743378837951,0.02400176296865706,0.6692897699468136
drural3_Infrastructure,-0.14196798595441004,0.02358858691488787,0.40593364101632917
gdppc_growth,-0.016992732425410207,0.02267273027133368,0.0072448074425258725
dgap3_Employment,0.38088105871821915,0.01675692936141943,0.11901495685429943
female_lfp,-0.14798574895847127,0.015866905676187724,0.47461528994446944
log_gdppc_ppp,0.05353605449465496,0.014206111119365903,0.6478835394122598
female_lower_sec,0.02922521538236971,0.006053875186023739,0.26004726179768495
u5_mortality,-0.13505804518809808,0.0002829204843330292,0.5803392996074199
drural3_Health,-0.6168144389720084,9.96679393517765e-05,0.13602901950163257
drural3_Employment,-0.070239283271808,1.1366635679283515e-18,0.40081908292437146
