dimension,iso,lambda_median,p_convergence,half_life_median,half_life_q05,half_life_q95,verdict
Overall,AFG,0.014542964552953428,0.94,47.67551101151686,23.435694184618093,,Converging
Overall,ALB,0.004671013991986864,0.585,,,,No strong evidence of convergence
Overall,ARG,0.017731417075196036,0.915,39.098894537427114,18.294968164031456,,Converging
Overall,ARM,0.0028587730838570665,0.585,,,,No strong evidence of convergence
Overall,AZE,0.017396209960097567,0.935,39.84477953182503,18.447546062732467,,Converging
Overall,BEN,0.025155706250375214,0.995,27.55430112036833,16.006119341780447,82.77671639136118,Converging
Overall,BFA,0.021440076811560536,0.995,32.32967856333041,19.31364270347305,84.8322072429592,Converging
Overall,BGD,0.06152054745523176,1.0,11.266943635656316,7.468499080939735,18.785730314193962,Converging
Overall,BGR,-0.02353737201052316,0.145,,,,Diverging
Overall,BIH,-0.005172811455276467,0.4,,,,No strong evidence of convergence
Overall,BLR,-0.021634343325723348,0.19,,,,Diverging
Overall,BLZ,0.010450067432636365,0.82,66.33108982691434,21.50355883523799,,Converging
Overall,BOL,0.018459411044491066,1.0,37.55202353361833,23.263164015375718,92.18774879817337,Converging
Overall,BRA,0.021688023837894466,1.0,31.95990692004989,19.35241858410861,83.46838263375788,Converging
Overall,BTN,0.10114763003388427,1.0,6.852850634298499,5.2122222380362375,9.902011711540196,Converging
Overall,BWA,-0.002263274919155902,0.365,,,,No strong evidence of convergence
Overall,CAF,-0.014818630955886938,0.065,,,,Diverging
Overall,CHL,0.04181193160436128,1.0,16.577859090199524,11.696177645149307,28.141377238624848,Converging
Overall,CHN,0.04398954287642194,1.0,15.757253452209241,10.861779415592537,24.371079444433423,Converging
Overall,CIV,0.009740532183434585,0.875,71.16481701074184,29.51580718351543,,Converging
Overall,CMR,0.009634095781261034,0.885,71.96513650185477,27.916996352728404,,Converging
Overall,COD,-0.020282702958777057,0.015,,,,Diverging
Overall,COG,0.0029775897019711367,0.61,,,,No strong evidence of convergence
Overall,COL,0.00505462638563005,0.745,,,,No strong evidence of convergence
Overall,COM,0.003063472045019764,0.565,,,,No strong evidence of convergence
Overall,CPV,0.02977953204072064,0.98,23.276094166186148,12.372412835251142,117.34007341254937,Converging
Overall,CRI,0.05258266762775671,1.0,13.183593296349539,8.76164842794293,23.783109165200788,Converging
Overall,CYP,-0.029243362897614943,0.24,,,,No strong evidence of convergence
Overall,DEU,-0.0033022284700828086,0.455,,,,No strong evidence of convergence
Overall,DJI,-0.027083939963629247,0.0,,,,Diverging
Overall,DNK,-0.0006441194990434269,0.495,,,,No strong evidence of convergence
Overall,DOM,0.02482457198837175,0.99,27.922109282900472,14.858260778930534,78.49932000753232,Converging
Overall,DZA,0.03343037326582683,0.985,20.73405814189242,12.302975862091946,69.93390904031986,Converging
Overall,ECU,0.019571810069991265,0.99,35.4155895765479,20.55911209873664,102.14079029798049,Converging
Overall,EGY,0.026035375358002676,0.99,26.623328139193873,13.845785732710837,90.35553621621897,Converging
Overall,ESP,0.015673875404945803,0.67,,,,No strong evidence of convergence
Overall,EST,0.062394722055389616,0.95,11.10941143023452,5.894346595174439,inf,Converging
Overall,ETH,0.02114090534156318,0.995,32.7871333978815,20.592558453969524,65.48268296824013,Converging
Overall,FIN,0.005848912327375201,0.54,,,,No strong evidence of convergence
Overall,FJI,0.026254422050016303,0.995,26.401688565317862,14.84691512228045,92.68965463761772,Converging
Overall,GAB,-0.001253437100171217,0.43,,,,No strong evidence of convergence
Overall,GEO,0.0039541767604300785,0.62,,,,No strong evidence of convergence
Overall,GHA,0.02408165954894291,1.0,28.78321545855426,17.385658091246114,67.28059212139812,Converging
Overall,GIN,0.0025863521905915947,0.585,,,,No strong evidence of convergence
Overall,GMB,0.002221719163653456,0.575,,,,No strong evidence of convergence
Overall,GNB,0.031033205148844643,1.0,22.335841205518804,14.799107636179215,46.91211029221837,Converging
Overall,GRC,0.005214133746642591,0.56,,,,No strong evidence of convergence
Overall,GTM,0.029535873393109986,0.985,23.467977892829303,15.01470013521345,64.09411401216457,Converging
Overall,GUY,0.0318594241755544,0.88,21.758769699182288,8.661945514427174,,Converging
Overall,HND,0.012460185793284348,0.935,55.62992104257103,25.256144063664433,,Converging
Overall,HRV,0.008949993552086966,0.645,,,,No strong evidence of convergence
Overall,HTI,0.009837616062348646,0.865,70.4590427629116,27.436583849963473,,Converging
Overall,HUN,0.010184698458434819,0.63,,,,No strong evidence of convergence
Overall,IDN,0.02967246345182769,0.99,23.35996123949042,14.362618041684119,57.07462038758053,Converging
Overall,IND,0.033043349505981284,1.0,20.977066672947643,12.621174877136815,40.3558690990719,Converging
Overall,IRN,0.03378102659624807,1.0,20.518861885218044,11.765499574215474,58.752742472380675,Converging
Overall,IRQ,0.03380926370359223,1.0,20.501931280924154,12.66031243856373,44.29274297969881,Converging
Overall,ITA,0.008346669965510275,0.59,,,,No strong evidence of convergence
Overall,JAM,0.04439229937391054,0.99,15.61444149251988,7.936362306059417,47.22865970412906,Converging
Overall,JOR,0.041444856330171725,0.995,16.72464628500878,8.019850631512393,65.55429501124804,Converging
Overall,KEN,0.017529609465182748,0.955,39.54151435069167,19.36449929876486,3712.4077545338964,Converging
Overall,KGZ,0.04536874498754899,0.975,15.278153303858822,7.7256674650162385,82.64147080039639,Converging
Overall,KHM,0.03184236993577291,1.0,21.768088565719864,15.510522621673825,37.99856512841492,Converging
Overall,KIR,0.023940889857638224,0.95,28.95249639198083,15.807474031836977,inf,Converging
Overall,KOR,0.0020760812147599564,0.515,,,,No strong evidence of convergence
Overall,LAO,0.021986664611293325,0.995,31.525800661889363,20.08137344990517,75.45939707794327,Converging
Overall,LBN,-0.022495352198681456,0.35,,,,No strong evidence of convergence
Overall,LBR,-0.009821200748011308,0.23,,,,No strong evidence of convergence
Overall,LKA,0.019938350496790724,0.94,34.76453516394109,15.457901424077207,,Converging
Overall,LSO,0.018984398002302526,0.96,36.5116691333599,19.74688169746029,700.0211082034907,Converging
Overall,LTU,-0.008596300107743118,0.245,,,,No strong evidence of convergence
Overall,LVA,0.008292740256725,0.635,,,,No strong evidence of convergence
Overall,MAR,0.023209834421149336,1.0,29.865814021258686,19.606516820341284,68.20219999093463,Converging
Overall,MDA,0.010549624554408072,0.83,65.71108166899243,19.267484097443422,,Converging
Overall,MDG,0.01330165324405348,0.93,52.11190780046977,26.30545350371409,,Converging
Overall,MDV,0.07297803753888707,1.0,9.49826389026601,6.546744179874609,16.351295064852064,Converging
Overall,MEX,0.0341989484162565,1.0,20.268089883105358,12.936086121558272,37.58936431181198,Converging
Overall,MKD,-0.035125891355552816,0.035,,,,Diverging
Overall,MLI,0.003972769600578251,0.635,,,,No strong evidence of convergence
Overall,MMR,0.012253153792674092,0.88,56.56952187058812,24.44991159218005,,Converging
Overall,MNE,-0.006851940440713215,0.385,,,,No strong evidence of convergence
Overall,MNG,0.029839583995889048,1.0,23.22911987976546,16.585277543685542,38.24368845172393,Converging
Overall,MOZ,0.009547048241422764,0.905,72.60415262651506,32.2768755038085,,Converging
Overall,MRT,0.006324463210494135,0.77,,,,No strong evidence of convergence
Overall,MUS,0.05642554368712962,0.985,12.284292926978495,6.446007478221207,44.16720181821046,Converging
Overall,MWI,0.019168317899695104,0.995,36.1610930569867,19.901901119820366,124.30328105794764,Converging
Overall,MYS,0.04201238931345786,1.0,16.49879357296497,7.699443729069755,54.72086641671819,Converging
Overall,NAM,0.018635468377963486,0.985,37.19505815734178,22.155318037752085,101.77107867841602,Converging
Overall,NER,0.009129804756502075,0.925,75.92163951419772,31.008416032183245,,Converging
Overall,NGA,0.007254935133161836,0.745,,,,No strong evidence of convergence
Overall,NIC,-0.01009324813878132,0.09,,,,Diverging
Overall,NPL,0.06246053367049987,1.0,11.09736685785535,7.1736391128353185,18.681802653590445,Converging
Overall,PAK,0.02189590797343985,0.975,31.6575379678968,18.86614530142814,109.42238682038762,Converging
Overall,PAN,0.011592444380664143,0.93,59.7930881126178,26.730776464575726,,Converging
Overall,PER,0.02456432447066573,1.0,28.218281593194988,19.198790771465063,52.51386564399306,Converging
Overall,PHL,0.0260454674169769,0.965,26.618587078361955,14.89442328765188,338.55938433500205,Converging
Overall,POL,0.030184851697328444,0.895,22.964860739427532,8.363657785350311,,Converging
Overall,PRT,-0.014897583565736207,0.33,,,,No strong evidence of convergence
Overall,PRY,0.04850266479241455,1.0,14.290909257007964,9.541445506597022,23.781034831540897,Converging
Overall,PSE,0.08851104544028526,1.0,7.831194842378343,5.097757341019092,17.75802114532572,Converging
Overall,ROU,-0.00991873955764258,0.225,,,,No strong evidence of convergence
Overall,RUS,-0.03180001331140085,0.005,,,,Diverging
Overall,RWA,0.006371080426059946,0.705,,,,No strong evidence of convergence
Overall,SDN,0.022498636707574377,0.98,30.808414147642726,16.104862630994706,173.06750686820317,Converging
Overall,SEN,0.019184028258125586,0.99,36.13304936189396,19.5285500132188,116.36816126979231,Converging
Overall,SLB,0.015633501281387394,0.965,44.345411519357185,20.873944088741027,474.265159454538,Converging
Overall,SLE,-0.003990193994264465,0.38,,,,No strong evidence of convergence
Overall,SLV,0.03177566572538609,1.0,21.813909255115355,14.012759434832084,38.901841735959685,Converging
Overall,SOM,0.021182159107067864,0.985,32.72316258582505,17.804647757202222,181.5264960037385,Converging
Overall,SRB,-0.04959352638935238,0.01,,,,Diverging
Overall,STP,0.01192325210342653,0.645,,,,No strong evidence of convergence
Overall,SVK,-0.009796424683927264,0.445,,,,No strong evidence of convergence
Overall,SWE,0.01206760009498322,0.605,,,,No strong evidence of convergence
Overall,SWZ,0.022843746591979172,0.965,30.342973124877844,15.776806498602586,315.23187914579677,Converging
Overall,SYR,0.0034808250659764087,0.63,,,,No strong evidence of convergence
Overall,TCD,-0.012184679964339203,0.095,,,,Diverging
Overall,TGO,0.008187068590664145,0.86,84.7724509350247,33.99118370505833,,Converging
Overall,THA,0.08904961886631105,1.0,7.784142253302561,5.1750012600873845,13.384624471341136,Converging
Overall,TJK,0.05845360313598642,1.0,11.858078959159556,6.72642228524597,21.8591532590101,Converging
Overall,TKM,0.02539446526494124,0.835,27.295243404489398,7.374645496612008,,Converging
Overall,TLS,0.02841230459663243,0.995,24.396021826436737,15.832681120993255,110.65441712308312,Converging
Overall,TON,0.026577175084082916,0.965,26.080636166317305,13.529896948491343,170.49246139732531,Converging
Overall,TTO,0.08502756825850212,0.995,8.15244704214054,3.9698925599405515,40.62094666467988,Converging
Overall,TUN,0.05857102008810339,1.0,11.834477331966315,8.640871446554135,17.850581050084674,Converging
Overall,TUR,0.019961704734812007,0.96,34.72462901995123,17.35588258321309,165.81906017204454,Converging
Overall,TZA,0.019928718884372455,0.985,34.78346204010458,20.726828088193354,133.88393707709272,Converging
Overall,UGA,0.029846459517595646,1.0,23.223767192233,14.64169135768099,44.66228572124932,Converging
Overall,UKR,0.06394652300307209,1.0,10.839486065019011,6.485193734906561,26.06195861334558,Converging
Overall,URY,0.07556811649122792,1.0,9.172546406959757,6.519296882634334,15.510289052554034,Converging
Overall,USA,-0.022298612623765177,0.225,,,,No strong evidence of convergence
Overall,UZB,0.038949280824724986,0.995,17.796764481852954,9.984635484212752,75.40977007787266,Converging
Overall,VEN,0.04048157829526384,1.0,17.122567275317827,10.550404560796832,38.585344496961504,Converging
Overall,VNM,0.036180715886647986,1.0,19.15796584270795,12.022596291843698,32.47807142752876,Converging
Overall,WSM,0.02550314147556562,0.955,27.17908441715818,11.140476626473422,1960.162730705483,Converging
Overall,XKX,-0.04182097529899535,0.08,,,,Diverging
Overall,YEM,0.018301559442505194,0.995,37.87616350392297,21.983831068065072,115.52022121161995,Converging
Overall,ZAF,0.03244448820330556,1.0,21.36411839476954,12.957555229408266,47.36998722735342,Converging
Overall,ZMB,0.021151787443030996,0.995,32.770165377912846,22.02482405004013,123.3818247983791,Converging
Overall,ZWE,0.024722487988292567,1.0,28.037129840941567,18.363207397867622,51.69391821768018,Converging
Education,ARM,0.00938333205686795,0.56,,,,No strong evidence of convergence
Education,BGR,-0.037011537342898596,0.16,,,,Diverging
Education,BLR,0.013433149657993918,0.64,,,,No strong evidence of convergence
Education,BOL,-0.0017273764936502184,0.445,,,,No strong evidence of convergence
Education,BRA,-0.0017828468886620834,0.44,,,,No strong evidence of convergence
Education,BTN,-0.0017706203629340102,0.49,,,,No strong evidence of convergence
Education,BWA,0.018983573998270324,0.735,,,,No strong evidence of convergence
Education,CHL,0.01838924078491043,0.75,,,,No strong evidence of convergence
Education,CHN,0.016091769954254983,0.61,,,,No strong evidence of convergence
Education,CMR,-0.0009701829164970891,0.485,,,,No strong evidence of convergence
Education,COD,-0.0008448726776874129,0.485,,,,No strong evidence of convergence
Education,COL,-0.0011929646563849758,0.485,,,,No strong evidence of convergence
Education,COM,-0.002751087885046421,0.48,,,,No strong evidence of convergence
Education,CPV,-0.0009697601992572748,0.495,,,,No strong evidence of convergence
Education,CRI,0.015351941418583589,0.825,45.150683317504814,16.64771852938519,,Converging
Education,CYP,-0.029157189974460655,0.22,,,,No strong evidence of convergence
Education,CZE,-0.04834355875756627,0.085,,,,Diverging
Education,DJI,-0.025629901056382753,0.25,,,,No strong evidence of convergence
Education,DNK,-0.027971043389063453,0.265,,,,No strong evidence of convergence
Education,DOM,0.01243903777624199,0.73,,,,No strong evidence of convergence
Education,ECU,0.019309098172215898,0.86,35.903548017606774,15.62746615333321,,Converging
Education,EGY,0.009609047022413053,0.61,,,,No strong evidence of convergence
Education,ESP,-0.0158140646641782,0.29,,,,No strong evidence of convergence
Education,EST,-0.019270090319057295,0.295,,,,No strong evidence of convergence
Education,ETH,0.017929111440949375,0.755,,,,No strong evidence of convergence
Education,FIN,0.006771806347511643,0.55,,,,No strong evidence of convergence
Education,FRA,-0.018221689079733996,0.345,,,,No strong evidence of convergence
Education,GHA,0.02037861829579417,0.715,,,,No strong evidence of convergence
Education,GIN,0.014905002199432625,0.67,,,,No strong evidence of convergence
Education,GMB,-0.0028711133243934732,0.47,,,,No strong evidence of convergence
Education,GNB,0.005038755719205685,0.575,,,,No strong evidence of convergence
Education,GRC,-0.037480305654248244,0.185,,,,Diverging
Education,GTM,0.02117959165426865,0.835,32.7335130955126,14.632736276976539,,Converging
Education,HND,0.0039648273623246735,0.56,,,,No strong evidence of convergence
Education,HUN,-0.033140800446789194,0.135,,,,Diverging
Education,IDN,0.005543448483013282,0.54,,,,No strong evidence of convergence
Education,IND,-0.0015395337553597518,0.49,,,,No strong evidence of convergence
Education,IRL,-0.00020568729685739758,0.495,,,,No strong evidence of convergence
Education,ISL,-0.023004965763443165,0.28,,,,No strong evidence of convergence
Education,ITA,-0.012630382611543978,0.375,,,,No strong evidence of convergence
Education,JOR,0.018988481317543937,0.67,,,,No strong evidence of convergence
Education,KEN,-0.00271478759139947,0.45,,,,No strong evidence of convergence
Education,KHM,-0.013481885644095155,0.36,,,,No strong evidence of convergence
Education,KOR,0.018361706089722624,0.795,,,,No strong evidence of convergence
Education,LAO,-0.0048506820504583045,0.44,,,,No strong evidence of convergence
Education,LBR,0.011860691318686204,0.66,,,,No strong evidence of convergence
Education,LKA,-0.000563111441469308,0.49,,,,No strong evidence of convergence
Education,LSO,-0.003560696594823533,0.48,,,,No strong evidence of convergence
Education,LVA,-0.010404891807552146,0.4,,,,No strong evidence of convergence
Education,MAR,-0.0047512173214116805,0.46,,,,No strong evidence of convergence
Education,MDG,0.001831254347544704,0.53,,,,No strong evidence of convergence
Education,MDV,0.03327406171053851,0.825,20.832054649457834,6.363166546309928,,Converging
Education,MEX,0.011855348316070763,0.745,,,,No strong evidence of convergence
Education,MLI,-0.010251212840082806,0.34,,,,No strong evidence of convergence
Education,MMR,0.005849946045164767,0.56,,,,No strong evidence of convergence
Education,MNE,-0.022933418232572875,0.34,,,,No strong evidence of convergence
Education,MNG,-0.049501529483053024,0.035,,,,Diverging
Education,MOZ,0.005821556446647802,0.56,,,,No strong evidence of convergence
Education,MRT,-0.009424582850118006,0.415,,,,No strong evidence of convergence
Education,MWI,-0.010432244498661054,0.405,,,,No strong evidence of convergence
Education,NAM,-0.010376847772646618,0.41,,,,No strong evidence of convergence
Education,NER,0.013366589422975205,0.61,,,,No strong evidence of convergence
Education,NGA,0.020443079523979744,0.725,,,,No strong evidence of convergence
Education,NIC,0.00015960015939132005,0.5,,,,No strong evidence of convergence
Education,NPL,0.009865611544431614,0.625,,,,No strong evidence of convergence
Education,PAK,0.001909878935252462,0.54,,,,No strong evidence of convergence
Education,PAN,0.007349686699003211,0.625,,,,No strong evidence of convergence
Education,PER,0.0033637107160041637,0.565,,,,No strong evidence of convergence
Education,PHL,0.014474193999447894,0.59,,,,No strong evidence of convergence
Education,POL,-0.058220637674429226,0.07,,,,Diverging
Education,PRT,-0.05582101918907555,0.085,,,,Diverging
Education,PRY,0.003287267583234001,0.63,,,,No strong evidence of convergence
Education,ROU,0.014419125965203517,0.75,,,,No strong evidence of convergence
Education,RUS,-0.012269056435940635,0.42,,,,No strong evidence of convergence
Education,RWA,0.06065284977843734,0.975,11.428192917777697,6.481463478287475,103.86206477356495,Converging
Education,SEN,0.029945053811293677,0.79,,,,No strong evidence of convergence
Education,SLV,0.018843945041935928,0.87,36.795100434410244,14.510303037176094,,Converging
Education,SRB,-0.00881116502032755,0.36,,,,No strong evidence of convergence
Education,STP,0.017838530948750403,0.645,,,,No strong evidence of convergence
Education,SVK,-0.025224995859328934,0.265,,,,No strong evidence of convergence
Education,SWE,-0.01153787520685009,0.39,,,,No strong evidence of convergence
Education,SWZ,0.004692321396381975,0.545,,,,No strong evidence of convergence
Education,TCD,0.005834309491021555,0.585,,,,No strong evidence of convergence
Education,TGO,0.007636931475633045,0.605,,,,No strong evidence of convergence
Education,THA,0.0032619369097564516,0.525,,,,No strong evidence of convergence
Education,TJK,-0.032696667845034125,0.245,,,,No strong evidence of convergence
Education,TLS,0.004113046809071023,0.53,,,,No strong evidence of convergence
Education,TUR,0.0072186984039550334,0.6,,,,No strong evidence of convergence
Education,TZA,-0.008177001317799502,0.4,,,,No strong evidence of convergence
Education,UGA,0.004947622021893134,0.615,,,,No strong evidence of convergence
Education,UKR,0.005581539243348371,0.58,,,,No strong evidence of convergence
Education,URY,0.005849540464099117,0.605,,,,No strong evidence of convergence
Education,USA,0.011396849613311218,0.585,,,,No strong evidence of convergence
Education,XKX,-0.009633372116597046,0.4,,,,No strong evidence of convergence
Education,YEM,0.0014641005524313586,0.505,,,,No strong evidence of convergence
Education,ZAF,0.018720949662101874,0.83,37.025935559409994,14.427936050259028,,Converging
Education,ZMB,0.006341640649332453,0.62,,,,No strong evidence of convergence
Education,ZWE,0.013159157688382824,0.665,,,,No strong evidence of convergence
Employment,ARM,0.005437806738034012,0.6,,,,No strong evidence of convergence
Employment,BGD,-0.02028708174442071,0.235,,,,No strong evidence of convergence
Employment,BGR,-0.023627790860532426,0.185,,,,Diverging
Employment,BOL,-0.005787882308653432,0.235,,,,No strong evidence of convergence
Employment,BRA,-0.0009317711526357752,0.47,,,,No strong evidence of convergence
Employment,BTN,0.014747416458215007,0.825,47.0042361684748,16.857955089292773,,Converging
Employment,BWA,0.03749369190782501,0.93,18.487034674485148,8.686619571382142,,Converging
Employment,CHL,0.005424630991991263,0.61,,,,No strong evidence of convergence
Employment,CHN,0.028584252872896985,0.93,24.249677781543312,11.550555754370498,,Converging
Employment,CMR,0.007527653471506361,0.65,,,,No strong evidence of convergence
Employment,COD,0.01630944447525155,0.7,,,,No strong evidence of convergence
Employment,COL,-0.007992714292096087,0.22,,,,No strong evidence of convergence
Employment,COM,0.018955860631326562,0.71,,,,No strong evidence of convergence
Employment,CPV,0.0051477975586611616,0.575,,,,No strong evidence of convergence
Employment,CRI,0.013813204912910295,0.92,50.18025583586878,24.360415793254305,,Converging
Employment,CYP,0.030554735651269684,0.915,22.686825556791675,9.634142718695095,,Converging
Employment,CZE,-0.048550548271272184,0.015,,,,Diverging
Employment,DEU,-0.011748246793560417,0.345,,,,No strong evidence of convergence
Employment,DJI,-0.013482921019797874,0.325,,,,No strong evidence of convergence
Employment,DNK,0.015285217732172934,0.65,,,,No strong evidence of convergence
Employment,DOM,0.004675577620642526,0.61,,,,No strong evidence of convergence
Employment,ECU,0.0008491595226185718,0.55,,,,No strong evidence of convergence
Employment,EGY,-0.00024495779641472764,0.485,,,,No strong evidence of convergence
Employment,ESP,-0.006111136668182322,0.325,,,,No strong evidence of convergence
Employment,EST,0.016526871421184072,0.9,41.94172498694196,18.481836897274608,,Converging
Employment,ETH,0.011932216251327118,0.81,58.09041185722061,18.576726222779484,,Converging
Employment,FIN,0.025098350854885657,0.915,27.617345364110946,13.53748561552907,,Converging
Employment,FRA,0.003348238918492053,0.585,,,,No strong evidence of convergence
Employment,GBR,0.014830643414871683,0.715,,,,No strong evidence of convergence
Employment,GEO,-0.013461265957018492,0.36,,,,No strong evidence of convergence
Employment,GHA,-0.0024338878756170173,0.455,,,,No strong evidence of convergence
Employment,GIN,0.038008173329034424,0.935,18.23710052266163,8.158495241024774,,Converging
Employment,GMB,-0.007373440018463751,0.33,,,,No strong evidence of convergence
Employment,GNB,0.018054094510161614,0.715,,,,No strong evidence of convergence
Employment,GRC,0.008713968828922732,0.705,,,,No strong evidence of convergence
Employment,GTM,0.06594468761259242,0.975,10.511039983190052,5.599122264051887,63.17462866476119,Converging
Employment,HND,0.0018819170465532201,0.545,,,,No strong evidence of convergence
Employment,HUN,-0.02417428518466335,0.185,,,,Diverging
Employment,IDN,0.0068769132334091584,0.805,100.79357980577305,24.780161695527944,,Converging
Employment,IND,-0.0006989520636306271,0.475,,,,No strong evidence of convergence
Employment,IRL,0.018858320988387266,0.795,,,,No strong evidence of convergence
Employment,ISL,0.015889257070563642,0.74,,,,No strong evidence of convergence
Employment,ITA,-0.011788808248067426,0.29,,,,No strong evidence of convergence
Employment,JOR,0.03234010879206149,0.89,21.433821156410858,9.19142358505309,,Converging
Employment,KEN,0.03308157712570135,0.88,20.957297822128815,6.224285621605341,,Converging
Employment,KHM,-0.035238805546301114,0.07,,,,Diverging
Employment,KOR,0.0041363247510422,0.685,,,,No strong evidence of convergence
Employment,LAO,-0.0013404673163060592,0.485,,,,No strong evidence of convergence
Employment,LBR,0.02303285512271326,0.84,30.09422264962749,11.420432213784034,,Converging
Employment,LKA,0.004897464005194283,0.66,,,,No strong evidence of convergence
Employment,LTU,0.00019053452685398689,0.505,,,,No strong evidence of convergence
Employment,LUX,0.017560101742234595,0.84,39.480974672104935,16.069856545315936,,Converging
Employment,LVA,0.01121713133344315,0.765,,,,No strong evidence of convergence
Employment,MAR,8.761778401186054e-05,0.51,,,,No strong evidence of convergence
Employment,MDG,0.026693632863162616,0.775,,,,No strong evidence of convergence
Employment,MDV,-0.009461881011719166,0.365,,,,No strong evidence of convergence
Employment,MEX,0.007287097047467918,0.665,,,,No strong evidence of convergence
Employment,MLI,0.004597338221904447,0.58,,,,No strong evidence of convergence
Employment,MMR,0.009119912551139212,0.64,,,,No strong evidence of convergence
Employment,MNG,0.012228603122259171,0.71,,,,No strong evidence of convergence
Employment,MOZ,0.009680736570240843,0.68,,,,No strong evidence of convergence
Employment,MRT,0.027175122880258265,0.92,25.508599393692293,11.512873656044642,,Converging
Employment,MWI,-0.005014921725312557,0.425,,,,No strong evidence of convergence
Employment,NAM,-0.0007822921418916911,0.495,,,,No strong evidence of convergence
Employment,NER,0.006090350208663588,0.545,,,,No strong evidence of convergence
Employment,NGA,0.01871713629700706,0.765,,,,No strong evidence of convergence
Employment,NIC,-0.008146659723375377,0.31,,,,No strong evidence of convergence
Employment,NPL,0.015357485944799106,0.71,,,,No strong evidence of convergence
Employment,PAK,0.007707347475674144,0.78,,,,No strong evidence of convergence
Employment,PAN,-0.0038987768387014356,0.335,,,,No strong evidence of convergence
Employment,PER,0.004414719043157314,0.7,,,,No strong evidence of convergence
Employment,PHL,0.011554641318757141,0.84,59.989199479050384,25.17347988272077,,Converging
Employment,POL,0.004957596874523993,0.655,,,,No strong evidence of convergence
Employment,PRT,-0.01921281888882624,0.185,,,,Diverging
Employment,PRY,0.010113686886820879,0.785,,,,No strong evidence of convergence
Employment,PSE,-0.030546210448316853,0.115,,,,Diverging
Employment,ROU,0.02231793411343689,0.97,31.059837700266137,14.306460339080315,328.52261829612235,Converging
Employment,RUS,0.0190742912764124,0.83,36.33936797619846,12.438562138252786,,Converging
Employment,RWA,0.02286981336045362,0.955,30.308914541379437,15.262923127402454,1199.4149096155595,Converging
Employment,SEN,0.007348758518936754,0.625,,,,No strong evidence of convergence
Employment,SLV,0.01282151368668682,0.815,54.06131915033437,20.680768933022428,,Converging
Employment,SRB,-0.034272585901786695,0.215,,,,No strong evidence of convergence
Employment,STP,0.034394374029073096,0.84,20.153388771526075,7.773334177410947,,Converging
Employment,SVK,-0.004931199938268146,0.44,,,,No strong evidence of convergence
Employment,SWE,-0.037137479193335585,0.125,,,,Diverging
Employment,SWZ,-0.039029117260284865,0.165,,,,Diverging
Employment,TCD,0.005303455401269327,0.6,,,,No strong evidence of convergence
Employment,TGO,0.011373901734490868,0.625,,,,No strong evidence of convergence
Employment,THA,0.027733437531535912,1.0,24.99321063460183,15.448175997703027,57.091324642116184,Converging
Employment,TJK,0.008456183214959882,0.62,,,,No strong evidence of convergence
Employment,TLS,-0.004915101858618398,0.42,,,,No strong evidence of convergence
Employment,TUN,0.008037805678839473,0.705,,,,No strong evidence of convergence
Employment,TUR,0.009224170619336385,0.725,,,,No strong evidence of convergence
Employment,TZA,0.0044775003708898975,0.64,,,,No strong evidence of convergence
Employment,UGA,0.018813104710360892,0.865,36.84404864783646,14.378253779124787,,Converging
Employment,URY,0.0004267885212448798,0.5,,,,No strong evidence of convergence
Employment,USA,-0.034910058303288756,0.065,,,,Diverging
Employment,XKX,0.043618070834417266,0.98,15.891288194987375,9.420020792077564,124.88833971504042,Converging
Employment,YEM,0.04473089435235496,0.88,15.496806504713177,3.8782583367673604,,Converging
Employment,ZAF,0.02079679340881708,0.975,33.32956715961819,19.113821159473105,336.74365943686496,Converging
Employment,ZMB,0.03951677115386085,0.995,17.540583828093503,10.62712532222145,60.35488977466339,Converging
Employment,ZWE,0.01385254404978056,0.865,50.03758980859257,16.76564869290735,,Converging
Health,AFG,-0.022200651497963547,0.0,,,,Diverging
Health,AGO,0.004844545920799249,0.9,143.07960892990238,61.96959419119561,,Converging
Health,ARG,-0.022399039095825423,0.005,,,,Diverging
Health,ARM,-0.044950822580308664,0.0,,,,Diverging
Health,AZE,-0.023311137023128373,0.0,,,,Diverging
Health,BEN,0.024907029616257237,1.0,27.82937973339137,22.306457123223087,36.882370126515944,Converging
Health,BFA,0.051567462277055276,1.0,13.441561254465375,12.038335618664911,14.841181171529092,Converging
Health,BGD,0.09915362574914799,1.0,6.990639068498359,6.1747911433030085,7.94364008908757,Converging
Health,BGR,0.001027643383978755,0.545,,,,No strong evidence of convergence
Health,BIH,-0.006471081047745284,0.075,,,,Diverging
Health,BLZ,-0.07446073712052606,0.0,,,,Diverging
Health,BOL,0.014598132557654355,1.0,47.481913039974444,33.29777932308274,74.182932304367,Converging
Health,BRA,-0.006640614422955267,0.03,,,,Diverging
Health,BWA,0.02670461651069483,1.0,25.956080707454987,20.765985739825165,32.86773288338977,Converging
Health,CAF,0.004487018495639424,0.885,154.47846540848136,69.14225608795115,,Converging
Health,CHN,0.013530021202812298,1.0,51.23108939863258,35.115921556730235,92.64079197177774,Converging
Health,CIV,0.01860383780938358,1.0,37.258290061256645,28.10250784300475,52.93407597089155,Converging
Health,CMR,-0.008541174580316276,0.005,,,,Diverging
Health,COG,-0.021011950833663893,0.0,,,,Diverging
Health,COL,-0.028603399475241188,0.0,,,,Diverging
Health,COM,0.1034264645370292,1.0,6.701835782315953,5.926949070076537,7.542228418581899,Converging
Health,CPV,0.037130323617300606,1.0,18.66795469940827,15.784448672699043,22.091847237712564,Converging
Health,CRI,0.024903108761892195,1.0,27.83376348508954,22.338338396899484,37.98691549221055,Converging
Health,CUB,0.038651250814106114,1.0,17.933423934281787,15.453864258413319,22.3670927027532,Converging
Health,DEU,-0.0007354038487429747,0.44,,,,No strong evidence of convergence
Health,DJI,-0.0033082844435083723,0.195,,,,Diverging
Health,DMA,0.028798022433872323,0.645,,,,No strong evidence of convergence
Health,DOM,-0.012396021824809436,0.0,,,,Diverging
Health,DZA,0.03836720583932131,1.0,18.06613657225536,15.645250967594851,21.715581029147724,Converging
Health,ECU,0.005544713078815931,0.935,125.03084765379761,60.18507834225418,,Converging
Health,EGY,-0.046905012578256806,0.0,,,,Diverging
Health,ERI,0.04784865620876011,1.0,14.48630463425636,11.67918664968594,17.958254165539667,Converging
Health,ETH,0.022812457066203704,1.0,30.384624858745916,24.5340618011312,39.870495407150194,Converging
Health,GAB,-0.00729871659929033,0.025,,,,Diverging
Health,GEO,-0.013679113857317689,0.0,,,,Diverging
Health,GHA,0.040997618348078274,1.0,16.907015064180428,14.829218933995818,20.35349379692622,Converging
Health,GIN,0.021083470822440623,1.0,32.87641537437682,26.15973904780377,45.1572490010964,Converging
Health,GNB,0.04032117543419895,1.0,17.190665493553333,15.156494951313686,19.771675705077747,Converging
Health,GNQ,0.021884100971541635,1.0,31.6735597788552,21.83211348915792,57.27192660387813,Converging
Health,GRC,0.01910008549466043,1.0,36.29029076586278,27.82943321895194,51.878666239440065,Converging
Health,GTM,0.016447252050312437,1.0,42.14364801160039,30.386709639199676,70.09825316546298,Converging
Health,GUY,0.025031088875216875,1.0,27.691464372968248,21.082261446009753,37.80974795096851,Converging
Health,HND,0.009795915684626249,1.0,70.76015558065765,42.21194654338214,162.94568499906563,Converging
Health,HRV,-0.001623320899471533,0.4,,,,No strong evidence of convergence
Health,HTI,0.04058823084447668,1.0,17.077541115825206,14.920497836642284,20.337174817636804,Converging
Health,IDN,0.04321041441115437,1.0,16.041206601509053,13.868529165171312,18.823469762485285,Converging
Health,IND,0.07273041549690282,1.0,9.530362512771752,8.875454634905601,10.346049816612318,Converging
Health,IRN,0.017833071641773862,1.0,38.86864071118028,30.388081679776914,56.96706383052336,Converging
Health,IRQ,0.0040604007277679835,0.86,170.7269022058824,66.8853074376869,,Converging
Health,JOR,-0.021529444764178007,0.0,,,,Diverging
Health,KHM,0.05318803055612643,1.0,13.032014504365222,11.612779781836624,15.048784409755934,Converging
Health,KIR,0.05639292094680994,1.0,12.291387024034877,11.215629357983003,13.931821955363732,Converging
Health,LAO,-0.00941505677487002,0.01,,,,Diverging
Health,LBR,0.01716992801415414,1.0,40.36992144714683,31.35409289924754,63.545156007317765,Converging
Health,LTU,0.01925595117831162,1.0,35.99653113570561,28.61839770899481,57.88887283864482,Converging
Health,LVA,0.01645130211647446,1.0,42.13327190509723,29.01983955135179,70.76336912349711,Converging
Health,MAR,-0.018747507142869817,0.0,,,,Diverging
Health,MDA,0.03418744592416239,1.0,20.274905402223375,17.48903277889114,24.045039400643706,Converging
Health,MDG,0.022716497064227688,1.0,30.512943781567103,23.197387089314994,44.009624512049406,Converging
Health,MDV,0.027398370470878432,0.94,25.299208299615067,19.191240674025163,,Converging
Health,MEX,0.037104525535346836,1.0,18.680937542468172,15.96338777742272,21.843157413381352,Converging
Health,MHL,0.03400968928519552,1.0,20.380874429352886,17.63274802830638,24.72799630588047,Converging
Health,MKD,-0.018863894514135473,0.0,,,,Diverging
Health,MLI,0.03159032922842725,1.0,21.941939434445814,18.043100985930348,26.385965137388794,Converging
Health,MMR,0.04293019043777639,1.0,16.145914432688336,13.902219355873532,19.319098402016973,Converging
Health,MNE,-0.10191068047934618,0.0,,,,Diverging
Health,MNG,-0.0013474883457404987,0.355,,,,No strong evidence of convergence
Health,MOZ,0.01830316532531317,1.0,37.87034473243217,28.78014915952907,57.70759276612543,Converging
Health,MRT,-0.008811422123348388,0.005,,,,Diverging
Health,MUS,-0.013824907089670768,0.0,,,,Diverging
Health,MYS,0.09091518277434432,1.0,7.624108140146133,6.773292179544558,9.672589890572885,Converging
Health,NAM,0.030050185616786348,1.0,23.066325460991152,19.586220945910622,29.53020084869399,Converging
Health,NER,-0.0011626200106518803,0.36,,,,No strong evidence of convergence
Health,NGA,-0.10176313809737608,0.0,,,,Diverging
Health,NIC,0.0019726860272270682,0.53,,,,No strong evidence of convergence
Health,OMN,0.1489733690412222,1.0,4.6528262475976145,4.065720010845722,6.37535728253474,Converging
Health,PAK,0.03413581783778136,1.0,20.305607778756567,17.285838244873474,24.729745734063073,Converging
Health,PAN,-0.025998915525556547,0.0,,,,Diverging
Health,PER,0.020463252653569665,1.0,33.872795200608316,26.64101181101826,48.968826131431435,Converging
Health,PLW,0.039153573110577704,1.0,17.703329529152036,14.929124072316696,20.528590411775237,Converging
Health,PNG,0.026688672363255707,1.0,25.971616066944918,21.609419693008874,32.95923615488706,Converging
Health,PRK,-0.04032187905606906,0.0,,,,Diverging
Health,PSE,-0.018695810105850537,0.0,,,,Diverging
Health,ROU,-0.0035385058628773216,0.19,,,,Diverging
Health,RUS,-0.06494918004198655,0.0,,,,Diverging
Health,SAU,-0.06738669832404373,0.0,,,,Diverging
Health,SDN,0.03248974558897237,1.0,21.334336981607336,18.161778852361053,26.522161493447292,Converging
Health,SEN,0.036060084693398456,1.0,19.22201177498144,16.518127706536117,23.03378572251763,Converging
Health,SLB,0.0007215995631198505,0.605,,,,No strong evidence of convergence
Health,SLE,0.017235907515032674,1.0,40.21530114241885,29.01393662483972,57.501974974778165,Converging
Health,SLV,-0.005894988175580621,0.075,,,,Diverging
Health,SOM,0.050441727213191456,1.0,13.741546947886036,12.485103435830279,15.438920684631027,Converging
Health,SRB,-0.07171251387955943,0.0,,,,Diverging
Health,SSD,-0.010089240774461886,0.13,,,,Diverging
Health,STP,0.030850854407142376,1.0,22.467681820131794,18.83139088457692,28.073962322781338,Converging
Health,SUR,0.014132913967060956,1.0,49.04516202619992,34.42670252547479,78.70791633376278,Converging
Health,SYR,0.020233627525819774,1.0,34.25729708218544,26.054309935826673,52.87130247935557,Converging
Health,TCA,0.002635831872696503,0.58,,,,No strong evidence of convergence
Health,TCD,-0.02553557735929555,0.0,,,,Diverging
Health,TGO,0.03461223970567812,1.0,20.02607132970264,17.316642647650202,23.767022308482858,Converging
Health,TLS,0.06183333818324039,1.0,11.209929031292997,10.035528019415592,12.778761474484607,Converging
Health,TON,0.03916912553384011,1.0,17.696268683548936,15.19320071144709,20.664630977256238,Converging
Health,TUR,0.011449586504764374,1.0,60.53927018822463,39.222001225632624,117.14374570765597,Converging
Health,TZA,0.027371247714214196,1.0,25.323924600473525,21.29140986982671,32.256697013286725,Converging
Health,UGA,0.020105193146676414,1.0,34.476236633837885,25.992870524540237,48.39850985576371,Converging
Health,UKR,0.0459143010961401,1.0,15.096542663496802,13.373638405839046,17.38844075532785,Converging
Health,VCT,-0.008852718578912861,0.08,,,,Diverging
Health,VNM,0.004677704648133154,0.855,148.19801461199455,71.77386460360059,,Converging
Health,VUT,0.06605539738041913,1.0,10.493422311025352,9.447199040826582,11.79935035944326,Converging
Health,WSM,-0.014013789754626802,0.01,,,,Diverging
Health,YEM,0.015257217364529929,1.0,45.43086682808409,31.54880708351359,76.23083521471487,Converging
Health,ZMB,0.06712484875915793,1.0,10.326242842066847,9.567024571924142,11.46741745497547,Converging
Health,ZWE,0.05527680037555312,1.0,12.53958390089152,11.223955658527116,14.226785844665065,Converging
Infrastructure,AFG,0.006204366542391043,0.975,111.71951101739785,59.8480961572269,502.6905175078953,Converging
Infrastructure,AGO,0.005066284201498244,0.93,136.81706361634957,63.9421546388066,,Converging
Infrastructure,ALB,0.002228756189293146,0.745,,,,No strong evidence of convergence
Infrastructure,ARG,0.04012167708555536,1.0,17.27612790387628,14.905612859068516,20.502538666229324,Converging
Infrastructure,ARM,0.01377013240774197,1.0,50.337002448783664,36.24172078562676,94.93090316010955,Converging
Infrastructure,AZE,0.03033812631913778,1.0,22.847396473231534,19.15574406628,28.26391026779496,Converging
Infrastructure,BEN,-0.0038862257770252324,0.11,,,,Diverging
Infrastructure,BFA,-0.0012506880617850357,0.35,,,,No strong evidence of convergence
Infrastructure,BGD,0.019671225411996684,1.0,35.2366089894923,26.111585528803634,48.015207148286606,Converging
Infrastructure,BGR,-0.02002563342504942,0.26,,,,No strong evidence of convergence
Infrastructure,BIH,-0.004059252077239542,0.095,,,,Diverging
Infrastructure,BLR,0.10173412847077272,1.0,6.813320087826669,6.362743336546035,7.562116411063894,Converging
Infrastructure,BLZ,0.005973686005625189,0.98,116.03341434836554,59.83200467939621,1095.0373914828083,Converging
Infrastructure,BOL,-0.0034837913216844113,0.21,,,,No strong evidence of convergence
Infrastructure,BRA,0.004050150487453769,0.885,171.165410199996,70.2139724924549,,Converging
Infrastructure,BTN,0.030439372354118574,1.0,22.77141751769389,18.912175300135566,27.959759705368256,Converging
Infrastructure,BWA,-0.0127552034711396,0.0,,,,Diverging
Infrastructure,CAF,-0.061534315854959,0.0,,,,Diverging
Infrastructure,CHN,0.01043146686111534,1.0,66.44775005297862,44.40703624604057,133.18755922839506,Converging
Infrastructure,CIV,0.0006477934896129293,0.57,,,,No strong evidence of convergence
Infrastructure,CMR,0.006493728694158776,0.98,106.74334058165667,59.83708657894464,538.1317534402178,Converging
Infrastructure,COD,-0.006490677616108902,0.025,,,,Diverging
Infrastructure,COG,-0.008962187500158415,0.02,,,,Diverging
Infrastructure,COL,-0.0092028366953472,0.0,,,,Diverging
Infrastructure,COM,-0.007965979552741378,0.0,,,,Diverging
Infrastructure,CPV,0.006050740203920995,0.96,114.5562773706917,61.25617801581247,1991.6084022272664,Converging
Infrastructure,CRI,0.011267733246859493,1.0,61.518238463834315,40.29803348147716,115.17241316631369,Converging
Infrastructure,CUB,0.02068910348387678,1.0,33.50300748654986,25.62331545603435,46.724957714739695,Converging
Infrastructure,CUW,-0.001619886815925823,0.495,,,,No strong evidence of convergence
Infrastructure,DJI,-0.04481170299196706,0.0,,,,Diverging
Infrastructure,DMA,0.024013183775646013,1.0,28.865344079986798,22.79842635886278,40.34578962266238,Converging
Infrastructure,DOM,0.0035592639197172217,0.875,194.7446047341955,73.49509035023719,,Converging
Infrastructure,DZA,0.06840249191000461,1.0,10.133362154991655,9.094221915232062,11.067338923490098,Converging
Infrastructure,ECU,0.010225610052518645,1.0,67.78562239949298,43.179777228643175,162.73873325352963,Converging
Infrastructure,ERI,-0.0016950737312935462,0.315,,,,No strong evidence of convergence
Infrastructure,ETH,-0.041407145711402624,0.0,,,,Diverging
Infrastructure,FJI,0.006192625407143106,0.955,111.95469838900073,57.94911578187697,5564.802561500738,Converging
Infrastructure,FSM,-0.007268944600415056,0.01,,,,Diverging
Infrastructure,GAB,-0.0018815864871580123,0.25,,,,No strong evidence of convergence
Infrastructure,GEO,0.03397343000699557,1.0,20.40262766570141,17.65283826710932,25.23907334713808,Converging
Infrastructure,GHA,0.017652218438232854,1.0,39.26688385639733,29.106042611137322,57.598397476853435,Converging
Infrastructure,GIB,-0.028579861556794914,0.115,,,,Diverging
Infrastructure,GIN,-0.031030327555993803,0.0,,,,Diverging
Infrastructure,GMB,-0.008593652223677611,0.005,,,,Diverging
Infrastructure,GNB,0.01921472709661727,1.0,36.07390281974356,28.010770569082588,52.08458631811796,Converging
Infrastructure,GNQ,-0.009124600837196486,0.015,,,,Diverging
Infrastructure,GRD,-0.08600669493869781,0.0,,,,Diverging
Infrastructure,GTM,-0.0008698150643530755,0.4,,,,No strong evidence of convergence
Infrastructure,HKG,-0.03713680526059754,0.085,,,,Diverging
Infrastructure,HND,0.010899071248404626,1.0,63.59922043567874,43.65363230083336,145.1284315412996,Converging
Infrastructure,HTI,0.01614688816719494,1.0,42.92776534691898,31.2934838470475,62.252279180154886,Converging
Infrastructure,IDN,0.012818674568271852,1.0,54.07963901119386,38.377195709839945,94.67307794250691,Converging
Infrastructure,IND,0.0054732025045372504,0.955,126.64387790080801,60.24956134858048,10094.560786272674,Converging
Infrastructure,IRN,0.00390931831198111,0.86,177.30685095790562,72.92258899905062,,Converging
Infrastructure,IRQ,0.04652532991966746,1.0,14.898278587113008,12.34659253558859,18.746246276234572,Converging
Infrastructure,JAM,0.05071167337457172,1.0,13.668422839869308,12.385444231054686,15.061013596860388,Converging
Infrastructure,JOR,0.012861834422781666,0.995,53.89317077816832,29.082912822171487,161.29714204182244,Converging
Infrastructure,KAZ,0.025858868629148615,1.0,26.805060765399993,22.215645623147985,36.06694861903956,Converging
Infrastructure,KEN,0.0014953303440346883,0.66,,,,No strong evidence of convergence
Infrastructure,KGZ,0.016129464501748656,1.0,42.97438891756718,31.670283619000696,62.984843167531615,Converging
Infrastructure,KHM,0.029927200913304752,1.0,23.161109816979902,19.71014090644075,27.844964311946065,Converging
Infrastructure,KIR,-0.05293475933173532,0.0,,,,Diverging
Infrastructure,LAO,-0.009861750198235531,0.0,,,,Diverging
Infrastructure,LBN,-0.016671334327753168,0.37,,,,No strong evidence of convergence
Infrastructure,LBY,-0.00886821917668525,0.25,,,,No strong evidence of convergence
Infrastructure,LIE,-0.003494116252410354,0.49,,,,No strong evidence of convergence
Infrastructure,LKA,0.0025625469313206722,0.725,,,,No strong evidence of convergence
Infrastructure,LSO,-0.00383988090553498,0.135,,,,Diverging
Infrastructure,MAC,-0.025048000737529916,0.18,,,,Diverging
Infrastructure,MAF,0.0006708726734003798,0.505,,,,No strong evidence of convergence
Infrastructure,MAR,0.06018618604152994,1.0,11.516715547744084,10.456511011531061,12.63576147493129,Converging
Infrastructure,MDA,0.058873298506610536,1.0,11.773544115336135,10.767952870475138,12.914242725764405,Converging
Infrastructure,MDG,-0.029788886249338817,0.0,,,,Diverging
Infrastructure,MEX,0.03450486168122996,1.0,20.088397209888882,17.00048907355591,24.373764614113757,Converging
Infrastructure,MHL,-0.04965484701411116,0.0,,,,Diverging
Infrastructure,MKD,-0.02066316425374274,0.0,,,,Diverging
Infrastructure,MLI,-0.009572531032007746,0.015,,,,Diverging
Infrastructure,MMR,0.003289057976815513,0.795,,,,No strong evidence of convergence
Infrastructure,MNE,0.02333299598517316,1.0,29.70674035589102,23.851102580934885,39.12126373638334,Converging
Infrastructure,MNG,0.013271948193573798,1.0,52.22648805225225,38.87485264736954,88.9769731343659,Converging
Infrastructure,MOZ,-0.018078952079826557,0.0,,,,Diverging
Infrastructure,MRT,-0.009541674675279305,0.0,,,,Diverging
Infrastructure,MUS,0.03926359292933091,1.0,17.653690052654504,14.66660520209127,21.410516866186935,Converging
Infrastructure,MWI,0.011262192329149396,1.0,61.54638491682014,41.86891453070479,121.46078326157175,Converging
Infrastructure,MYS,0.02126527861220728,1.0,32.59527473522256,25.67904139298251,43.25378513488278,Converging
Infrastructure,NAM,0.00781790416685491,0.985,88.66159137680938,51.26244438153876,309.7553261195892,Converging
Infrastructure,NCL,-0.015072326513406354,0.43,,,,No strong evidence of convergence
Infrastructure,NER,-0.032178339071023895,0.0,,,,Diverging
Infrastructure,NGA,-0.024757002407627286,0.0,,,,Diverging
Infrastructure,NIC,-0.017202111110500753,0.0,,,,Diverging
Infrastructure,NPL,0.022013598253233797,1.0,31.487227707583983,25.62021275416546,43.97314351216671,Converging
Infrastructure,PAK,0.013416313727594682,1.0,51.66450883073213,36.22153872960541,87.65269946288724,Converging
Infrastructure,PER,0.011284625368884514,1.0,61.42549494505512,40.48518289480197,118.81601029057755,Converging
Infrastructure,PHL,-0.0031438524809882327,0.19,,,,Diverging
Infrastructure,PNG,0.04188894906921069,1.0,16.54728181472737,14.655439315918551,19.19624436427759,Converging
Infrastructure,PRK,-0.08961140240443086,0.0,,,,Diverging
Infrastructure,PRY,0.004297073954139615,0.865,161.36471218496217,73.76902903577742,,Converging
Infrastructure,PSE,0.08075972252148253,0.91,8.582858050112701,4.087959362011968,,Converging
Infrastructure,SDN,0.017586823255732544,1.0,39.413032036281415,28.321630309226745,61.907339907930336,Converging
Infrastructure,SEN,0.012900167520441902,1.0,53.73464364948892,37.990332798562825,98.41827228197612,Converging
Infrastructure,SLB,-0.016322831319142396,0.0,,,,Diverging
Infrastructure,SLV,0.01660069314095121,1.0,41.754110796536786,29.71275206590423,63.071191198778635,Converging
Infrastructure,SRB,0.015271561725347464,1.0,45.38813749757904,33.146777900574946,68.51895866344333,Converging
Infrastructure,SUR,0.010655439849748254,1.0,65.05275800115407,43.11604604126043,166.43658800809308,Converging
Infrastructure,SWZ,-0.013260586025615816,0.0,,,,Diverging
Infrastructure,SYR,-0.02131176131006482,0.0,,,,Diverging
Infrastructure,TCD,-0.08819860272541784,0.0,,,,Diverging
Infrastructure,TGO,-0.07208123821911805,0.0,,,,Diverging
Infrastructure,THA,0.031434540832706165,1.0,22.05049832308203,18.147518954248994,26.42606550447927,Converging
Infrastructure,TJK,-0.0022219623322235846,0.245,,,,No strong evidence of convergence
Infrastructure,TLS,0.006935959976610778,0.96,99.94003598808264,53.84439244607042,909.0662370447772,Converging
Infrastructure,TON,0.035565651344388605,1.0,19.489232329914273,16.42072452993321,23.29789320164837,Converging
Infrastructure,TUR,-0.015137978186519201,0.0,,,,Diverging
Infrastructure,TZA,-0.03771506855960387,0.0,,,,Diverging
Infrastructure,UGA,0.008433162172179293,1.0,82.19321819379319,49.2237892861239,195.74020294586435,Converging
Infrastructure,UKR,-0.034493747225394944,0.0,,,,Diverging
Infrastructure,UZB,0.011233840777347178,1.0,61.7020385409113,43.14319053940322,121.47855866813248,Converging
Infrastructure,VEN,0.04170348376891751,1.0,16.620849412521036,14.684948724934216,19.4481489824582,Converging
Infrastructure,VGB,0.008050032097699,0.57,,,,No strong evidence of convergence
Infrastructure,VNM,0.04795975535957234,1.0,14.452683838389358,12.667741707527057,16.428363306196513,Converging
Infrastructure,VUT,0.02021758892369019,1.0,34.28436550177854,26.437866549184793,47.8441667778725,Converging
Infrastructure,WSM,0.024460095286709893,1.0,28.337877739498477,23.814521090032617,39.22235558957319,Converging
Infrastructure,YEM,-0.0015903498559031856,0.295,,,,No strong evidence of convergence
Infrastructure,ZAF,-0.011222519141914975,0.005,,,,Diverging
Infrastructure,ZMB,0.023846696989661645,1.0,29.067112344831386,23.459692961629738,39.414919790727495,Converging
Infrastructure,ZWE,0.012791416332802518,1.0,54.191227734995536,37.73276014170945,99.7744539694356,Converging
