view,time_variable,related_variable,observations,entities,pearson_r,spearman_rho
All available observations,female_unpaid_hours,female_lfpr_pct,177,89,-0.3543758073618009,-0.3968141554212253
All available observations,female_unpaid_hours,lfpr_gap_pp,177,89,0.33687475312505416,0.35977473379776587
All available observations,female_unpaid_hours,electricity_pct,177,89,0.2637223319539067,-0.15776442797760978
All available observations,female_unpaid_hours,water_pct,174,89,0.07412001548994832,-0.19795183645410816
All available observations,female_unpaid_hours,clean_cooking_pct,171,86,0.18333972487848357,-0.09004267836715509
All available observations,male_unpaid_hours,female_lfpr_pct,177,89,0.2707694297085507,0.29302589321107025
All available observations,male_unpaid_hours,lfpr_gap_pp,177,89,-0.44129264053210476,-0.4179226899942983
All available observations,male_unpaid_hours,electricity_pct,177,89,0.32213388882772886,0.413931364897537
All available observations,male_unpaid_hours,water_pct,174,89,0.292529212500485,0.41313674222479924
All available observations,male_unpaid_hours,clean_cooking_pct,171,86,0.38003467499208066,0.4464102654595858
All available observations,time_gap_hours,female_lfpr_pct,177,89,-0.5572767367734555,-0.5274477353152237
All available observations,time_gap_hours,lfpr_gap_pp,177,89,0.6696489223546155,0.6252981744474317
All available observations,time_gap_hours,electricity_pct,177,89,0.01637523288060161,-0.43113102299348244
All available observations,time_gap_hours,water_pct,174,89,-0.1487535740902198,-0.4729947635331175
All available observations,time_gap_hours,clean_cooking_pct,171,86,-0.1066163225200468,-0.41425145140144987
Exclude source conflicts,female_unpaid_hours,female_lfpr_pct,172,89,-0.3565803373897752,-0.39683216339930405
Exclude source conflicts,female_unpaid_hours,lfpr_gap_pp,172,89,0.35121354354688256,0.37149206373512755
Exclude source conflicts,female_unpaid_hours,electricity_pct,172,89,0.28736253440662923,-0.1653916223479233
Exclude source conflicts,female_unpaid_hours,water_pct,169,89,0.08925442567748093,-0.20772488870749914
Exclude source conflicts,female_unpaid_hours,clean_cooking_pct,166,86,0.20311075937340714,-0.0992446070028428
Exclude source conflicts,male_unpaid_hours,female_lfpr_pct,172,89,0.27496042053572145,0.29999917469885373
Exclude source conflicts,male_unpaid_hours,lfpr_gap_pp,172,89,-0.440371678719482,-0.41149431814248344
Exclude source conflicts,male_unpaid_hours,electricity_pct,172,89,0.32823355666086157,0.404263769181901
Exclude source conflicts,male_unpaid_hours,water_pct,169,89,0.29530251940369523,0.4083712551515726
Exclude source conflicts,male_unpaid_hours,clean_cooking_pct,166,86,0.3836930789816337,0.4384207294714163
Exclude source conflicts,time_gap_hours,female_lfpr_pct,172,89,-0.5588218565327475,-0.5314470915834841
Exclude source conflicts,time_gap_hours,lfpr_gap_pp,172,89,0.6807778912180966,0.6396736929545765
Exclude source conflicts,time_gap_hours,electricity_pct,172,89,0.027589277909439592,-0.4369797226527774
Exclude source conflicts,time_gap_hours,water_pct,169,89,-0.1398368398640724,-0.48120488077878804
Exclude source conflicts,time_gap_hours,clean_cooking_pct,166,86,-0.09646364689185469,-0.42178153048199946
Latest observation per entity,female_unpaid_hours,female_lfpr_pct,89,89,-0.42751392026935336,-0.4308454495330123
Latest observation per entity,female_unpaid_hours,lfpr_gap_pp,89,89,0.3326256020417445,0.43706799712080685
Latest observation per entity,female_unpaid_hours,electricity_pct,89,89,0.3273442683087404,-0.07752469929406479
Latest observation per entity,female_unpaid_hours,water_pct,89,89,0.13215310092824625,-0.14702727407687252
Latest observation per entity,female_unpaid_hours,clean_cooking_pct,86,86,0.2979721850194952,0.03364339247182452
Latest observation per entity,male_unpaid_hours,female_lfpr_pct,89,89,0.24051058175005277,0.22582484946183434
Latest observation per entity,male_unpaid_hours,lfpr_gap_pp,89,89,-0.4817412643480552,-0.4277554566816178
Latest observation per entity,male_unpaid_hours,electricity_pct,89,89,0.33112137116369744,0.40215333812838433
Latest observation per entity,male_unpaid_hours,water_pct,89,89,0.3194782196900907,0.4200018953814749
Latest observation per entity,male_unpaid_hours,clean_cooking_pct,86,86,0.3954470534308339,0.48747547120706913
Latest observation per entity,time_gap_hours,female_lfpr_pct,89,89,-0.5741397853257724,-0.5033218561581855
Latest observation per entity,time_gap_hours,lfpr_gap_pp,89,89,0.6614380298418054,0.6365280751167419
Latest observation per entity,time_gap_hours,electricity_pct,89,89,0.06405015789604374,-0.3183117631233935
Latest observation per entity,time_gap_hours,water_pct,89,89,-0.10956396812952533,-0.3929324353909594
Latest observation per entity,time_gap_hours,clean_cooking_pct,86,86,-0.009569485014003575,-0.290310959621768
