view,background_variable,related_variable,observations,entities,pearson_r,spearman_rho
All available observations,log_gdp_per_capita,female_unpaid_hours,175,88,-0.10476457746335051,-0.2495279478879332
All available observations,log_gdp_per_capita,male_unpaid_hours,175,88,0.4254677120162928,0.4769702556672294
All available observations,log_gdp_per_capita,time_gap_hours,175,88,-0.42483340501246164,-0.5613220935027149
All available observations,log_gdp_per_capita,female_lfpr_pct,175,88,-0.02786013148676728,0.13015002239140172
All available observations,log_gdp_per_capita,lfpr_gap_pp,175,88,-0.1304512127852144,-0.13682489923869237
All available observations,log_gdp_per_capita,electricity_pct,175,88,0.6983832085662751,0.8654265174624947
All available observations,log_gdp_per_capita,water_pct,172,88,0.7931321208251216,0.8381868916239253
All available observations,log_gdp_per_capita,clean_cooking_pct,169,85,0.8285653455686841,0.8734942184063342
All available observations,fertility_rate,female_unpaid_hours,177,89,-0.02914216454120915,0.06273407125312529
All available observations,fertility_rate,male_unpaid_hours,177,89,-0.3490781753376582,-0.23890209956057532
All available observations,fertility_rate,time_gap_hours,177,89,0.23666333497591882,0.2068017391289503
All available observations,fertility_rate,female_lfpr_pct,177,89,0.055050681667583486,0.12707804362804734
All available observations,fertility_rate,lfpr_gap_pp,177,89,0.20429834012203726,0.04151136740210133
All available observations,fertility_rate,electricity_pct,177,89,-0.7173269131960556,-0.5787339611990082
All available observations,fertility_rate,water_pct,174,89,-0.7549443463947983,-0.625217676869431
All available observations,fertility_rate,clean_cooking_pct,171,86,-0.7450318939353909,-0.6075302419449723
All available observations,urban_population_pct,female_unpaid_hours,177,89,-0.011131259071174024,-0.19249472495275854
All available observations,urban_population_pct,male_unpaid_hours,177,89,0.22116205587976642,0.18570702814067977
All available observations,urban_population_pct,time_gap_hours,177,89,-0.1792778468628648,-0.2823586697345998
All available observations,urban_population_pct,female_lfpr_pct,177,89,-0.19581280560944056,-0.07325340262754197
All available observations,urban_population_pct,lfpr_gap_pp,177,89,0.1008411777601685,0.13495813295204023
All available observations,urban_population_pct,electricity_pct,177,89,0.6253055801174013,0.5978397628838599
All available observations,urban_population_pct,water_pct,174,89,0.7120476949525686,0.6340555682752274
All available observations,urban_population_pct,clean_cooking_pct,171,86,0.7504916088454642,0.6918453967378568
Exclude source conflicts,log_gdp_per_capita,female_unpaid_hours,170,88,-0.11311891070028238,-0.2650508530433173
Exclude source conflicts,log_gdp_per_capita,male_unpaid_hours,170,88,0.4203603493869997,0.4673525671281519
Exclude source conflicts,log_gdp_per_capita,time_gap_hours,170,88,-0.4307073531329821,-0.5725014030242551
Exclude source conflicts,log_gdp_per_capita,female_lfpr_pct,170,88,-0.029666854046111718,0.13630717936505032
Exclude source conflicts,log_gdp_per_capita,lfpr_gap_pp,170,88,-0.1261319612399111,-0.12567949633917722
Exclude source conflicts,log_gdp_per_capita,electricity_pct,170,88,0.7039227646107238,0.8657032854881767
Exclude source conflicts,log_gdp_per_capita,water_pct,167,88,0.7945346919026894,0.8380515216759612
Exclude source conflicts,log_gdp_per_capita,clean_cooking_pct,164,85,0.829044371740047,0.8717473584217521
Exclude source conflicts,fertility_rate,female_unpaid_hours,172,89,-0.048386974699596054,0.05204801148179043
Exclude source conflicts,fertility_rate,male_unpaid_hours,172,89,-0.35646264416436063,-0.2496583140962375
Exclude source conflicts,fertility_rate,time_gap_hours,172,89,0.22694228032901942,0.20238969125839074
Exclude source conflicts,fertility_rate,female_lfpr_pct,172,89,0.06478537895557215,0.13526322247123856
Exclude source conflicts,fertility_rate,lfpr_gap_pp,172,89,0.20036448998359843,0.03715089596935123
Exclude source conflicts,fertility_rate,electricity_pct,172,89,-0.7161703784481821,-0.5901355814643887
Exclude source conflicts,fertility_rate,water_pct,169,89,-0.755985394067939,-0.639105491455697
Exclude source conflicts,fertility_rate,clean_cooking_pct,166,86,-0.7493895087754389,-0.6254976070418277
Exclude source conflicts,urban_population_pct,female_unpaid_hours,172,89,0.00960356781853174,-0.17417452126853175
Exclude source conflicts,urban_population_pct,male_unpaid_hours,172,89,0.22639130877384997,0.1921638502928487
Exclude source conflicts,urban_population_pct,time_gap_hours,172,89,-0.1647158476366954,-0.2653817354421066
Exclude source conflicts,urban_population_pct,female_lfpr_pct,172,89,-0.2003461197190712,-0.07212230947515272
Exclude source conflicts,urban_population_pct,lfpr_gap_pp,172,89,0.1040519667685234,0.14182139991311893
Exclude source conflicts,urban_population_pct,electricity_pct,172,89,0.6289287257438118,0.6024890094443928
Exclude source conflicts,urban_population_pct,water_pct,169,89,0.7106101566333421,0.6361912245885931
Exclude source conflicts,urban_population_pct,clean_cooking_pct,166,86,0.7476022367553594,0.6973392800725908
Latest observation per entity,log_gdp_per_capita,female_unpaid_hours,88,88,0.026937409625050254,-0.15184043686770657
Latest observation per entity,log_gdp_per_capita,male_unpaid_hours,88,88,0.4823810886007497,0.5043325117605574
Latest observation per entity,log_gdp_per_capita,time_gap_hours,88,88,-0.3207062424052325,-0.4318817225646918
Latest observation per entity,log_gdp_per_capita,female_lfpr_pct,88,88,-0.11251212681323024,0.009316332640625553
Latest observation per entity,log_gdp_per_capita,lfpr_gap_pp,88,88,-0.11056951731769948,-0.16001549786904304
Latest observation per entity,log_gdp_per_capita,electricity_pct,88,88,0.7577610475794399,0.8729900409824369
Latest observation per entity,log_gdp_per_capita,water_pct,88,88,0.8123683935586272,0.8464439190322388
Latest observation per entity,log_gdp_per_capita,clean_cooking_pct,85,85,0.8340859036634511,0.878549786014512
Latest observation per entity,fertility_rate,female_unpaid_hours,89,89,-0.09535894425793613,0.053807651062499594
Latest observation per entity,fertility_rate,male_unpaid_hours,89,89,-0.4185478238672446,-0.3497752694720103
Latest observation per entity,fertility_rate,time_gap_hours,89,89,0.21609804733872193,0.27498882767026345
Latest observation per entity,fertility_rate,female_lfpr_pct,89,89,0.12461526921951059,0.11904356562102399
Latest observation per entity,fertility_rate,lfpr_gap_pp,89,89,0.18045308561102733,0.13021161410831633
Latest observation per entity,fertility_rate,electricity_pct,89,89,-0.7547200105455428,-0.6548551394577201
Latest observation per entity,fertility_rate,water_pct,89,89,-0.7900429492597468,-0.6248254730785229
Latest observation per entity,fertility_rate,clean_cooking_pct,86,86,-0.7988549046744431,-0.6371422983842154
Latest observation per entity,urban_population_pct,female_unpaid_hours,89,89,0.06005576346060207,-0.020387142917603122
Latest observation per entity,urban_population_pct,male_unpaid_hours,89,89,0.2847222047537328,0.267424835866146
Latest observation per entity,urban_population_pct,time_gap_hours,89,89,-0.1514937979605995,-0.1946892862176563
Latest observation per entity,urban_population_pct,female_lfpr_pct,89,89,-0.22584448634173196,-0.12548518896833505
Latest observation per entity,urban_population_pct,lfpr_gap_pp,89,89,0.08484259630797722,0.10978890023833845
Latest observation per entity,urban_population_pct,electricity_pct,89,89,0.6528789694583449,0.6283986470163161
Latest observation per entity,urban_population_pct,water_pct,89,89,0.7153313158064359,0.6616683268563681
Latest observation per entity,urban_population_pct,clean_cooking_pct,86,86,0.7341303750725529,0.6791558861763153
