variable,nonmissing,mean,std,min,25%,median,75%,max,missing,view
female_unpaid_hours,177.0,4.285075850847458,0.9826037133107285,1.2049224,3.7000008,4.1509704,4.8139992000000005,7.449794400000001,0,All observations
male_unpaid_hours,177.0,1.8115288271186443,0.7540439446646783,0.3,1.1332608,1.9548096,2.3500008,4.1666664,0,All observations
time_gap_hours,177.0,2.4735470237288135,0.9912185394485433,0.5022912,1.6399992,2.3833344000000003,3.0500016,5.4622248,0,All observations
female_lfpr_pct,177.0,51.632677966101696,12.42082284426678,12.29,45.905,53.834,58.224,87.119,0,All observations
male_lfpr_pct,177.0,71.65316949152543,6.817123616520943,56.075,66.967,71.814,76.035,95.596,0,All observations
lfpr_gap_pp,177.0,20.020491525423726,12.257592993787492,-1.0700000000000074,11.952999999999996,15.629999999999995,24.1,60.445,0,All observations
electricity_pct,177.0,92.98361581920904,18.671174076555044,5.3,98.2,99.8,100.0,100.0,0,All observations
water_pct,174.0,92.65611735708933,11.862732498628798,36.9195071413939,90.96511950442458,97.77932095737646,99.6306569188925,100.0,3,All observations
clean_cooking_pct,171.0,82.86637426900585,28.702469575246,0.4,77.1,100.0,100.0,100.0,6,All observations
gdp_per_capita_ppp,175.0,32355.265367071606,24621.50982676441,1214.7426419188,12809.62263971155,23515.3473178269,51741.3978515196,138046.596315458,2,All observations
fertility_rate,177.0,2.1451186440677965,0.9559667703206226,0.918,1.52,1.85,2.421,5.848,0,All observations
urban_population_pct,177.0,68.00732217768478,18.08635067384059,15.1041793656241,58.2388038921695,72.0694328572656,80.6242231779766,100.0,0,All observations
female_unpaid_hours,172.0,4.32083846511628,0.9583399708120315,1.5101616000000002,3.7266672,4.221667200000001,4.8332472,7.449794400000001,0,Exclude source conflicts
male_unpaid_hours,172.0,1.8168959860465117,0.7563296488615027,0.3,1.1249454,1.9690716,2.3530008000000002,4.1666664,0,Exclude source conflicts
time_gap_hours,172.0,2.5039424790697673,0.9836514123685536,0.714,1.6954998,2.4,3.087897,5.4622248,0,Exclude source conflicts
female_lfpr_pct,172.0,51.417883720930234,12.516731776800405,12.29,45.6585,53.6195,58.166250000000005,87.119,0,Exclude source conflicts
male_lfpr_pct,172.0,71.55531395348837,6.870823549745255,56.075,66.91625,71.57,75.94275,95.596,0,Exclude source conflicts
lfpr_gap_pp,172.0,20.137430232558135,12.381050572851308,-1.0700000000000074,11.956749999999998,15.632499999999997,24.201750000000004,60.445,0,Exclude source conflicts
electricity_pct,172.0,92.79651162790698,18.908928845899208,5.3,98.05,99.85,100.0,100.0,0,Exclude source conflicts
water_pct,169.0,92.56304311331002,11.998876153042023,36.9195071413939,90.9547062510195,97.6529269300646,99.6675822614626,100.0,3,Exclude source conflicts
clean_cooking_pct,166.0,82.71777108433734,28.957512248255824,0.4,76.9,100.0,100.0,100.0,6,Exclude source conflicts
gdp_per_capita_ppp,170.0,32416.203257146386,24751.18761507932,1214.7426419188,12746.501775413326,24257.40879168755,51018.125132047804,138046.596315458,2,Exclude source conflicts
fertility_rate,172.0,2.1590581395348836,0.9662006405952012,0.918,1.52,1.86,2.43075,5.848,0,Exclude source conflicts
urban_population_pct,172.0,67.82328690730789,18.159298509265597,15.1041793656241,58.18610705718432,71.52750712400865,80.6225320117396,100.0,0,Exclude source conflicts
female_unpaid_hours,89.0,4.229201474157303,0.940407413489443,1.2049224,3.6833328,4.382999999999999,4.8332184,6.66438,0,Latest observation per entity
male_unpaid_hours,89.0,1.7041654921348315,0.73469640058701,0.3,1.0489992,1.8,2.2833336,3.0787128,0,Latest observation per entity
time_gap_hours,89.0,2.5250359820224713,1.0080115217545913,0.5022912,1.7999999999999996,2.4000000000000004,3.1015824000000003,4.783332000000001,0,Latest observation per entity
female_lfpr_pct,89.0,50.622191011235955,14.252007541903131,12.29,44.76,53.302,58.668,80.089,0,Latest observation per entity
male_lfpr_pct,89.0,72.11688764044943,7.559412225284273,58.057,66.967,71.384,77.095,95.596,0,Latest observation per entity
lfpr_gap_pp,89.0,21.494696629213482,14.188176830795433,-1.0700000000000074,11.641000000000005,15.629999999999995,27.602000000000004,60.445,0,Latest observation per entity
electricity_pct,89.0,90.64719101123596,22.92334602880395,5.3,97.2,99.6,100.0,100.0,0,Latest observation per entity
water_pct,89.0,91.8107125193416,12.592358475546254,38.9189287309583,89.5744309454191,96.743244411118,99.667962595535,100.0,0,Latest observation per entity
clean_cooking_pct,86.0,80.98372093023256,30.861305909866815,0.4,76.6,97.69999999999999,100.0,100.0,3,Latest observation per entity
gdp_per_capita_ppp,88.0,28946.291192235192,25673.36605772317,1214.7426419188,11895.810287198248,19819.859116993,43253.3006369831,138046.596315458,1,Latest observation per entity
fertility_rate,89.0,2.291,1.081574893384642,0.918,1.54,1.87,2.624,5.848,0,Latest observation per entity
urban_population_pct,89.0,65.7647132861068,19.342735323702364,15.1041793656241,53.9563092496073,67.9493840506358,79.311620451463,100.0,0,Latest observation per entity
