coverage_band,observations,entities,first_year,last_year,female_hours_mean,male_hours_mean,time_gap_mean,time_gap_median,time_gap_q25,time_gap_q75,flagged_pairs,view,infrastructure
<50%,9,8,2003,2018,3.212240266666667,0.9779674666666666,2.2342728000000003,2.25,1.7833344,2.9333328,0,All available observations,electricity_pct
50–<80%,11,8,2000,2014,3.934297090909091,1.4516083636363637,2.4826887272727274,2.6166672,2.175,2.6870292000000005,0,All available observations,electricity_pct
80–<95%,13,11,2000,2017,4.49604,1.6423096615384614,2.8537303384615385,2.6999999999999997,2.3912064,3.5766864000000007,0,All available observations,electricity_pct
95–100%,144,70,2000,2019,4.3598783,1.9063970666666665,2.453481233333333,2.3166672000000004,1.5635232000000001,3.1061868000000006,5,All available observations,electricity_pct
<50%,3,2,2006,2014,4.2277776000000005,1.2333328000000001,2.9944448,3.0,2.9666664000000003,3.0250008,0,All available observations,water_pct
50–<80%,15,10,2000,2018,3.4869668799999998,1.1236881600000002,2.36327872,2.5833336,1.8500003999999999,2.7,0,All available observations,water_pct
80–<95%,44,31,2000,2019,4.864561963636364,1.780238890909091,3.0843230727272726,2.8950624,2.370918,3.6287339999999997,1,All available observations,water_pct
95–100%,112,55,2000,2019,4.167141621428572,1.9166794928571427,2.250462128571429,2.1735360000000004,1.4700000000000002,2.8209162,4,All available observations,water_pct
<50%,23,15,2000,2018,3.6847075826086955,1.1374014260869565,2.5473061565217394,2.6733336000000008,2.0000004000000002,2.9666664000000003,0,All available observations,clean_cooking_pct
50–<80%,23,14,2000,2019,4.446764660869565,1.7001349565217392,2.7466297043478263,2.5793976,2.2583328,3.2833332000000004,1,All available observations,clean_cooking_pct
80–<95%,24,14,2000,2019,5.1917012,1.8504242,3.341277,3.1420164000000006,2.5964328,4.218871199999999,1,All available observations,clean_cooking_pct
95–100%,101,49,2000,2019,4.1693109148514855,2.007429908910891,2.161881005940594,1.866,1.4699999999999998,2.7333336,3,All available observations,clean_cooking_pct
<50%,7,7,2003,2018,3.2014518857142855,1.0145297142857144,2.1869221714285714,2.25,1.7416668,2.8166664,0,Latest observation per entity,electricity_pct
50–<80%,4,4,2001,2014,4.3033164,1.5359232,2.7673932000000003,2.6686392000000003,2.631582,2.8044504000000003,0,Latest observation per entity,electricity_pct
80–<95%,8,8,2007,2017,4.3093647,1.556424,2.7529407000000004,2.4411792000000005,2.2083336,3.6432084000000007,0,Latest observation per entity,electricity_pct
95–100%,70,70,2001,2019,4.318579782857143,1.799627657142857,2.5189521257142857,2.3335008000000004,1.7749998000000002,3.1378956000000002,3,Latest observation per entity,electricity_pct
<50%,2,2,2013,2014,4.2916668,1.2999996,2.9916672,2.9916672,2.9625,3.0208344,0,Latest observation per entity,water_pct
50–<80%,8,8,2003,2018,3.2925627,0.9268320000000001,2.3657307,2.4333336,1.7625005999999999,2.7001812000000003,0,Latest observation per entity,water_pct
80–<95%,24,24,2001,2019,4.6909354,1.6480826000000002,3.0428528000000004,2.7700620000000002,2.3169180000000003,3.987642,0,Latest observation per entity,water_pct
95–100%,55,55,2001,2019,4.16168448,1.8564016581818183,2.305282821818182,2.2666656,1.5284196,2.8816667999999996,3,Latest observation per entity,water_pct
<50%,14,14,2003,2018,3.601442057142857,1.0752689142857144,2.526173142857143,2.6583336,1.9000008,3.0208344,0,Latest observation per entity,clean_cooking_pct
50–<80%,11,11,2001,2019,4.284172145454546,1.6614693818181818,2.622702763636364,2.4611064,2.2250004,2.721672,0,Latest observation per entity,clean_cooking_pct
80–<95%,12,12,2007,2019,4.7144878,1.6579604000000001,3.0565274000000002,3.1328076000000005,2.1694542,3.9743952,1,Latest observation per entity,clean_cooking_pct
95–100%,49,49,2001,2019,4.294129175510204,1.9328968163265308,2.3612323591836732,2.3166672,1.50684,2.88,2,Latest observation per entity,clean_cooking_pct
