view,infrastructure,excluded_iso3,excluded_country,removed_observations,baseline,partial_r_after_exclusion,absolute_change,diagnostic
All available observations,electricity_pct,ALB,Albania,1,0.47502280317813095,0.47336191653317355,0.0016608866449573934,
All available observations,electricity_pct,ARG,Argentina,3,0.47502280317813095,0.47657937578267745,0.0015565726045465023,
All available observations,electricity_pct,ARM,Armenia,2,0.47502280317813095,0.47413579500614284,0.0008870081719881129,
All available observations,electricity_pct,AUS,Australia,1,0.47502280317813095,0.4750695387636207,4.673558548973222e-05,
All available observations,electricity_pct,AUT,Austria,1,0.47502280317813095,0.4763716466267755,0.0013488434486445544,
All available observations,electricity_pct,AZE,Azerbaijan,1,0.47502280317813095,0.47245633264458636,0.0025664705335445848,
All available observations,electricity_pct,BEL,Belgium,3,0.47502280317813095,0.4744880374599989,0.0005347657181320464,
All available observations,electricity_pct,BGR,Bulgaria,2,0.47502280317813095,0.47238755953819017,0.0026352436399407764,
All available observations,electricity_pct,BLR,Belarus,1,0.47502280317813095,0.47481727475975316,0.00020552841837778724,
All available observations,electricity_pct,BOL,Bolivia,1,0.47502280317813095,0.4753125712715343,0.0002897680934033642,
All available observations,electricity_pct,BRA,Brazil,3,0.47502280317813095,0.479417676579421,0.004394873401290078,
All available observations,electricity_pct,BTN,Bhutan,2,0.47502280317813095,0.47519694745789426,0.00017414427976331082,
All available observations,electricity_pct,CAN,Canada,3,0.47502280317813095,0.472982183990244,0.0020406191878869495,
All available observations,electricity_pct,CHE,Switzerland,6,0.47502280317813095,0.47645407841098203,0.0014312752328510814,
All available observations,electricity_pct,CHL,Chile,2,0.47502280317813095,0.4755648343600189,0.0005420311818879475,
All available observations,electricity_pct,CHN,China,2,0.47502280317813095,0.4801214797501824,0.00509867657205143,
All available observations,electricity_pct,CMR,Cameroon,1,0.47502280317813095,0.4746691288505283,0.00035367432760263773,
All available observations,electricity_pct,COL,Colombia,2,0.47502280317813095,0.4852325663882298,0.010209763210098866,
All available observations,electricity_pct,CRI,Costa Rica,1,0.47502280317813095,0.4761438261431582,0.0011210229650272518,
All available observations,electricity_pct,DEU,Germany,2,0.47502280317813095,0.473201444141673,0.0018213590364579701,
All available observations,electricity_pct,DNK,Denmark,2,0.47502280317813095,0.4759190610400032,0.0008962578618722516,
All available observations,electricity_pct,DOM,Dominican Republic,1,0.47502280317813095,0.47415533438820956,0.0008674687899213884,
All available observations,electricity_pct,DZA,Algeria,1,0.47502280317813095,0.4684836866423379,0.0065391165357930325,
All available observations,electricity_pct,ECU,Ecuador,1,0.47502280317813095,0.4724000512612283,0.0026227519169026436,
All available observations,electricity_pct,EGY,"Egypt, Arab Rep.",1,0.47502280317813095,0.45532403854812903,0.01969876463000192,
All available observations,electricity_pct,ESP,Spain,2,0.47502280317813095,0.480200678624888,0.005177875446757074,
All available observations,electricity_pct,EST,Estonia,2,0.47502280317813095,0.47854180794030626,0.003519004762175315,
All available observations,electricity_pct,ETH,Ethiopia,1,0.47502280317813095,0.4772314134796928,0.002208610301561831,
All available observations,electricity_pct,FIN,Finland,2,0.47502280317813095,0.4775303239318712,0.0025075207537402777,
All available observations,electricity_pct,FJI,Fiji,1,0.47502280317813095,0.47663157504752574,0.0016087718693947872,
All available observations,electricity_pct,FRA,France,1,0.47502280317813095,0.4757010701865865,0.0006782670084555797,
All available observations,electricity_pct,GBR,United Kingdom,2,0.47502280317813095,0.4750738526617931,5.1049483662135575e-05,
All available observations,electricity_pct,GHA,Ghana,1,0.47502280317813095,0.4747198038682952,0.00030299930983573864,
All available observations,electricity_pct,GRC,Greece,1,0.47502280317813095,0.4759179158913863,0.0008951127132553749,
All available observations,electricity_pct,GTM,Guatemala,2,0.47502280317813095,0.46956139999043256,0.005461403187698388,
All available observations,electricity_pct,HKG,"Hong Kong SAR, China",2,0.47502280317813095,0.469861279208335,0.005161523969795967,
All available observations,electricity_pct,HND,Honduras,1,0.47502280317813095,0.4753598626946528,0.00033705951652185373,
All available observations,electricity_pct,HUN,Hungary,2,0.47502280317813095,0.47637016821797845,0.0013473650398475034,
All available observations,electricity_pct,IRL,Ireland,1,0.47502280317813095,0.47633754079442436,0.0013147376162934155,
All available observations,electricity_pct,IRN,"Iran, Islamic Rep.",1,0.47502280317813095,0.4744453557236032,0.0005774474545277575,
All available observations,electricity_pct,IRQ,Iraq,1,0.47502280317813095,0.45696315507806656,0.018059648100064385,
All available observations,electricity_pct,ITA,Italy,3,0.47502280317813095,0.4924096402688357,0.017386837090704765,
All available observations,electricity_pct,JPN,Japan,4,0.47502280317813095,0.4880332058174608,0.013010402639329843,
All available observations,electricity_pct,KAZ,Kazakhstan,5,0.47502280317813095,0.4661881772314099,0.008834625946721075,
All available observations,electricity_pct,KGZ,Kyrgyz Republic,4,0.47502280317813095,0.5228958403477931,0.04787303716966218,
All available observations,electricity_pct,KHM,Cambodia,1,0.47502280317813095,0.4876322253021272,0.012609422123996239,
All available observations,electricity_pct,KOR,"Korea, Rep.",4,0.47502280317813095,0.48295512122165896,0.007932318043528008,
All available observations,electricity_pct,LAO,Lao PDR,4,0.47502280317813095,0.5009292355527206,0.025906432374589672,
All available observations,electricity_pct,LBR,Liberia,1,0.47502280317813095,0.4251748452345514,0.049847957943579546,
All available observations,electricity_pct,LSO,Lesotho,1,0.47502280317813095,0.4739705432826541,0.0010522598954768592,
All available observations,electricity_pct,LTU,Lithuania,1,0.47502280317813095,0.47539912768751713,0.00037632450938618334,
All available observations,electricity_pct,LUX,Luxembourg,1,0.47502280317813095,0.47831258067967974,0.0032897775015487962,
All available observations,electricity_pct,LVA,Latvia,1,0.47502280317813095,0.47625130347986205,0.0012285003017311058,
All available observations,electricity_pct,MAR,Morocco,1,0.47502280317813095,0.4706183840563971,0.004404419121733838,
All available observations,electricity_pct,MDA,Moldova,1,0.47502280317813095,0.47924997983031703,0.004227176652186082,
All available observations,electricity_pct,MEX,Mexico,4,0.47502280317813095,0.4839372390685673,0.008914435890436334,
All available observations,electricity_pct,MKD,North Macedonia,3,0.47502280317813095,0.47310059599033993,0.001922207187791014,
All available observations,electricity_pct,MLT,Malta,1,0.47502280317813095,0.4749591496854695,6.365349266146403e-05,
All available observations,electricity_pct,MNG,Mongolia,5,0.47502280317813095,0.4690177989577866,0.006005004220344334,
All available observations,electricity_pct,MUS,Mauritius,1,0.47502280317813095,0.47107690260237517,0.003945900575755779,
All available observations,electricity_pct,MWI,Malawi,1,0.47502280317813095,0.46013656483780196,0.014886238340328983,
All available observations,electricity_pct,MYS,Malaysia,1,0.47502280317813095,0.4729187023093319,0.0021041008687990304,
All available observations,electricity_pct,NLD,Netherlands,4,0.47502280317813095,0.4733624417273518,0.0016603614507791353,
All available observations,electricity_pct,NOR,Norway,2,0.47502280317813095,0.47481405536657906,0.00020874781155189037,
All available observations,electricity_pct,NZL,New Zealand,1,0.47502280317813095,0.47581734593445474,0.0007945427563237906,
All available observations,electricity_pct,OMN,Oman,2,0.47502280317813095,0.4638237101481204,0.011199093030010543,
All available observations,electricity_pct,PAK,Pakistan,1,0.47502280317813095,0.4641691042719227,0.010853698906208242,
All available observations,electricity_pct,PAN,Panama,1,0.47502280317813095,0.4752218243310198,0.00019902115288883415,
All available observations,electricity_pct,PER,Peru,1,0.47502280317813095,0.4756712876272482,0.0006484844491172481,
All available observations,electricity_pct,POL,Poland,2,0.47502280317813095,0.47523206600951723,0.000209262831386281,
All available observations,electricity_pct,PRT,Portugal,1,0.47502280317813095,0.474918147980209,0.00010465519792196565,
All available observations,electricity_pct,PRY,Paraguay,1,0.47502280317813095,0.4769636204655334,0.0019408172874024743,
All available observations,electricity_pct,PSE,West Bank and Gaza,2,0.47502280317813095,0.46551583097651345,0.009506972201617503,
All available observations,electricity_pct,QAT,Qatar,1,0.47502280317813095,0.47503132436479056,8.521186659615765e-06,
All available observations,electricity_pct,ROU,Romania,2,0.47502280317813095,0.47503106591117766,8.262733046715542e-06,
All available observations,electricity_pct,RUS,Russian Federation,1,0.47502280317813095,0.4752587404315032,0.00023593725337223148,
All available observations,electricity_pct,SLV,El Salvador,2,0.47502280317813095,0.47469032681195816,0.00033247636617278475,
All available observations,electricity_pct,SRB,Serbia,2,0.47502280317813095,0.4750710400758392,4.823689770827588e-05,
All available observations,electricity_pct,SVN,Slovenia,1,0.47502280317813095,0.47483161058812345,0.000191192590007494,
All available observations,electricity_pct,SWE,Sweden,2,0.47502280317813095,0.47668628218403186,0.0016634790059009141,
All available observations,electricity_pct,THA,Thailand,2,0.47502280317813095,0.47683587287023216,0.0018130696921012102,
All available observations,electricity_pct,TUN,Tunisia,1,0.47502280317813095,0.4723560127469753,0.002666790431155641,
All available observations,electricity_pct,TUR,Turkey,2,0.47502280317813095,0.4736085458599376,0.0014142573181933349,
All available observations,electricity_pct,TZA,Tanzania,2,0.47502280317813095,0.4944280547786933,0.019405251600562334,
All available observations,electricity_pct,UGA,Uganda,1,0.47502280317813095,0.47085032491317047,0.0041724782649604775,
All available observations,electricity_pct,URY,Uruguay,2,0.47502280317813095,0.4755044172915092,0.0004816141133782703,
All available observations,electricity_pct,USA,United States,17,0.47502280317813095,0.4727586228664975,0.002264180311633446,
All available observations,electricity_pct,ZAF,South Africa,2,0.47502280317813095,0.47232144824355754,0.002701354934573408,
All available observations,water_pct,ALB,Albania,1,0.2726691726657495,0.2731040887524189,0.0004349160866694013,
All available observations,water_pct,ARG,Argentina,3,0.2726691726657495,0.27356899625926007,0.0008998235935105403,
All available observations,water_pct,ARM,Armenia,2,0.2726691726657495,0.2636627731597913,0.009006399505958218,
All available observations,water_pct,AUS,Australia,1,0.2726691726657495,0.2726703015398672,1.1288741176840311e-06,
All available observations,water_pct,AUT,Austria,1,0.2726691726657495,0.2729264350272227,0.00025726236147316506,
All available observations,water_pct,AZE,Azerbaijan,1,0.2726691726657495,0.2905281660718526,0.017858993406103085,
All available observations,water_pct,BEL,Belgium,3,0.2726691726657495,0.2728146514455577,0.00014547877980819468,
All available observations,water_pct,BGR,Bulgaria,2,0.2726691726657495,0.27897138353935175,0.006302210873602221,
All available observations,water_pct,BLR,Belarus,1,0.2726691726657495,0.2733129475880125,0.0006437749222629741,
All available observations,water_pct,BOL,Bolivia,1,0.2726691726657495,0.2749140698835065,0.002244897217756947,
All available observations,water_pct,BRA,Brazil,3,0.2726691726657495,0.2785167040592957,0.005847531393546157,
All available observations,water_pct,BTN,Bhutan,2,0.2726691726657495,0.28334263148950944,0.010673458823759918,
All available observations,water_pct,CAN,Canada,3,0.2726691726657495,0.2702305455795114,0.0024386270862380988,
All available observations,water_pct,CHE,Switzerland,6,0.2726691726657495,0.2727428269472303,7.36542814807617e-05,
All available observations,water_pct,CHL,Chile,2,0.2726691726657495,0.27301077080372615,0.00034159813797662864,
All available observations,water_pct,CHN,China,2,0.2726691726657495,0.27225593985191443,0.000413232813835096,
All available observations,water_pct,CMR,Cameroon,1,0.2726691726657495,0.2712106555381481,0.001458517127601422,
All available observations,water_pct,COL,Colombia,2,0.2726691726657495,0.27963239128676814,0.006963218621018619,
All available observations,water_pct,CRI,Costa Rica,1,0.2726691726657495,0.27100300767583935,0.0016661649899101794,
All available observations,water_pct,DEU,Germany,2,0.2726691726657495,0.2711630851461628,0.0015060875195867518,
All available observations,water_pct,DNK,Denmark,2,0.2726691726657495,0.27285246663175156,0.0001832939660020294,
All available observations,water_pct,DOM,Dominican Republic,1,0.2726691726657495,0.27115361493207196,0.0015155577336775639,
All available observations,water_pct,DZA,Algeria,1,0.2726691726657495,0.2689717509502486,0.003697421715500915,
All available observations,water_pct,ECU,Ecuador,1,0.2726691726657495,0.2723879735828205,0.00028119908292900675,
All available observations,water_pct,EGY,"Egypt, Arab Rep.",1,0.2726691726657495,0.23219102222113236,0.04047815044461717,
All available observations,water_pct,ESP,Spain,2,0.2726691726657495,0.2746470231323713,0.0019778504666218,
All available observations,water_pct,EST,Estonia,2,0.2726691726657495,0.2773990571943508,0.004729884528601291,
All available observations,water_pct,ETH,Ethiopia,1,0.2726691726657495,0.2816547105115301,0.0089855378457806,
All available observations,water_pct,FIN,Finland,2,0.2726691726657495,0.2772289162959255,0.004559743630175972,
All available observations,water_pct,FJI,Fiji,1,0.2726691726657495,0.27627345533817077,0.003604282672421244,
All available observations,water_pct,FRA,France,1,0.2726691726657495,0.2742419140885029,0.0015727414227533765,
All available observations,water_pct,GBR,United Kingdom,2,0.2726691726657495,0.2740300261466304,0.0013608534808808859,
All available observations,water_pct,GHA,Ghana,1,0.2726691726657495,0.2737277901005235,0.0010586174347739785,
All available observations,water_pct,GRC,Greece,1,0.2726691726657495,0.27267459205565403,5.4193899045040794e-06,
All available observations,water_pct,GTM,Guatemala,2,0.2726691726657495,0.2569690183552347,0.015700154310514802,
All available observations,water_pct,HKG,"Hong Kong SAR, China",2,0.2726691726657495,0.26474931693033044,0.00791985573541909,
All available observations,water_pct,HND,Honduras,1,0.2726691726657495,0.27579956937221245,0.0031303967064629235,
All available observations,water_pct,HUN,Hungary,2,0.2726691726657495,0.2715979811340156,0.001071191531733906,
All available observations,water_pct,IRL,Ireland,1,0.2726691726657495,0.2748801136673492,0.0022109410015996867,
All available observations,water_pct,IRN,"Iran, Islamic Rep.",1,0.2726691726657495,0.27130146540591354,0.0013677072598359818,
All available observations,water_pct,IRQ,Iraq,1,0.2726691726657495,0.2602098788885688,0.012459293777180747,
All available observations,water_pct,ITA,Italy,3,0.2726691726657495,0.278159465076955,0.005490292411205466,
All available observations,water_pct,JPN,Japan,4,0.2726691726657495,0.28363711591249025,0.010967943246740719,
All available observations,water_pct,KAZ,Kazakhstan,5,0.2726691726657495,0.2627034114020588,0.009965761263690753,
All available observations,water_pct,KGZ,Kyrgyz Republic,4,0.2726691726657495,0.2922111151408854,0.019541942475135854,
All available observations,water_pct,KHM,Cambodia,1,0.2726691726657495,0.2697451319162796,0.002924040749469947,
All available observations,water_pct,KOR,"Korea, Rep.",4,0.2726691726657495,0.27712399924053666,0.00445482657478713,
All available observations,water_pct,LAO,Lao PDR,4,0.2726691726657495,0.2494809761640304,0.023188196501719133,
All available observations,water_pct,LBR,Liberia,1,0.2726691726657495,0.3000914323280193,0.0274222596622698,
All available observations,water_pct,LSO,Lesotho,1,0.2726691726657495,0.2708409928018164,0.0018281798639331326,
All available observations,water_pct,LTU,Lithuania,1,0.2726691726657495,0.2711440902968318,0.0015250823689177406,
All available observations,water_pct,LUX,Luxembourg,1,0.2726691726657495,0.2754232145983911,0.00275404193264156,
All available observations,water_pct,LVA,Latvia,1,0.2726691726657495,0.27460141291410034,0.0019322402483508139,
All available observations,water_pct,MAR,Morocco,1,0.2726691726657495,0.28440324751767865,0.011734074851929122,
All available observations,water_pct,MDA,Moldova,1,0.2726691726657495,0.27286782774445284,0.00019865507870331367,
All available observations,water_pct,MEX,Mexico,4,0.2726691726657495,0.26846852197896004,0.004200650686789487,
All available observations,water_pct,MKD,North Macedonia,3,0.2726691726657495,0.2673152004019102,0.005353972263839324,
All available observations,water_pct,MLT,Malta,1,0.2726691726657495,0.27254637061473097,0.00012280205101855568,
All available observations,water_pct,MNG,Mongolia,5,0.2726691726657495,0.26219371388146084,0.010475458784288683,
All available observations,water_pct,MUS,Mauritius,1,0.2726691726657495,0.2632953147666898,0.009373857899059701,
All available observations,water_pct,MWI,Malawi,1,0.2726691726657495,0.2820811214427152,0.009411948776965662,
All available observations,water_pct,MYS,Malaysia,1,0.2726691726657495,0.2694778319400803,0.003191340725669234,
All available observations,water_pct,NLD,Netherlands,4,0.2726691726657495,0.27134894309971097,0.0013202295660385555,
All available observations,water_pct,NOR,Norway,2,0.2726691726657495,0.2723199709004913,0.00034920176525821134,
All available observations,water_pct,NZL,New Zealand,1,0.2726691726657495,0.27433368870062375,0.0016645160348742194,
All available observations,water_pct,OMN,Oman,2,0.2726691726657495,0.28521483777291123,0.012545665107161708,
All available observations,water_pct,PAK,Pakistan,1,0.2726691726657495,0.25006864953987734,0.022600523125872185,
All available observations,water_pct,PAN,Panama,1,0.2726691726657495,0.27237143123249447,0.00029774143325506097,
All available observations,water_pct,PER,Peru,1,0.2726691726657495,0.27416252472929864,0.0014933520635491138,
All available observations,water_pct,POL,Poland,1,0.2726691726657495,0.27256204361650355,0.00010712904924597977,
All available observations,water_pct,PRT,Portugal,1,0.2726691726657495,0.2729778054933965,0.00030863282764698186,
All available observations,water_pct,PRY,Paraguay,1,0.2726691726657495,0.27440285231169204,0.0017336796459425097,
All available observations,water_pct,PSE,West Bank and Gaza,2,0.2726691726657495,0.24794416756903986,0.024725005096709662,
All available observations,water_pct,QAT,Qatar,1,0.2726691726657495,0.2722572041294583,0.00041196853629121843,
All available observations,water_pct,ROU,Romania,2,0.2726691726657495,0.2730559545083456,0.0003867818425960512,
All available observations,water_pct,RUS,Russian Federation,1,0.2726691726657495,0.2730442746105065,0.00037510194475698366,
All available observations,water_pct,SLV,El Salvador,2,0.2726691726657495,0.27634460016081686,0.0036754274950673294,
All available observations,water_pct,SRB,Serbia,2,0.2726691726657495,0.27292119463473785,0.0002520219689883252,
All available observations,water_pct,SVN,Slovenia,1,0.2726691726657495,0.2720583125464395,0.0006108601193100527,
All available observations,water_pct,SWE,Sweden,2,0.2726691726657495,0.2730393608667249,0.0003701882009753965,
All available observations,water_pct,THA,Thailand,2,0.2726691726657495,0.2766905530070598,0.004021380341310277,
All available observations,water_pct,TUN,Tunisia,1,0.2726691726657495,0.2773027048943057,0.00463353222855617,
All available observations,water_pct,TUR,Turkey,2,0.2726691726657495,0.2742157884123224,0.001546615746572888,
All available observations,water_pct,TZA,Tanzania,2,0.2726691726657495,0.2930335468291365,0.02036437416338699,
All available observations,water_pct,UGA,Uganda,1,0.2726691726657495,0.26014394795560536,0.012525224710144167,
All available observations,water_pct,URY,Uruguay,2,0.2726691726657495,0.27238828094762035,0.0002808917181291726,
All available observations,water_pct,USA,United States,15,0.2726691726657495,0.26926783761241674,0.003401335053332788,
All available observations,water_pct,ZAF,South Africa,2,0.2726691726657495,0.2742184617871498,0.001549289121400288,
All available observations,clean_cooking_pct,ALB,Albania,1,0.37886964496041986,0.38741615262751744,0.00854650766709758,
All available observations,clean_cooking_pct,ARG,Argentina,3,0.37886964496041986,0.3798333151000022,0.0009636701395823177,
All available observations,clean_cooking_pct,ARM,Armenia,2,0.37886964496041986,0.3700709331862154,0.008798711774204437,
All available observations,clean_cooking_pct,AUS,Australia,1,0.37886964496041986,0.37898943484327685,0.00011978988285699099,
All available observations,clean_cooking_pct,AUT,Austria,1,0.37886964496041986,0.37955617889451754,0.0006865339340976773,
All available observations,clean_cooking_pct,AZE,Azerbaijan,1,0.37886964496041986,0.3731601076735956,0.005709537286824273,
All available observations,clean_cooking_pct,BEL,Belgium,3,0.37886964496041986,0.37632649666906987,0.0025431482913499948,
All available observations,clean_cooking_pct,BLR,Belarus,1,0.37886964496041986,0.38076648011450354,0.0018968351540836759,
All available observations,clean_cooking_pct,BOL,Bolivia,1,0.37886964496041986,0.38215920801448683,0.0032895630540669685,
All available observations,clean_cooking_pct,BRA,Brazil,3,0.37886964496041986,0.39350506138289176,0.014635416422471903,
All available observations,clean_cooking_pct,BTN,Bhutan,2,0.37886964496041986,0.3824483871495907,0.0035787421891708138,
All available observations,clean_cooking_pct,CAN,Canada,3,0.37886964496041986,0.377801750240178,0.0010678947202418798,
All available observations,clean_cooking_pct,CHE,Switzerland,6,0.37886964496041986,0.380761457348912,0.00189181238849212,
All available observations,clean_cooking_pct,CHL,Chile,2,0.37886964496041986,0.3798629870667831,0.0009933421063632597,
All available observations,clean_cooking_pct,CHN,China,2,0.37886964496041986,0.3763570559987952,0.002512588961624651,
All available observations,clean_cooking_pct,CMR,Cameroon,1,0.37886964496041986,0.37841125687940247,0.00045838808101739126,
All available observations,clean_cooking_pct,COL,Colombia,2,0.37886964496041986,0.39515345942097296,0.016283814460553103,
All available observations,clean_cooking_pct,CRI,Costa Rica,1,0.37886964496041986,0.3774248414663965,0.0014448034940233723,
All available observations,clean_cooking_pct,DEU,Germany,2,0.37886964496041986,0.3766074076741846,0.002262237286235258,
All available observations,clean_cooking_pct,DNK,Denmark,2,0.37886964496041986,0.3756898857158277,0.003179759244592184,
All available observations,clean_cooking_pct,DOM,Dominican Republic,1,0.37886964496041986,0.3772610909483727,0.0016085540120471808,
All available observations,clean_cooking_pct,DZA,Algeria,1,0.37886964496041986,0.3628832845956499,0.01598636036476997,
All available observations,clean_cooking_pct,ECU,Ecuador,1,0.37886964496041986,0.37297421222176064,0.005895432738659223,
All available observations,clean_cooking_pct,EGY,"Egypt, Arab Rep.",1,0.37886964496041986,0.3345518195887188,0.044317825371701036,
All available observations,clean_cooking_pct,ESP,Spain,2,0.37886964496041986,0.38291723278668655,0.004047587826266685,
All available observations,clean_cooking_pct,EST,Estonia,2,0.37886964496041986,0.3875281724218041,0.008658527461384236,
All available observations,clean_cooking_pct,ETH,Ethiopia,1,0.37886964496041986,0.3788410222379705,2.8622722449356264e-05,
All available observations,clean_cooking_pct,FIN,Finland,2,0.37886964496041986,0.3814401028138196,0.0025704578533997657,
All available observations,clean_cooking_pct,FJI,Fiji,1,0.37886964496041986,0.3793998145699026,0.0005301696094827668,
All available observations,clean_cooking_pct,FRA,France,1,0.37886964496041986,0.3800379066672416,0.001168261706821716,
All available observations,clean_cooking_pct,GBR,United Kingdom,2,0.37886964496041986,0.3792362096558112,0.00036656469539131376,
All available observations,clean_cooking_pct,GHA,Ghana,1,0.37886964496041986,0.376450731986784,0.002418912973635834,
All available observations,clean_cooking_pct,GRC,Greece,1,0.37886964496041986,0.378743304042036,0.00012634091838387151,
All available observations,clean_cooking_pct,GTM,Guatemala,2,0.37886964496041986,0.41292052101594784,0.03405087605552798,
All available observations,clean_cooking_pct,HND,Honduras,1,0.37886964496041986,0.3790432062172657,0.00017356125684586665,
All available observations,clean_cooking_pct,HUN,Hungary,2,0.37886964496041986,0.3831539530745745,0.004284308114154645,
All available observations,clean_cooking_pct,IRL,Ireland,1,0.37886964496041986,0.37988367460727995,0.001014029646860093,
All available observations,clean_cooking_pct,IRN,"Iran, Islamic Rep.",1,0.37886964496041986,0.3751807828892196,0.003688862071200283,
All available observations,clean_cooking_pct,IRQ,Iraq,1,0.37886964496041986,0.3518653284836957,0.027004316476724133,
All available observations,clean_cooking_pct,ITA,Italy,3,0.37886964496041986,0.3888144096501808,0.009944764689760965,
All available observations,clean_cooking_pct,JPN,Japan,4,0.37886964496041986,0.3884492641353016,0.00957961917488176,
All available observations,clean_cooking_pct,KAZ,Kazakhstan,5,0.37886964496041986,0.36528165255835926,0.0135879924020606,
All available observations,clean_cooking_pct,KGZ,Kyrgyz Republic,4,0.37886964496041986,0.41145554029438053,0.03258589533396067,
All available observations,clean_cooking_pct,KHM,Cambodia,1,0.37886964496041986,0.37700755268770547,0.0018620922727143885,
All available observations,clean_cooking_pct,KOR,"Korea, Rep.",4,0.37886964496041986,0.38124892723184944,0.0023792822714295836,
All available observations,clean_cooking_pct,LAO,Lao PDR,4,0.37886964496041986,0.3296323038880589,0.04923734107236094,
All available observations,clean_cooking_pct,LBR,Liberia,1,0.37886964496041986,0.3736807588961245,0.0051888860642953505,
All available observations,clean_cooking_pct,LSO,Lesotho,1,0.37886964496041986,0.3788455608101936,2.4084150226255652e-05,
All available observations,clean_cooking_pct,LTU,Lithuania,1,0.37886964496041986,0.3812833940297752,0.00241374906935532,
All available observations,clean_cooking_pct,LUX,Luxembourg,1,0.37886964496041986,0.3831188228698257,0.004249177909405821,
All available observations,clean_cooking_pct,LVA,Latvia,1,0.37886964496041986,0.38302982727186297,0.004160182311443106,
All available observations,clean_cooking_pct,MAR,Morocco,1,0.37886964496041986,0.3673348399279177,0.011534805032502149,
All available observations,clean_cooking_pct,MDA,Moldova,1,0.37886964496041986,0.3912382050271534,0.012368560066733536,
All available observations,clean_cooking_pct,MEX,Mexico,4,0.37886964496041986,0.4039709549799591,0.025101310019539247,
All available observations,clean_cooking_pct,MKD,North Macedonia,3,0.37886964496041986,0.3968478542987256,0.01797820933830574,
All available observations,clean_cooking_pct,MLT,Malta,1,0.37886964496041986,0.37872257328873415,0.00014707167168570567,
All available observations,clean_cooking_pct,MNG,Mongolia,5,0.37886964496041986,0.38293243878367383,0.004062793823253974,
All available observations,clean_cooking_pct,MUS,Mauritius,1,0.37886964496041986,0.3719549846697866,0.006914660290633257,
All available observations,clean_cooking_pct,MWI,Malawi,1,0.37886964496041986,0.3905660998030853,0.01169645484266546,
All available observations,clean_cooking_pct,MYS,Malaysia,1,0.37886964496041986,0.37539612593177524,0.0034735190286446227,
All available observations,clean_cooking_pct,NLD,Netherlands,4,0.37886964496041986,0.3747806842517216,0.004088960708698242,
All available observations,clean_cooking_pct,NOR,Norway,2,0.37886964496041986,0.3763180975081225,0.0025515474522973536,
All available observations,clean_cooking_pct,NZL,New Zealand,1,0.37886964496041986,0.3801622710860102,0.0012926261255903349,
All available observations,clean_cooking_pct,OMN,Oman,2,0.37886964496041986,0.36489349209145827,0.013976152868961589,
All available observations,clean_cooking_pct,PAK,Pakistan,1,0.37886964496041986,0.3791649074832244,0.00029526252280454024,
All available observations,clean_cooking_pct,PAN,Panama,1,0.37886964496041986,0.37877329774231044,9.634721810941604e-05,
All available observations,clean_cooking_pct,PER,Peru,1,0.37886964496041986,0.38147298185052086,0.0026033368901010046,
All available observations,clean_cooking_pct,POL,Poland,2,0.37886964496041986,0.3824489573425715,0.003579312382151645,
All available observations,clean_cooking_pct,PRT,Portugal,1,0.37886964496041986,0.38013250423099854,0.0012628592705786756,
All available observations,clean_cooking_pct,PRY,Paraguay,1,0.37886964496041986,0.3788035519741397,6.609298628018623e-05,
All available observations,clean_cooking_pct,QAT,Qatar,1,0.37886964496041986,0.37955010804061234,0.0006804630801924838,
All available observations,clean_cooking_pct,ROU,Romania,2,0.37886964496041986,0.38101895360609783,0.002149308645677972,
All available observations,clean_cooking_pct,RUS,Russian Federation,1,0.37886964496041986,0.3784630974489019,0.00040654751151797397,
All available observations,clean_cooking_pct,SLV,El Salvador,2,0.37886964496041986,0.37965552487972515,0.0007858799193052879,
All available observations,clean_cooking_pct,SRB,Serbia,2,0.37886964496041986,0.38015091381907257,0.0012812688586527066,
All available observations,clean_cooking_pct,SVN,Slovenia,1,0.37886964496041986,0.37861372178260283,0.0002559231778170301,
All available observations,clean_cooking_pct,SWE,Sweden,2,0.37886964496041986,0.37789163994871466,0.0009780050117051964,
All available observations,clean_cooking_pct,THA,Thailand,2,0.37886964496041986,0.3790894547437704,0.00021980978335056633,
All available observations,clean_cooking_pct,TUN,Tunisia,1,0.37886964496041986,0.36844485476251027,0.010424790197909595,
All available observations,clean_cooking_pct,TUR,Turkey,2,0.37886964496041986,0.3723431242935717,0.006526520666848168,
All available observations,clean_cooking_pct,TZA,Tanzania,2,0.37886964496041986,0.38137641207253725,0.0025067671121173918,
All available observations,clean_cooking_pct,UGA,Uganda,1,0.37886964496041986,0.37549413830004796,0.0033755066603718964,
All available observations,clean_cooking_pct,URY,Uruguay,2,0.37886964496041986,0.3778526828766186,0.0010169620838012539,
All available observations,clean_cooking_pct,USA,United States,17,0.37886964496041986,0.3766986556949626,0.0021709892654572793,
All available observations,clean_cooking_pct,ZAF,South Africa,2,0.37886964496041986,0.3782341291184316,0.0006355158419882878,
Exclude source conflicts,electricity_pct,ALB,Albania,1,0.49298472488555045,0.491354621237726,0.0016301036478244546,
Exclude source conflicts,electricity_pct,ARG,Argentina,3,0.49298472488555045,0.49486726898397143,0.0018825440984209796,
Exclude source conflicts,electricity_pct,ARM,Armenia,2,0.49298472488555045,0.491799595107449,0.0011851297781014791,
Exclude source conflicts,electricity_pct,AUS,Australia,1,0.49298472488555045,0.4930259681897884,4.124330423793676e-05,
Exclude source conflicts,electricity_pct,AUT,Austria,1,0.49298472488555045,0.49445992203524625,0.001475197149695795,
Exclude source conflicts,electricity_pct,AZE,Azerbaijan,1,0.49298472488555045,0.4905628299615103,0.0024218949240401577,
Exclude source conflicts,electricity_pct,BEL,Belgium,3,0.49298472488555045,0.4924988300776491,0.00048589480790134365,
Exclude source conflicts,electricity_pct,BGR,Bulgaria,2,0.49298472488555045,0.490137856974999,0.0028468679105514427,
Exclude source conflicts,electricity_pct,BLR,Belarus,1,0.49298472488555045,0.49271120289504095,0.00027352199050950654,
Exclude source conflicts,electricity_pct,BOL,Bolivia,1,0.49298472488555045,0.4932744324033544,0.0002897075178039388,
Exclude source conflicts,electricity_pct,BRA,Brazil,2,0.49298472488555045,0.4946074191747716,0.0016226942892211271,
Exclude source conflicts,electricity_pct,BTN,Bhutan,2,0.49298472488555045,0.4935725787468304,0.0005878538612799633,
Exclude source conflicts,electricity_pct,CAN,Canada,1,0.49298472488555045,0.49252902651607716,0.0004556983694732897,
Exclude source conflicts,electricity_pct,CHE,Switzerland,6,0.49298472488555045,0.4947958874045132,0.001811162518962739,
Exclude source conflicts,electricity_pct,CHL,Chile,2,0.49298472488555045,0.49328957248173,0.00030484759617954715,
Exclude source conflicts,electricity_pct,CHN,China,1,0.49298472488555045,0.49381140648897265,0.0008266816034221969,
Exclude source conflicts,electricity_pct,CMR,Cameroon,1,0.49298472488555045,0.4926049015865641,0.00037982329898633704,
Exclude source conflicts,electricity_pct,COL,Colombia,1,0.49298472488555045,0.4929797860963113,4.938789239128383e-06,
Exclude source conflicts,electricity_pct,CRI,Costa Rica,1,0.49298472488555045,0.493850687747975,0.0008659628624245741,
Exclude source conflicts,electricity_pct,DEU,Germany,2,0.49298472488555045,0.4910467941861282,0.0019379306994222745,
Exclude source conflicts,electricity_pct,DNK,Denmark,2,0.49298472488555045,0.4941178346543182,0.0011331097687677372,
Exclude source conflicts,electricity_pct,DOM,Dominican Republic,1,0.49298472488555045,0.49233384715946404,0.0006508777260864074,
Exclude source conflicts,electricity_pct,DZA,Algeria,1,0.49298472488555045,0.48670813914112804,0.006276585744422414,
Exclude source conflicts,electricity_pct,ECU,Ecuador,1,0.49298472488555045,0.49052936903557304,0.002455355849977414,
Exclude source conflicts,electricity_pct,EGY,"Egypt, Arab Rep.",1,0.49298472488555045,0.4735156711846371,0.01946905370091334,
Exclude source conflicts,electricity_pct,ESP,Spain,2,0.49298472488555045,0.4982793404484059,0.0052946155628554314,
Exclude source conflicts,electricity_pct,EST,Estonia,2,0.49298472488555045,0.49709672041380715,0.0041119955282566956,
Exclude source conflicts,electricity_pct,ETH,Ethiopia,1,0.49298472488555045,0.4951721328474964,0.002187407961945942,
Exclude source conflicts,electricity_pct,FIN,Finland,2,0.49298472488555045,0.4954153955907128,0.002430670705162341,
Exclude source conflicts,electricity_pct,FJI,Fiji,1,0.49298472488555045,0.4951336300359615,0.0021489051504110512,
Exclude source conflicts,electricity_pct,FRA,France,1,0.49298472488555045,0.49372268469512626,0.0007379598095758055,
Exclude source conflicts,electricity_pct,GBR,United Kingdom,2,0.49298472488555045,0.49314914959416883,0.00016442470861838254,
Exclude source conflicts,electricity_pct,GHA,Ghana,1,0.49298472488555045,0.4927494898557053,0.00023523502984512668,
Exclude source conflicts,electricity_pct,GRC,Greece,1,0.49298472488555045,0.49354200198688597,0.0005572771013355182,
Exclude source conflicts,electricity_pct,GTM,Guatemala,2,0.49298472488555045,0.487805733562559,0.005178991322991433,
Exclude source conflicts,electricity_pct,HKG,"Hong Kong SAR, China",2,0.49298472488555045,0.4866517073713503,0.006333017514200179,
Exclude source conflicts,electricity_pct,HND,Honduras,1,0.49298472488555045,0.4934987975556492,0.0005140726700987308,
Exclude source conflicts,electricity_pct,HUN,Hungary,2,0.49298472488555045,0.49450166771136334,0.0015169428258128836,
Exclude source conflicts,electricity_pct,IRL,Ireland,1,0.49298472488555045,0.494982885122257,0.00199816023670657,
Exclude source conflicts,electricity_pct,IRN,"Iran, Islamic Rep.",1,0.49298472488555045,0.4923830629646148,0.0006016619209356366,
Exclude source conflicts,electricity_pct,IRQ,Iraq,1,0.49298472488555045,0.47462025225033916,0.018364472635211293,
Exclude source conflicts,electricity_pct,ITA,Italy,3,0.49298472488555045,0.5118837128876659,0.018898988002115424,
Exclude source conflicts,electricity_pct,JPN,Japan,4,0.49298472488555045,0.5049523581987725,0.011967633313222037,
Exclude source conflicts,electricity_pct,KAZ,Kazakhstan,5,0.49298472488555045,0.4836756455224199,0.009309079363130579,
Exclude source conflicts,electricity_pct,KGZ,Kyrgyz Republic,4,0.49298472488555045,0.546135767281017,0.05315104239546653,
Exclude source conflicts,electricity_pct,KHM,Cambodia,1,0.49298472488555045,0.5066391621131459,0.013654437227595406,
Exclude source conflicts,electricity_pct,KOR,"Korea, Rep.",4,0.49298472488555045,0.4989937801964849,0.00600905531093443,
Exclude source conflicts,electricity_pct,LAO,Lao PDR,4,0.49298472488555045,0.522976513713753,0.029991788828202526,
Exclude source conflicts,electricity_pct,LBR,Liberia,1,0.49298472488555045,0.44113988090070017,0.051844843984850286,
Exclude source conflicts,electricity_pct,LSO,Lesotho,1,0.49298472488555045,0.49274344276775006,0.00024128211780038988,
Exclude source conflicts,electricity_pct,LTU,Lithuania,1,0.49298472488555045,0.4935151096086362,0.0005303847230857528,
Exclude source conflicts,electricity_pct,LUX,Luxembourg,1,0.49298472488555045,0.49629792223230507,0.003313197346754615,
Exclude source conflicts,electricity_pct,LVA,Latvia,1,0.49298472488555045,0.49454643792480374,0.0015617130392532874,
Exclude source conflicts,electricity_pct,MAR,Morocco,1,0.49298472488555045,0.4888310717681721,0.004153653117378364,
Exclude source conflicts,electricity_pct,MDA,Moldova,1,0.49298472488555045,0.4980529158874135,0.005068191001863065,
Exclude source conflicts,electricity_pct,MEX,Mexico,4,0.49298472488555045,0.5040566722017396,0.011071947316189101,
Exclude source conflicts,electricity_pct,MKD,North Macedonia,3,0.49298472488555045,0.4911963733272474,0.0017883515583030363,
Exclude source conflicts,electricity_pct,MLT,Malta,1,0.49298472488555045,0.4927889477473914,0.00019577713815904785,
Exclude source conflicts,electricity_pct,MNG,Mongolia,5,0.49298472488555045,0.48669926088854076,0.006285463997009688,
Exclude source conflicts,electricity_pct,MUS,Mauritius,1,0.49298472488555045,0.4887965627658917,0.004188162119658778,
Exclude source conflicts,electricity_pct,MWI,Malawi,1,0.49298472488555045,0.4789939270759664,0.013990797809584066,
Exclude source conflicts,electricity_pct,MYS,Malaysia,1,0.49298472488555045,0.490717955845073,0.0022667690404774565,
Exclude source conflicts,electricity_pct,NLD,Netherlands,4,0.49298472488555045,0.49123903477914127,0.0017456901064091812,
Exclude source conflicts,electricity_pct,NOR,Norway,2,0.49298472488555045,0.49272117542036475,0.00026354946518569733,
Exclude source conflicts,electricity_pct,NZL,New Zealand,1,0.49298472488555045,0.49392361507767446,0.0009388901921240089,
Exclude source conflicts,electricity_pct,OMN,Oman,2,0.49298472488555045,0.48062588939168266,0.012358835493867792,
Exclude source conflicts,electricity_pct,PAK,Pakistan,1,0.49298472488555045,0.4814996890191671,0.01148503586638333,
Exclude source conflicts,electricity_pct,PAN,Panama,1,0.49298472488555045,0.49319653389905366,0.0002118090135032058,
Exclude source conflicts,electricity_pct,PER,Peru,1,0.49298472488555045,0.49343194637393123,0.0004472214883807779,
Exclude source conflicts,electricity_pct,POL,Poland,2,0.49298472488555045,0.493311773491731,0.00032704860618054665,
Exclude source conflicts,electricity_pct,PRT,Portugal,1,0.49298472488555045,0.4928495540692143,0.0001351708163361276,
Exclude source conflicts,electricity_pct,PRY,Paraguay,1,0.49298472488555045,0.49557663447300837,0.002591909587457919,
Exclude source conflicts,electricity_pct,PSE,West Bank and Gaza,2,0.49298472488555045,0.48437189522197266,0.008612829663577792,
Exclude source conflicts,electricity_pct,QAT,Qatar,1,0.49298472488555045,0.4929367119757148,4.801290983563744e-05,
Exclude source conflicts,electricity_pct,ROU,Romania,2,0.49298472488555045,0.49297664886856973,8.076016980718137e-06,
Exclude source conflicts,electricity_pct,RUS,Russian Federation,1,0.49298472488555045,0.49315509329844165,0.00017036841289119753,
Exclude source conflicts,electricity_pct,SLV,El Salvador,2,0.49298472488555045,0.4931196629999288,0.000134938114378369,
Exclude source conflicts,electricity_pct,SRB,Serbia,2,0.49298472488555045,0.49331371231583476,0.000328987430284311,
Exclude source conflicts,electricity_pct,SVN,Slovenia,1,0.49298472488555045,0.49273835036474867,0.00024637452080178424,
Exclude source conflicts,electricity_pct,SWE,Sweden,2,0.49298472488555045,0.4951600145087144,0.002175289623163934,
Exclude source conflicts,electricity_pct,THA,Thailand,2,0.49298472488555045,0.4953116733681678,0.0023269484826173303,
Exclude source conflicts,electricity_pct,TUN,Tunisia,1,0.49298472488555045,0.4903795247980911,0.0026052000874593473,
Exclude source conflicts,electricity_pct,TUR,Turkey,2,0.49298472488555045,0.4918063958894067,0.0011783289961437293,
Exclude source conflicts,electricity_pct,TZA,Tanzania,2,0.49298472488555045,0.5152910541231612,0.022306329237610778,
Exclude source conflicts,electricity_pct,UGA,Uganda,1,0.49298472488555045,0.4888525422487374,0.004132182636813031,
Exclude source conflicts,electricity_pct,URY,Uruguay,2,0.49298472488555045,0.4932838256713386,0.00029910078578815336,
Exclude source conflicts,electricity_pct,USA,United States,17,0.49298472488555045,0.48966346164621366,0.0033212632393367914,
Exclude source conflicts,electricity_pct,ZAF,South Africa,2,0.49298472488555045,0.49035913945131215,0.002625585434238298,
Exclude source conflicts,water_pct,ALB,Albania,1,0.28312438558415687,0.28368928165513874,0.0005648960709818684,
Exclude source conflicts,water_pct,ARG,Argentina,3,0.28312438558415687,0.2847321750866818,0.0016077895025249367,
Exclude source conflicts,water_pct,ARM,Armenia,2,0.28312438558415687,0.27458093483650803,0.00854345074764884,
Exclude source conflicts,water_pct,AUS,Australia,1,0.28312438558415687,0.28312429524792243,9.033623443732708e-08,
Exclude source conflicts,water_pct,AUT,Austria,1,0.28312438558415687,0.28344945093638896,0.0003250653522320901,
Exclude source conflicts,water_pct,AZE,Azerbaijan,1,0.28312438558415687,0.30189674030944885,0.018772354725291984,
Exclude source conflicts,water_pct,BEL,Belgium,3,0.28312438558415687,0.28333223040313305,0.00020784481897617724,
Exclude source conflicts,water_pct,BGR,Bulgaria,2,0.28312438558415687,0.2905987627042971,0.007474377120140208,
Exclude source conflicts,water_pct,BLR,Belarus,1,0.28312438558415687,0.2841257347161035,0.001001349131946605,
Exclude source conflicts,water_pct,BOL,Bolivia,1,0.28312438558415687,0.2853437543933526,0.0022193688091957098,
Exclude source conflicts,water_pct,BRA,Brazil,2,0.28312438558415687,0.2845201171053643,0.0013957315212074217,
Exclude source conflicts,water_pct,BTN,Bhutan,2,0.28312438558415687,0.29444615747320885,0.01132177188905198,
Exclude source conflicts,water_pct,CAN,Canada,1,0.28312438558415687,0.2825597105037961,0.0005646750803607881,
Exclude source conflicts,water_pct,CHE,Switzerland,6,0.28312438558415687,0.28341624448353964,0.00029185889938276866,
Exclude source conflicts,water_pct,CHL,Chile,2,0.28312438558415687,0.28341702343102976,0.00029263784687288963,
Exclude source conflicts,water_pct,CHN,China,1,0.28312438558415687,0.2828943710273029,0.00023001455685395245,
Exclude source conflicts,water_pct,CMR,Cameroon,1,0.28312438558415687,0.28148230384027295,0.0016420817438839164,
Exclude source conflicts,water_pct,COL,Colombia,1,0.28312438558415687,0.2831155945080374,8.791076119452068e-06,
Exclude source conflicts,water_pct,CRI,Costa Rica,1,0.28312438558415687,0.2817071453600937,0.0014172402240631432,
Exclude source conflicts,water_pct,DEU,Germany,2,0.28312438558415687,0.2815093524604247,0.0016150331237321791,
Exclude source conflicts,water_pct,DNK,Denmark,2,0.28312438558415687,0.2834619847479265,0.00033759916376963073,
Exclude source conflicts,water_pct,DOM,Dominican Republic,1,0.28312438558415687,0.28195365418834933,0.0011707313958075338,
Exclude source conflicts,water_pct,DZA,Algeria,1,0.28312438558415687,0.2795312235308835,0.003593162053273369,
Exclude source conflicts,water_pct,ECU,Ecuador,1,0.28312438558415687,0.2828558854229838,0.00026850016117307973,
Exclude source conflicts,water_pct,EGY,"Egypt, Arab Rep.",1,0.28312438558415687,0.24138724633892536,0.04173713924523151,
Exclude source conflicts,water_pct,ESP,Spain,2,0.28312438558415687,0.2852264286066058,0.0021020430224489295,
Exclude source conflicts,water_pct,EST,Estonia,2,0.28312438558415687,0.2883225949080089,0.00519820932385201,
Exclude source conflicts,water_pct,ETH,Ethiopia,1,0.28312438558415687,0.2922982699143279,0.009173884330171023,
Exclude source conflicts,water_pct,FIN,Finland,2,0.28312438558415687,0.2875119861367237,0.004387600552566817,
Exclude source conflicts,water_pct,FJI,Fiji,1,0.28312438558415687,0.2877152540244022,0.00459086844024531,
Exclude source conflicts,water_pct,FRA,France,1,0.28312438558415687,0.28480919221258455,0.001684806628427682,
Exclude source conflicts,water_pct,GBR,United Kingdom,2,0.28312438558415687,0.28467591573407813,0.0015515301499212653,
Exclude source conflicts,water_pct,GHA,Ghana,1,0.28312438558415687,0.2843303335999485,0.001205948015791658,
Exclude source conflicts,water_pct,GRC,Greece,1,0.28312438558415687,0.28311782730393414,6.558280222723756e-06,
Exclude source conflicts,water_pct,GTM,Guatemala,2,0.28312438558415687,0.26775195133322327,0.015372434250933598,
Exclude source conflicts,water_pct,HKG,"Hong Kong SAR, China",2,0.28312438558415687,0.2735501663956999,0.009574219188456967,
Exclude source conflicts,water_pct,HND,Honduras,1,0.28312438558415687,0.2870029343195797,0.0038785487354228154,
Exclude source conflicts,water_pct,HUN,Hungary,2,0.28312438558415687,0.2819636926860826,0.0011606928980742448,
Exclude source conflicts,water_pct,IRL,Ireland,1,0.28312438558415687,0.2860138014747556,0.002889415890598712,
Exclude source conflicts,water_pct,IRN,"Iran, Islamic Rep.",1,0.28312438558415687,0.28182752613730955,0.0012968594468473205,
Exclude source conflicts,water_pct,IRQ,Iraq,1,0.28312438558415687,0.2703471832945803,0.012777202289576572,
Exclude source conflicts,water_pct,ITA,Italy,3,0.28312438558415687,0.28960552937357653,0.006481143789419663,
Exclude source conflicts,water_pct,JPN,Japan,4,0.28312438558415687,0.29310127444181094,0.009976888857654076,
Exclude source conflicts,water_pct,KAZ,Kazakhstan,5,0.28312438558415687,0.2729104606081382,0.010213924976018696,
Exclude source conflicts,water_pct,KGZ,Kyrgyz Republic,4,0.28312438558415687,0.3047403469642613,0.02161596138010441,
Exclude source conflicts,water_pct,KHM,Cambodia,1,0.28312438558415687,0.28043896784188566,0.002685417742271212,
Exclude source conflicts,water_pct,KOR,"Korea, Rep.",4,0.28312438558415687,0.2861319195614704,0.0030075339773135146,
Exclude source conflicts,water_pct,LAO,Lao PDR,4,0.28312438558415687,0.2604945475868162,0.02262983799734064,
Exclude source conflicts,water_pct,LBR,Liberia,1,0.28312438558415687,0.3139544759637255,0.03083009037956863,
Exclude source conflicts,water_pct,LSO,Lesotho,1,0.28312438558415687,0.2813389221501058,0.00178546343405106,
Exclude source conflicts,water_pct,LTU,Lithuania,1,0.28312438558415687,0.2813658627622284,0.0017585228219284543,
Exclude source conflicts,water_pct,LUX,Luxembourg,1,0.28312438558415687,0.2857883698490102,0.002663984264853314,
Exclude source conflicts,water_pct,LVA,Latvia,1,0.28312438558415687,0.2853280407965753,0.0022036552124184428,
Exclude source conflicts,water_pct,MAR,Morocco,1,0.28312438558415687,0.29440939555501566,0.011285009970858795,
Exclude source conflicts,water_pct,MDA,Moldova,1,0.28312438558415687,0.28339181235243305,0.00026742676827617995,
Exclude source conflicts,water_pct,MEX,Mexico,4,0.28312438558415687,0.28045972610718745,0.002664659476969422,
Exclude source conflicts,water_pct,MKD,North Macedonia,3,0.28312438558415687,0.2784214812509575,0.004702904333199365,
Exclude source conflicts,water_pct,MLT,Malta,1,0.28312438558415687,0.28293113603361025,0.00019324955054661475,
Exclude source conflicts,water_pct,MNG,Mongolia,5,0.28312438558415687,0.26701489880516716,0.016109486778989712,
Exclude source conflicts,water_pct,MUS,Mauritius,1,0.28312438558415687,0.27304705977344673,0.010077325810710136,
Exclude source conflicts,water_pct,MWI,Malawi,1,0.28312438558415687,0.29249025600382716,0.009365870419670297,
Exclude source conflicts,water_pct,MYS,Malaysia,1,0.28312438558415687,0.2796644576357263,0.0034599279484305856,
Exclude source conflicts,water_pct,NLD,Netherlands,4,0.28312438558415687,0.2817014850964603,0.0014229004876965545,
Exclude source conflicts,water_pct,NOR,Norway,2,0.28312438558415687,0.2827295333739314,0.00039485221022544925,
Exclude source conflicts,water_pct,NZL,New Zealand,1,0.28312438558415687,0.28504421641096117,0.001919830826804303,
Exclude source conflicts,water_pct,OMN,Oman,2,0.28312438558415687,0.29792757574929646,0.01480319016513959,
Exclude source conflicts,water_pct,PAK,Pakistan,1,0.28312438558415687,0.2586312385325854,0.024493147051571462,
Exclude source conflicts,water_pct,PAN,Panama,1,0.28312438558415687,0.2828399364441114,0.00028444914004549515,
Exclude source conflicts,water_pct,PER,Peru,1,0.28312438558415687,0.2842396327095883,0.001115247125431429,
Exclude source conflicts,water_pct,POL,Poland,1,0.28312438558415687,0.28297437177177515,0.00015001381238172184,
Exclude source conflicts,water_pct,PRT,Portugal,1,0.28312438558415687,0.28355505360593525,0.0004306680217783798,
Exclude source conflicts,water_pct,PRY,Paraguay,1,0.28312438558415687,0.2855684397116844,0.0024440541275275174,
Exclude source conflicts,water_pct,PSE,West Bank and Gaza,2,0.28312438558415687,0.2593291554963442,0.023795230087812647,
Exclude source conflicts,water_pct,QAT,Qatar,1,0.28312438558415687,0.2825850244233043,0.0005393611608525695,
Exclude source conflicts,water_pct,ROU,Romania,2,0.28312438558415687,0.2836539498107955,0.0005295642266386347,
Exclude source conflicts,water_pct,RUS,Russian Federation,1,0.28312438558415687,0.2834083501489674,0.0002839645648105571,
Exclude source conflicts,water_pct,SLV,El Salvador,2,0.28312438558415687,0.28544293975704454,0.002318554172887677,
Exclude source conflicts,water_pct,SRB,Serbia,2,0.28312438558415687,0.28306680123162364,5.758435253322425e-05,
Exclude source conflicts,water_pct,SVN,Slovenia,1,0.28312438558415687,0.28227339689843717,0.0008509886857197002,
Exclude source conflicts,water_pct,SWE,Sweden,2,0.28312438558415687,0.283801583600866,0.000677198016709124,
Exclude source conflicts,water_pct,THA,Thailand,2,0.28312438558415687,0.28790962255153146,0.004785236967374595,
Exclude source conflicts,water_pct,TUN,Tunisia,1,0.28312438558415687,0.2878067827334343,0.0046823971492774286,
Exclude source conflicts,water_pct,TUR,Turkey,2,0.28312438558415687,0.28469064676336175,0.0015662611792048864,
Exclude source conflicts,water_pct,TZA,Tanzania,2,0.28312438558415687,0.3074828686234647,0.02435848303930782,
Exclude source conflicts,water_pct,UGA,Uganda,1,0.28312438558415687,0.2699064211717866,0.013217964412370276,
Exclude source conflicts,water_pct,URY,Uruguay,2,0.28312438558415687,0.28294938662921604,0.0001749989549408304,
Exclude source conflicts,water_pct,USA,United States,15,0.28312438558415687,0.27921260256390756,0.003911783020249304,
Exclude source conflicts,water_pct,ZAF,South Africa,2,0.28312438558415687,0.2849473249397967,0.0018229393556398188,
Exclude source conflicts,clean_cooking_pct,ALB,Albania,1,0.4042855537275759,0.4132529121579478,0.008967358430371886,
Exclude source conflicts,clean_cooking_pct,ARG,Argentina,3,0.4042855537275759,0.4066014778225826,0.002315924095006694,
Exclude source conflicts,clean_cooking_pct,ARM,Armenia,2,0.4042855537275759,0.39635377198630056,0.007931781741275346,
Exclude source conflicts,clean_cooking_pct,AUS,Australia,1,0.4042855537275759,0.40437907913780347,9.352541022755734e-05,
Exclude source conflicts,clean_cooking_pct,AUT,Austria,1,0.4042855537275759,0.405137473633982,0.0008519199064060956,
Exclude source conflicts,clean_cooking_pct,AZE,Azerbaijan,1,0.4042855537275759,0.3989773386777696,0.005308215049806331,
Exclude source conflicts,clean_cooking_pct,BEL,Belgium,3,0.4042855537275759,0.4019704673043262,0.002315086423249735,
Exclude source conflicts,clean_cooking_pct,BLR,Belarus,1,0.4042855537275759,0.4071154579259353,0.0028299041983593787,
Exclude source conflicts,clean_cooking_pct,BOL,Bolivia,1,0.4042855537275759,0.40759917550498664,0.0033136217774107357,
Exclude source conflicts,clean_cooking_pct,BRA,Brazil,2,0.4042855537275759,0.40957998124997536,0.0052944275223994475,
Exclude source conflicts,clean_cooking_pct,BTN,Bhutan,2,0.4042855537275759,0.4081553214149186,0.0038697676873427067,
Exclude source conflicts,clean_cooking_pct,CAN,Canada,1,0.4042855537275759,0.40413882435463155,0.00014672937294435417,
Exclude source conflicts,clean_cooking_pct,CHE,Switzerland,6,0.4042855537275759,0.4072493930990739,0.002963839371497967,
Exclude source conflicts,clean_cooking_pct,CHL,Chile,2,0.4042855537275759,0.4062786845982805,0.0019931308707045736,
Exclude source conflicts,clean_cooking_pct,CHN,China,1,0.4042855537275759,0.40438598212116794,0.0001004283935920336,
Exclude source conflicts,clean_cooking_pct,CMR,Cameroon,1,0.4042855537275759,0.4037470977786958,0.0005384559488801344,
Exclude source conflicts,clean_cooking_pct,COL,Colombia,1,0.4042855537275759,0.40439696287061877,0.00011140914304286209,
Exclude source conflicts,clean_cooking_pct,CRI,Costa Rica,1,0.4042855537275759,0.4030741427956777,0.0012114109318981936,
Exclude source conflicts,clean_cooking_pct,DEU,Germany,2,0.4042855537275759,0.4019722928205749,0.0023132609070010135,
Exclude source conflicts,clean_cooking_pct,DNK,Denmark,2,0.4042855537275759,0.40141434948965576,0.002871204237920144,
Exclude source conflicts,clean_cooking_pct,DOM,Dominican Republic,1,0.4042855537275759,0.40318102760883945,0.0011045261187364597,
Exclude source conflicts,clean_cooking_pct,DZA,Algeria,1,0.4042855537275759,0.3886505007480354,0.015635052979540487,
Exclude source conflicts,clean_cooking_pct,ECU,Ecuador,1,0.4042855537275759,0.39903140535492493,0.00525414837265098,
Exclude source conflicts,clean_cooking_pct,EGY,"Egypt, Arab Rep.",1,0.4042855537275759,0.3591334816869436,0.04515207204063232,
Exclude source conflicts,clean_cooking_pct,ESP,Spain,2,0.4042855537275759,0.4086699671036538,0.004384413376077867,
Exclude source conflicts,clean_cooking_pct,EST,Estonia,2,0.4042855537275759,0.41379167866749766,0.009506124939921756,
Exclude source conflicts,clean_cooking_pct,ETH,Ethiopia,1,0.4042855537275759,0.4042559239390645,2.9629788511398303e-05,
Exclude source conflicts,clean_cooking_pct,FIN,Finland,2,0.4042855537275759,0.40670657970410334,0.0024210259765274356,
Exclude source conflicts,clean_cooking_pct,FJI,Fiji,1,0.4042855537275759,0.4040240980400429,0.00026145568753299653,
Exclude source conflicts,clean_cooking_pct,FRA,France,1,0.4042855537275759,0.40560729025723746,0.0013217365296615546,
Exclude source conflicts,clean_cooking_pct,GBR,United Kingdom,2,0.4042855537275759,0.405082039802067,0.0007964860744910651,
Exclude source conflicts,clean_cooking_pct,GHA,Ghana,1,0.4042855537275759,0.40163308664550446,0.0026524670820714524,
Exclude source conflicts,clean_cooking_pct,GRC,Greece,1,0.4042855537275759,0.4042923843010827,6.830573506810822e-06,
Exclude source conflicts,clean_cooking_pct,GTM,Guatemala,2,0.4042855537275759,0.4388879164930631,0.03460236276548717,
Exclude source conflicts,clean_cooking_pct,HND,Honduras,1,0.4042855537275759,0.404285389016034,1.6471154190567106e-07,
Exclude source conflicts,clean_cooking_pct,HUN,Hungary,2,0.4042855537275759,0.4089771040675423,0.004691550339966377,
Exclude source conflicts,clean_cooking_pct,IRL,Ireland,1,0.4042855537275759,0.4063301607498288,0.002044607022252898,
Exclude source conflicts,clean_cooking_pct,IRN,"Iran, Islamic Rep.",1,0.4042855537275759,0.40100398550721966,0.0032815682203562457,
Exclude source conflicts,clean_cooking_pct,IRQ,Iraq,1,0.4042855537275759,0.37647900955153857,0.02780654417603734,
Exclude source conflicts,clean_cooking_pct,ITA,Italy,3,0.4042855537275759,0.4164039113914392,0.012118357663863266,
Exclude source conflicts,clean_cooking_pct,JPN,Japan,4,0.4042855537275759,0.4129770594987453,0.008691505771169394,
Exclude source conflicts,clean_cooking_pct,KAZ,Kazakhstan,5,0.4042855537275759,0.3902232257115405,0.014062328016035408,
Exclude source conflicts,clean_cooking_pct,KGZ,Kyrgyz Republic,4,0.4042855537275759,0.44040805623790547,0.03612250251032956,
Exclude source conflicts,clean_cooking_pct,KHM,Cambodia,1,0.4042855537275759,0.40278910748627295,0.0014964462413029622,
Exclude source conflicts,clean_cooking_pct,KOR,"Korea, Rep.",4,0.4042855537275759,0.4055094747826808,0.0012239210551048818,
Exclude source conflicts,clean_cooking_pct,LAO,Lao PDR,4,0.4042855537275759,0.35379508369655127,0.05049047003102464,
Exclude source conflicts,clean_cooking_pct,LBR,Liberia,1,0.4042855537275759,0.401531207407207,0.0027543463203689167,
Exclude source conflicts,clean_cooking_pct,LSO,Lesotho,1,0.4042855537275759,0.40416257410866807,0.00012297961890783693,
Exclude source conflicts,clean_cooking_pct,LTU,Lithuania,1,0.4042855537275759,0.4070062432730215,0.002720689545445576,
Exclude source conflicts,clean_cooking_pct,LUX,Luxembourg,1,0.4042855537275759,0.4084564411178612,0.004170887390285316,
Exclude source conflicts,clean_cooking_pct,LVA,Latvia,1,0.4042855537275759,0.4089895840252175,0.004704030297641604,
Exclude source conflicts,clean_cooking_pct,MAR,Morocco,1,0.4042855537275759,0.3942215974464312,0.010063956281144704,
Exclude source conflicts,clean_cooking_pct,MDA,Moldova,1,0.4042855537275759,0.4181533556625211,0.01386780193494519,
Exclude source conflicts,clean_cooking_pct,MEX,Mexico,4,0.4042855537275759,0.431709515018867,0.0274239612912911,
Exclude source conflicts,clean_cooking_pct,MKD,North Macedonia,3,0.4042855537275759,0.42211946685818014,0.01783391313060423,
Exclude source conflicts,clean_cooking_pct,MLT,Malta,1,0.4042855537275759,0.40394454251573336,0.0003410112118425457,
Exclude source conflicts,clean_cooking_pct,MNG,Mongolia,5,0.4042855537275759,0.4025808791093182,0.0017046746182576844,
Exclude source conflicts,clean_cooking_pct,MUS,Mauritius,1,0.4042855537275759,0.39708238936581136,0.007203164361764547,
Exclude source conflicts,clean_cooking_pct,MWI,Malawi,1,0.4042855537275759,0.4157416988754187,0.011456145147842767,
Exclude source conflicts,clean_cooking_pct,MYS,Malaysia,1,0.4042855537275759,0.4005901256054461,0.003695428122129807,
Exclude source conflicts,clean_cooking_pct,NLD,Netherlands,4,0.4042855537275759,0.400271170939915,0.0040143827876609195,
Exclude source conflicts,clean_cooking_pct,NOR,Norway,2,0.4042855537275759,0.4019682972795584,0.0023172564480175017,
Exclude source conflicts,clean_cooking_pct,NZL,New Zealand,1,0.4042855537275759,0.40595144862795834,0.0016658949003824364,
Exclude source conflicts,clean_cooking_pct,OMN,Oman,2,0.4042855537275759,0.3891064234067446,0.015179130320831291,
Exclude source conflicts,clean_cooking_pct,PAK,Pakistan,1,0.4042855537275759,0.40542778233318305,0.001142228605607143,
Exclude source conflicts,clean_cooking_pct,PAN,Panama,1,0.4042855537275759,0.4044088210778024,0.00012326735022649693,
Exclude source conflicts,clean_cooking_pct,PER,Peru,1,0.4042855537275759,0.4062313503002494,0.0019457965726735194,
Exclude source conflicts,clean_cooking_pct,POL,Poland,2,0.4042855537275759,0.40848926340344077,0.004203709675864864,
Exclude source conflicts,clean_cooking_pct,PRT,Portugal,1,0.4042855537275759,0.4058714181669999,0.0015858644394239896,
Exclude source conflicts,clean_cooking_pct,PRY,Paraguay,1,0.4042855537275759,0.40415044796882194,0.0001351057587539728,
Exclude source conflicts,clean_cooking_pct,QAT,Qatar,1,0.4042855537275759,0.40482444826458974,0.0005388945370138343,
Exclude source conflicts,clean_cooking_pct,ROU,Romania,2,0.4042855537275759,0.40664464082393237,0.0023590870963564603,
Exclude source conflicts,clean_cooking_pct,RUS,Russian Federation,1,0.4042855537275759,0.40408072209576495,0.00020483163181095332,
Exclude source conflicts,clean_cooking_pct,SLV,El Salvador,2,0.4042855537275759,0.40729056251787854,0.0030050087903026323,
Exclude source conflicts,clean_cooking_pct,SRB,Serbia,2,0.4042855537275759,0.40460806386641146,0.00032251013883555224,
Exclude source conflicts,clean_cooking_pct,SVN,Slovenia,1,0.4042855537275759,0.40385339187311636,0.00043216185445954514,
Exclude source conflicts,clean_cooking_pct,SWE,Sweden,2,0.4042855537275759,0.4039812502961161,0.0003043034314598181,
Exclude source conflicts,clean_cooking_pct,THA,Thailand,2,0.4042855537275759,0.4045427966407336,0.000257242913157707,
Exclude source conflicts,clean_cooking_pct,TUN,Tunisia,1,0.4042855537275759,0.39434753392179817,0.009938019805777742,
Exclude source conflicts,clean_cooking_pct,TUR,Turkey,2,0.4042855537275759,0.3981222838148993,0.006163269912676628,
Exclude source conflicts,clean_cooking_pct,TZA,Tanzania,2,0.4042855537275759,0.40754637955532874,0.0032608258277528335,
Exclude source conflicts,clean_cooking_pct,UGA,Uganda,1,0.4042855537275759,0.40102116763244805,0.003264386095127858,
Exclude source conflicts,clean_cooking_pct,URY,Uruguay,2,0.4042855537275759,0.403980845321362,0.00030470840621388273,
Exclude source conflicts,clean_cooking_pct,USA,United States,17,0.4042855537275759,0.4033166285556965,0.000968925171879409,
Exclude source conflicts,clean_cooking_pct,ZAF,South Africa,2,0.4042855537275759,0.4040717875204766,0.0002137662070992863,
Latest observation per entity,electricity_pct,ALB,Albania,1,0.5342846496969597,0.5313935053512453,0.002891144345714358,
Latest observation per entity,electricity_pct,ARG,Argentina,1,0.5342846496969597,0.535911286824268,0.0016266371273083724,
Latest observation per entity,electricity_pct,ARM,Armenia,1,0.5342846496969597,0.5333811456982439,0.0009035039987157489,
Latest observation per entity,electricity_pct,AUS,Australia,1,0.5342846496969597,0.5342424169935683,4.223270339132057e-05,
Latest observation per entity,electricity_pct,AUT,Austria,1,0.5342846496969597,0.5354516412994564,0.0011669916024967808,
Latest observation per entity,electricity_pct,AZE,Azerbaijan,1,0.5342846496969597,0.5293901996442542,0.004894450052705501,
Latest observation per entity,electricity_pct,BEL,Belgium,1,0.5342846496969597,0.5322541806518085,0.00203046904515114,
Latest observation per entity,electricity_pct,BGR,Bulgaria,1,0.5342846496969597,0.5334036829056259,0.0008809667913337593,
Latest observation per entity,electricity_pct,BLR,Belarus,1,0.5342846496969597,0.5339635429827916,0.00032110671416807346,
Latest observation per entity,electricity_pct,BOL,Bolivia,1,0.5342846496969597,0.5388611571260475,0.004576507429087884,
Latest observation per entity,electricity_pct,BRA,Brazil,1,0.5342846496969597,0.5377737733466795,0.003489123649719872,
Latest observation per entity,electricity_pct,BTN,Bhutan,1,0.5342846496969597,0.5364350905105011,0.002150440813541432,
Latest observation per entity,electricity_pct,CAN,Canada,1,0.5342846496969597,0.5309312642750826,0.00335338542187702,
Latest observation per entity,electricity_pct,CHE,Switzerland,1,0.5342846496969597,0.5331361381441027,0.0011485115528570011,
Latest observation per entity,electricity_pct,CHL,Chile,1,0.5342846496969597,0.536330508135364,0.0020458584384043244,
Latest observation per entity,electricity_pct,CHN,China,1,0.5342846496969597,0.5344809046281193,0.0001962549311596007,
Latest observation per entity,electricity_pct,CMR,Cameroon,1,0.5342846496969597,0.5344192545943565,0.00013460489739680614,
Latest observation per entity,electricity_pct,COL,Colombia,1,0.5342846496969597,0.5497306099141761,0.015445960217216448,
Latest observation per entity,electricity_pct,CRI,Costa Rica,1,0.5342846496969597,0.5382148911574275,0.0039302414604678315,
Latest observation per entity,electricity_pct,DEU,Germany,1,0.5342846496969597,0.5315081351891706,0.0027765145077890407,
Latest observation per entity,electricity_pct,DNK,Denmark,1,0.5342846496969597,0.5349269138172226,0.0006422641202629142,
Latest observation per entity,electricity_pct,DOM,Dominican Republic,1,0.5342846496969597,0.5330600171283462,0.001224632568613493,
Latest observation per entity,electricity_pct,DZA,Algeria,1,0.5342846496969597,0.523797786897931,0.010486862799028662,
Latest observation per entity,electricity_pct,ECU,Ecuador,1,0.5342846496969597,0.5297804288408505,0.004504220856109131,
Latest observation per entity,electricity_pct,EGY,"Egypt, Arab Rep.",1,0.5342846496969597,0.50545671183947,0.028827937857489605,
Latest observation per entity,electricity_pct,ESP,Spain,1,0.5342846496969597,0.5355142471056702,0.0012295974087105366,
Latest observation per entity,electricity_pct,EST,Estonia,1,0.5342846496969597,0.5383295210834727,0.004044871386512994,
Latest observation per entity,electricity_pct,ETH,Ethiopia,1,0.5342846496969597,0.5383041066865928,0.00401945698963313,
Latest observation per entity,electricity_pct,FIN,Finland,1,0.5342846496969597,0.5366481573556875,0.002363507658727837,
Latest observation per entity,electricity_pct,FJI,Fiji,1,0.5342846496969597,0.5365113731356911,0.002226723438731426,
Latest observation per entity,electricity_pct,FRA,France,1,0.5342846496969597,0.5358914913038362,0.001606841606876519,
Latest observation per entity,electricity_pct,GBR,United Kingdom,1,0.5342846496969597,0.5326417705213531,0.0016428791756065708,
Latest observation per entity,electricity_pct,GHA,Ghana,1,0.5342846496969597,0.5359541292923593,0.0016694795953996477,
Latest observation per entity,electricity_pct,GRC,Greece,1,0.5342846496969597,0.5363476413661482,0.002062991669188552,
Latest observation per entity,electricity_pct,GTM,Guatemala,1,0.5342846496969597,0.5290101506641908,0.005274499032768887,
Latest observation per entity,electricity_pct,HKG,"Hong Kong SAR, China",1,0.5342846496969597,0.5304844476059584,0.0038002020910012924,
Latest observation per entity,electricity_pct,HND,Honduras,1,0.5342846496969597,0.5351350518488354,0.0008504021518757066,
Latest observation per entity,electricity_pct,HUN,Hungary,1,0.5342846496969597,0.5340504514068278,0.00023419829013182625,
Latest observation per entity,electricity_pct,IRL,Ireland,1,0.5342846496969597,0.5350300713845686,0.0007454216876089381,
Latest observation per entity,electricity_pct,IRN,"Iran, Islamic Rep.",1,0.5342846496969597,0.5326273901585484,0.0016572595384112265,
Latest observation per entity,electricity_pct,IRQ,Iraq,1,0.5342846496969597,0.5019791250327668,0.0323055246641929,
Latest observation per entity,electricity_pct,ITA,Italy,1,0.5342846496969597,0.5423426707062355,0.008058021009275884,
Latest observation per entity,electricity_pct,JPN,Japan,1,0.5342846496969597,0.5426419315145976,0.008357281817637952,
Latest observation per entity,electricity_pct,KAZ,Kazakhstan,1,0.5342846496969597,0.5301341993825112,0.004150450314448495,
Latest observation per entity,electricity_pct,KGZ,Kyrgyz Republic,1,0.5342846496969597,0.5786954639657983,0.04441081426883864,
Latest observation per entity,electricity_pct,KHM,Cambodia,1,0.5342846496969597,0.5508364385814449,0.016551788884485275,
Latest observation per entity,electricity_pct,KOR,"Korea, Rep.",1,0.5342846496969597,0.5419740711058668,0.00768942140890716,
Latest observation per entity,electricity_pct,LAO,Lao PDR,1,0.5342846496969597,0.5758501905936128,0.0415655408966531,
Latest observation per entity,electricity_pct,LBR,Liberia,1,0.5342846496969597,0.47492870838131224,0.05935594131564742,
Latest observation per entity,electricity_pct,LSO,Lesotho,1,0.5342846496969597,0.5320864446469622,0.0021982050499974592,
Latest observation per entity,electricity_pct,LTU,Lithuania,1,0.5342846496969597,0.5370886444416771,0.0028039947447174862,
Latest observation per entity,electricity_pct,LUX,Luxembourg,1,0.5342846496969597,0.539263227974471,0.0049785782775113585,
Latest observation per entity,electricity_pct,LVA,Latvia,1,0.5342846496969597,0.5396938976943019,0.005409247997342215,
Latest observation per entity,electricity_pct,MAR,Morocco,1,0.5342846496969597,0.5257339076299261,0.008550742067033545,
Latest observation per entity,electricity_pct,MDA,Moldova,1,0.5342846496969597,0.5432856492942402,0.009000999597280512,
Latest observation per entity,electricity_pct,MEX,Mexico,1,0.5342846496969597,0.5435784369406322,0.00929378724367258,
Latest observation per entity,electricity_pct,MKD,North Macedonia,1,0.5342846496969597,0.534385176137878,0.00010052644091829155,
Latest observation per entity,electricity_pct,MLT,Malta,1,0.5342846496969597,0.5341813079321083,0.00010334176485138347,
Latest observation per entity,electricity_pct,MNG,Mongolia,1,0.5342846496969597,0.5332006965433067,0.00108395315365295,
Latest observation per entity,electricity_pct,MUS,Mauritius,1,0.5342846496969597,0.5283126194780196,0.005972030218940105,
Latest observation per entity,electricity_pct,MWI,Malawi,1,0.5342846496969597,0.51839593713277,0.015888712564189666,
Latest observation per entity,electricity_pct,MYS,Malaysia,1,0.5342846496969597,0.5323926726124055,0.0018919770845541306,
Latest observation per entity,electricity_pct,NLD,Netherlands,1,0.5342846496969597,0.5316585070356669,0.0026261426612927963,
Latest observation per entity,electricity_pct,NOR,Norway,1,0.5342846496969597,0.5332931688875536,0.0009914808094060312,
Latest observation per entity,electricity_pct,NZL,New Zealand,1,0.5342846496969597,0.535959093623584,0.0016744439266243027,
Latest observation per entity,electricity_pct,OMN,Oman,1,0.5342846496969597,0.5318663945991684,0.0024182550977912554,
Latest observation per entity,electricity_pct,PAK,Pakistan,1,0.5342846496969597,0.5148405551638169,0.019444094533142775,
Latest observation per entity,electricity_pct,PAN,Panama,1,0.5342846496969597,0.5344029749673364,0.00011832527037669571,
Latest observation per entity,electricity_pct,PER,Peru,1,0.5342846496969597,0.5350481001884341,0.0007634504914744156,
Latest observation per entity,electricity_pct,POL,Poland,1,0.5342846496969597,0.5340893490917196,0.00019530060524008963,
Latest observation per entity,electricity_pct,PRT,Portugal,1,0.5342846496969597,0.5337231650084262,0.0005614846885334535,
Latest observation per entity,electricity_pct,PRY,Paraguay,1,0.5342846496969597,0.5368712496516675,0.002586599954707891,
Latest observation per entity,electricity_pct,PSE,West Bank and Gaza,1,0.5342846496969597,0.5288565232695742,0.005428126427385438,
Latest observation per entity,electricity_pct,QAT,Qatar,1,0.5342846496969597,0.5330005555210446,0.0012840941759150182,
Latest observation per entity,electricity_pct,ROU,Romania,1,0.5342846496969597,0.5343013327808561,1.668308389646267e-05,
Latest observation per entity,electricity_pct,RUS,Russian Federation,1,0.5342846496969597,0.5349210409966783,0.0006363912997185972,
Latest observation per entity,electricity_pct,SLV,El Salvador,1,0.5342846496969597,0.5340253970275579,0.00025925266940174385,
Latest observation per entity,electricity_pct,SRB,Serbia,1,0.5342846496969597,0.5342898865699305,5.236872970826312e-06,
Latest observation per entity,electricity_pct,SVN,Slovenia,1,0.5342846496969597,0.5353655770649682,0.0010809273680085774,
Latest observation per entity,electricity_pct,SWE,Sweden,1,0.5342846496969597,0.5362200306352201,0.0019353809382604004,
Latest observation per entity,electricity_pct,THA,Thailand,1,0.5342846496969597,0.5359731973063018,0.001688547609342117,
Latest observation per entity,electricity_pct,TUN,Tunisia,1,0.5342846496969597,0.5272606853162206,0.007023964380739045,
Latest observation per entity,electricity_pct,TUR,Turkey,1,0.5342846496969597,0.538366642128237,0.004081992431277381,
Latest observation per entity,electricity_pct,TZA,Tanzania,1,0.5342846496969597,0.5494093654565556,0.015124715759595952,
Latest observation per entity,electricity_pct,UGA,Uganda,1,0.5342846496969597,0.5306949887246948,0.0035896609722648742,
Latest observation per entity,electricity_pct,URY,Uruguay,1,0.5342846496969597,0.5344055399501929,0.00012089025323325231,
Latest observation per entity,electricity_pct,USA,United States,1,0.5342846496969597,0.532092260314863,0.002192389382096649,
Latest observation per entity,electricity_pct,ZAF,South Africa,1,0.5342846496969597,0.5339461039153013,0.00033854578165837257,
Latest observation per entity,water_pct,ALB,Albania,1,0.23474740086759746,0.23752190422614208,0.002774503358544622,
Latest observation per entity,water_pct,ARG,Argentina,1,0.23474740086759746,0.23310729294275775,0.0016401079248397066,
Latest observation per entity,water_pct,ARM,Armenia,1,0.23474740086759746,0.2298169178834269,0.004930482984170564,
Latest observation per entity,water_pct,AUS,Australia,1,0.23474740086759746,0.23452409294931292,0.00022330791828453767,
Latest observation per entity,water_pct,AUT,Austria,1,0.23474740086759746,0.23507781795543545,0.0003304170878379864,
Latest observation per entity,water_pct,AZE,Azerbaijan,1,0.23474740086759746,0.26756210693457805,0.03281470606698059,
Latest observation per entity,water_pct,BEL,Belgium,1,0.23474740086759746,0.2334238576563945,0.0013235432112029544,
Latest observation per entity,water_pct,BGR,Bulgaria,1,0.23474740086759746,0.23755992301161177,0.0028125221440143122,
Latest observation per entity,water_pct,BLR,Belarus,1,0.23474740086759746,0.23552546273524444,0.0007780618676469786,
Latest observation per entity,water_pct,BOL,Bolivia,1,0.23474740086759746,0.23650628516874855,0.0017588843011510924,
Latest observation per entity,water_pct,BRA,Brazil,1,0.23474740086759746,0.24052574940064939,0.005778348533051925,
Latest observation per entity,water_pct,BTN,Bhutan,1,0.23474740086759746,0.24027063491736472,0.005523234049767262,
Latest observation per entity,water_pct,CAN,Canada,1,0.23474740086759746,0.2315339652670722,0.003213435600525255,
Latest observation per entity,water_pct,CHE,Switzerland,1,0.23474740086759746,0.23349381780267553,0.0012535830649219315,
Latest observation per entity,water_pct,CHL,Chile,1,0.23474740086759746,0.23558383353568899,0.0008364326680915246,
Latest observation per entity,water_pct,CHN,China,1,0.23474740086759746,0.2344177032487146,0.00032969761888285154,
Latest observation per entity,water_pct,CMR,Cameroon,1,0.23474740086759746,0.2336158451854348,0.001131555682162666,
Latest observation per entity,water_pct,COL,Colombia,1,0.23474740086759746,0.24304921171344335,0.008301810845845886,
Latest observation per entity,water_pct,CRI,Costa Rica,1,0.23474740086759746,0.2314694317387287,0.0032779691288687685,
Latest observation per entity,water_pct,DEU,Germany,1,0.23474740086759746,0.2323007324728013,0.002446668394796153,
Latest observation per entity,water_pct,DNK,Denmark,1,0.23474740086759746,0.23297864361700044,0.001768757250597025,
Latest observation per entity,water_pct,DOM,Dominican Republic,1,0.23474740086759746,0.23156600604352956,0.0031813948240679013,
Latest observation per entity,water_pct,DZA,Algeria,1,0.23474740086759746,0.22905244825356275,0.005694952614034715,
Latest observation per entity,water_pct,ECU,Ecuador,1,0.23474740086759746,0.23526258336529202,0.0005151824976945552,
Latest observation per entity,water_pct,EGY,"Egypt, Arab Rep.",1,0.23474740086759746,0.1574257948089302,0.07732160605866725,
Latest observation per entity,water_pct,ESP,Spain,1,0.23474740086759746,0.23518066207995358,0.000433261212356123,
Latest observation per entity,water_pct,EST,Estonia,1,0.23474740086759746,0.23952706068577023,0.004779659818172771,
Latest observation per entity,water_pct,ETH,Ethiopia,1,0.23474740086759746,0.2612865178552723,0.026539116987674832,
Latest observation per entity,water_pct,FIN,Finland,1,0.23474740086759746,0.23879163745543674,0.004044236587839284,
Latest observation per entity,water_pct,FJI,Fiji,1,0.23474740086759746,0.2396801587921299,0.004932757924532433,
Latest observation per entity,water_pct,FRA,France,1,0.23474740086759746,0.23753636489376756,0.0027889640261700988,
Latest observation per entity,water_pct,GBR,United Kingdom,1,0.23474740086759746,0.23546199916662425,0.0007145982990267863,
Latest observation per entity,water_pct,GHA,Ghana,1,0.23474740086759746,0.23486221249908648,0.00011481163148902018,
Latest observation per entity,water_pct,GRC,Greece,1,0.23474740086759746,0.23490400080581567,0.00015659993821820484,
Latest observation per entity,water_pct,GTM,Guatemala,1,0.23474740086759746,0.21888543910694486,0.015861961760652604,
Latest observation per entity,water_pct,HKG,"Hong Kong SAR, China",1,0.23474740086759746,0.22759302270319937,0.007154378164398095,
Latest observation per entity,water_pct,HND,Honduras,1,0.23474740086759746,0.2369402753357831,0.0021928744681856405,
Latest observation per entity,water_pct,HUN,Hungary,1,0.23474740086759746,0.2338794392787915,0.0008679615888059489,
Latest observation per entity,water_pct,IRL,Ireland,1,0.23474740086759746,0.23873009145495136,0.003982690587353899,
Latest observation per entity,water_pct,IRN,"Iran, Islamic Rep.",1,0.23474740086759746,0.23364443202414084,0.0011029688434566198,
Latest observation per entity,water_pct,IRQ,Iraq,1,0.23474740086759746,0.21322598097133588,0.02152141989626158,
Latest observation per entity,water_pct,ITA,Italy,1,0.23474740086759746,0.23608593327131744,0.0013385324037199775,
Latest observation per entity,water_pct,JPN,Japan,1,0.23474740086759746,0.2396226828236679,0.004875281956070426,
Latest observation per entity,water_pct,KAZ,Kazakhstan,1,0.23474740086759746,0.22198267541965652,0.012764725447940939,
Latest observation per entity,water_pct,KGZ,Kyrgyz Republic,1,0.23474740086759746,0.2634125858368627,0.02866518496926526,
Latest observation per entity,water_pct,KHM,Cambodia,1,0.23474740086759746,0.22873641129561115,0.006010989571986314,
Latest observation per entity,water_pct,KOR,"Korea, Rep.",1,0.23474740086759746,0.2370185880522629,0.0022711871846654297,
Latest observation per entity,water_pct,LAO,Lao PDR,1,0.23474740086759746,0.2373260351344418,0.0025786342668443485,
Latest observation per entity,water_pct,LBR,Liberia,1,0.23474740086759746,0.26751968692593875,0.03277228605834129,
Latest observation per entity,water_pct,LSO,Lesotho,1,0.23474740086759746,0.22710993001453764,0.0076374708530598245,
Latest observation per entity,water_pct,LTU,Lithuania,1,0.23474740086759746,0.22988896126326044,0.004858439604337017,
Latest observation per entity,water_pct,LUX,Luxembourg,1,0.23474740086759746,0.2365280105906031,0.001780609723005644,
Latest observation per entity,water_pct,LVA,Latvia,1,0.23474740086759746,0.23637352277615756,0.0016261219085600964,
Latest observation per entity,water_pct,MAR,Morocco,1,0.23474740086759746,0.2607098709649804,0.025962470097382923,
Latest observation per entity,water_pct,MDA,Moldova,1,0.23474740086759746,0.23433652391405418,0.0004108769535432766,
Latest observation per entity,water_pct,MEX,Mexico,1,0.23474740086759746,0.22867640707295062,0.006070993794646845,
Latest observation per entity,water_pct,MKD,North Macedonia,1,0.23474740086759746,0.23534347120566973,0.0005960703380722687,
Latest observation per entity,water_pct,MLT,Malta,1,0.23474740086759746,0.23419440681509707,0.000552994052500394,
Latest observation per entity,water_pct,MNG,Mongolia,1,0.23474740086759746,0.2397290390057616,0.0049816381381641295,
Latest observation per entity,water_pct,MUS,Mauritius,1,0.23474740086759746,0.2220514529085307,0.012695947959066756,
Latest observation per entity,water_pct,MWI,Malawi,1,0.23474740086759746,0.2439761861730889,0.009228785305491427,
Latest observation per entity,water_pct,MYS,Malaysia,1,0.23474740086759746,0.23079969561194935,0.00394770525564811,
Latest observation per entity,water_pct,NLD,Netherlands,1,0.23474740086759746,0.23168727059999972,0.0030601302675977438,
Latest observation per entity,water_pct,NOR,Norway,1,0.23474740086759746,0.23325756980549928,0.0014898310620981847,
Latest observation per entity,water_pct,NZL,New Zealand,1,0.23474740086759746,0.23716056601358357,0.002413165145986107,
Latest observation per entity,water_pct,OMN,Oman,1,0.23474740086759746,0.24625221341438716,0.0115048125467897,
Latest observation per entity,water_pct,PAK,Pakistan,1,0.23474740086759746,0.19224786609345768,0.042499534774139786,
Latest observation per entity,water_pct,PAN,Panama,1,0.23474740086759746,0.23454492002562063,0.00020248084197682648,
Latest observation per entity,water_pct,PER,Peru,1,0.23474740086759746,0.23959032170120861,0.004842920833611153,
Latest observation per entity,water_pct,POL,Poland,1,0.23474740086759746,0.23419175763869673,0.0005556432289007263,
Latest observation per entity,water_pct,PRT,Portugal,1,0.23474740086759746,0.23556007546465801,0.0008126745970605531,
Latest observation per entity,water_pct,PRY,Paraguay,1,0.23474740086759746,0.23680851497723268,0.0020611141096352203,
Latest observation per entity,water_pct,PSE,West Bank and Gaza,1,0.23474740086759746,0.21628180852675324,0.018465592340844217,
Latest observation per entity,water_pct,QAT,Qatar,1,0.23474740086759746,0.2315865699018542,0.0031608309657432665,
Latest observation per entity,water_pct,ROU,Romania,1,0.23474740086759746,0.2346353310753152,0.00011206979228226,
Latest observation per entity,water_pct,RUS,Russian Federation,1,0.23474740086759746,0.23537597170642086,0.0006285708388233946,
Latest observation per entity,water_pct,SLV,El Salvador,1,0.23474740086759746,0.23718837516869365,0.002440974301096188,
Latest observation per entity,water_pct,SRB,Serbia,1,0.23474740086759746,0.2348766573439023,0.00012925647630485093,
Latest observation per entity,water_pct,SVN,Slovenia,1,0.23474740086759746,0.23544307517542354,0.0006956743078260774,
Latest observation per entity,water_pct,SWE,Sweden,1,0.23474740086759746,0.23433736070839842,0.00041004015919904324,
Latest observation per entity,water_pct,THA,Thailand,1,0.23474740086759746,0.2400141524580246,0.005266751590427138,
Latest observation per entity,water_pct,TUN,Tunisia,1,0.23474740086759746,0.24748716253770173,0.012739761670104266,
Latest observation per entity,water_pct,TUR,Turkey,1,0.23474740086759746,0.24021812146925714,0.005470720601659679,
Latest observation per entity,water_pct,TZA,Tanzania,1,0.23474740086759746,0.2503452378102496,0.015597836942652127,
Latest observation per entity,water_pct,UGA,Uganda,1,0.23474740086759746,0.2129593925590388,0.02178800830855865,
Latest observation per entity,water_pct,URY,Uruguay,1,0.23474740086759746,0.2347538617188424,6.460851244949328e-06,
Latest observation per entity,water_pct,USA,United States,1,0.23474740086759746,0.23365819020076992,0.0010892106668275447,
Latest observation per entity,water_pct,ZAF,South Africa,1,0.23474740086759746,0.23641608136613618,0.001668680498538716,
Latest observation per entity,clean_cooking_pct,ALB,Albania,1,0.44483655897633717,0.47150938672868054,0.026672827752343364,
Latest observation per entity,clean_cooking_pct,ARG,Argentina,1,0.44483655897633717,0.4427542722604207,0.0020822867159164815,
Latest observation per entity,clean_cooking_pct,ARM,Armenia,1,0.44483655897633717,0.44314851045833104,0.0016880485180061355,
Latest observation per entity,clean_cooking_pct,AUS,Australia,1,0.44483655897633717,0.44476921125681773,6.734771951943941e-05,
Latest observation per entity,clean_cooking_pct,AUT,Austria,1,0.44483655897633717,0.4463107899298198,0.001474230953482647,
Latest observation per entity,clean_cooking_pct,AZE,Azerbaijan,1,0.44483655897633717,0.44258182495630843,0.002254734020028737,
Latest observation per entity,clean_cooking_pct,BEL,Belgium,1,0.44483655897633717,0.44319899632496706,0.0016375626513701058,
Latest observation per entity,clean_cooking_pct,BLR,Belarus,1,0.44483655897633717,0.4470979367468565,0.002261377770519324,
Latest observation per entity,clean_cooking_pct,BOL,Bolivia,1,0.44483655897633717,0.4472281350484276,0.002391576072090451,
Latest observation per entity,clean_cooking_pct,BRA,Brazil,1,0.44483655897633717,0.45961543002286287,0.014778871046525699,
Latest observation per entity,clean_cooking_pct,BTN,Bhutan,1,0.44483655897633717,0.4489160698567806,0.004079510880443449,
Latest observation per entity,clean_cooking_pct,CAN,Canada,1,0.44483655897633717,0.4449178162231233,8.125724678614832e-05,
Latest observation per entity,clean_cooking_pct,CHE,Switzerland,1,0.44483655897633717,0.44360205102489886,0.0012345079514383128,
Latest observation per entity,clean_cooking_pct,CHL,Chile,1,0.44483655897633717,0.4442730254935555,0.0005635334827816529,
Latest observation per entity,clean_cooking_pct,CHN,China,1,0.44483655897633717,0.4445833559186753,0.0002532030576618549,
Latest observation per entity,clean_cooking_pct,CMR,Cameroon,1,0.44483655897633717,0.4447785983402106,5.796063612656388e-05,
Latest observation per entity,clean_cooking_pct,COL,Colombia,1,0.44483655897633717,0.4701817818191016,0.025345222842764414,
Latest observation per entity,clean_cooking_pct,CRI,Costa Rica,1,0.44483655897633717,0.44267867578452613,0.0021578831918110386,
Latest observation per entity,clean_cooking_pct,DEU,Germany,1,0.44483655897633717,0.4420986195309539,0.002737939445383253,
Latest observation per entity,clean_cooking_pct,DNK,Denmark,1,0.44483655897633717,0.4403700180566885,0.004466540919648654,
Latest observation per entity,clean_cooking_pct,DOM,Dominican Republic,1,0.44483655897633717,0.4418101528063429,0.003026406169994278,
Latest observation per entity,clean_cooking_pct,DZA,Algeria,1,0.44483655897633717,0.420338315928969,0.024498243047368196,
Latest observation per entity,clean_cooking_pct,ECU,Ecuador,1,0.44483655897633717,0.4359514517510746,0.00888510722526259,
Latest observation per entity,clean_cooking_pct,EGY,"Egypt, Arab Rep.",1,0.44483655897633717,0.37340692064905234,0.07142963832728483,
Latest observation per entity,clean_cooking_pct,ESP,Spain,1,0.44483655897633717,0.4460383629375862,0.0012018039612490261,
Latest observation per entity,clean_cooking_pct,EST,Estonia,1,0.44483655897633717,0.4510910916639214,0.006254532687584247,
Latest observation per entity,clean_cooking_pct,ETH,Ethiopia,1,0.44483655897633717,0.44554661085458813,0.0007100518782509613,
Latest observation per entity,clean_cooking_pct,FIN,Finland,1,0.44483655897633717,0.44671519764221523,0.001878638665878063,
Latest observation per entity,clean_cooking_pct,FJI,Fiji,1,0.44483655897633717,0.44917158156016035,0.004335022583823178,
Latest observation per entity,clean_cooking_pct,FRA,France,1,0.44483655897633717,0.44594975518041313,0.0011131962040759613,
Latest observation per entity,clean_cooking_pct,GBR,United Kingdom,1,0.44483655897633717,0.44630411011961113,0.0014675511432739596,
Latest observation per entity,clean_cooking_pct,GHA,Ghana,1,0.44483655897633717,0.4443405091530974,0.0004960498232397526,
Latest observation per entity,clean_cooking_pct,GRC,Greece,1,0.44483655897633717,0.4449537382603427,0.00011717928400550859,
Latest observation per entity,clean_cooking_pct,GTM,Guatemala,1,0.44483655897633717,0.48353720282930857,0.038700643852971395,
Latest observation per entity,clean_cooking_pct,HND,Honduras,1,0.44483655897633717,0.44757167202570475,0.002735113049367577,
Latest observation per entity,clean_cooking_pct,HUN,Hungary,1,0.44483655897633717,0.4450895660899012,0.00025300711356401884,
Latest observation per entity,clean_cooking_pct,IRL,Ireland,1,0.44483655897633717,0.45094244079182344,0.006105881815486269,
Latest observation per entity,clean_cooking_pct,IRN,"Iran, Islamic Rep.",1,0.44483655897633717,0.4414827520774323,0.003353806898904854,
Latest observation per entity,clean_cooking_pct,IRQ,Iraq,1,0.44483655897633717,0.40366476622559805,0.04117179275073912,
Latest observation per entity,clean_cooking_pct,ITA,Italy,1,0.44483655897633717,0.4475091820759381,0.0026726230996009237,
Latest observation per entity,clean_cooking_pct,JPN,Japan,1,0.44483655897633717,0.4486299119014233,0.0037933529250861464,
Latest observation per entity,clean_cooking_pct,KAZ,Kazakhstan,1,0.44483655897633717,0.4318654765520174,0.012971082424319769,
Latest observation per entity,clean_cooking_pct,KGZ,Kyrgyz Republic,1,0.44483655897633717,0.49141439653507024,0.04657783755873307,
Latest observation per entity,clean_cooking_pct,KHM,Cambodia,1,0.44483655897633717,0.4456369734623832,0.0008004144860460083,
Latest observation per entity,clean_cooking_pct,KOR,"Korea, Rep.",1,0.44483655897633717,0.4464067234853587,0.0015701645090215322,
Latest observation per entity,clean_cooking_pct,LAO,Lao PDR,1,0.44483655897633717,0.40954793669325334,0.035288622283083826,
Latest observation per entity,clean_cooking_pct,LBR,Liberia,1,0.44483655897633717,0.42916822149317246,0.015668337483164707,
Latest observation per entity,clean_cooking_pct,LSO,Lesotho,1,0.44483655897633717,0.4378272786095416,0.007009280366795545,
Latest observation per entity,clean_cooking_pct,LTU,Lithuania,1,0.44483655897633717,0.44494801784397064,0.00011145886763347379,
Latest observation per entity,clean_cooking_pct,LUX,Luxembourg,1,0.44483655897633717,0.4496747772821337,0.0048382183057965045,
Latest observation per entity,clean_cooking_pct,LVA,Latvia,1,0.44483655897633717,0.44621667355449673,0.0013801145781595636,
Latest observation per entity,clean_cooking_pct,MAR,Morocco,1,0.44483655897633717,0.42470160253860445,0.02013495643773272,
Latest observation per entity,clean_cooking_pct,MDA,Moldova,1,0.44483655897633717,0.46363849715904476,0.01880193818270759,
Latest observation per entity,clean_cooking_pct,MEX,Mexico,1,0.44483655897633717,0.45019517365304196,0.005358614676704787,
Latest observation per entity,clean_cooking_pct,MKD,North Macedonia,1,0.44483655897633717,0.4458804599102255,0.001043900933888342,
Latest observation per entity,clean_cooking_pct,MLT,Malta,1,0.44483655897633717,0.44582361812132326,0.000987059144986091,
Latest observation per entity,clean_cooking_pct,MNG,Mongolia,1,0.44483655897633717,0.4538083567309856,0.008971797754648403,
Latest observation per entity,clean_cooking_pct,MUS,Mauritius,1,0.44483655897633717,0.4394533828312957,0.005383176145041468,
Latest observation per entity,clean_cooking_pct,MWI,Malawi,1,0.44483655897633717,0.4586241300617013,0.013787571085364103,
Latest observation per entity,clean_cooking_pct,MYS,Malaysia,1,0.44483655897633717,0.442160216254557,0.0026763427217801894,
Latest observation per entity,clean_cooking_pct,NLD,Netherlands,1,0.44483655897633717,0.4411039078038477,0.0037326511724894984,
Latest observation per entity,clean_cooking_pct,NOR,Norway,1,0.44483655897633717,0.4408396927925961,0.003996866183741066,
Latest observation per entity,clean_cooking_pct,NZL,New Zealand,1,0.44483655897633717,0.44596151587350136,0.0011249568971641866,
Latest observation per entity,clean_cooking_pct,OMN,Oman,1,0.44483655897633717,0.4424765815012163,0.0023599774751208447,
Latest observation per entity,clean_cooking_pct,PAK,Pakistan,1,0.44483655897633717,0.45256961519811506,0.00773305622177789,
Latest observation per entity,clean_cooking_pct,PAN,Panama,1,0.44483655897633717,0.44701872716929747,0.0021821681929602987,
Latest observation per entity,clean_cooking_pct,PER,Peru,1,0.44483655897633717,0.4551383298527143,0.010301770876377125,
Latest observation per entity,clean_cooking_pct,POL,Poland,1,0.44483655897633717,0.44708530576003835,0.002248746783701183,
Latest observation per entity,clean_cooking_pct,PRT,Portugal,1,0.44483655897633717,0.44697044921457685,0.0021338902382396774,
Latest observation per entity,clean_cooking_pct,PRY,Paraguay,1,0.44483655897633717,0.44488901319309027,5.245421675309503e-05,
Latest observation per entity,clean_cooking_pct,QAT,Qatar,1,0.44483655897633717,0.44318584309114384,0.0016507158851933323,
Latest observation per entity,clean_cooking_pct,ROU,Romania,1,0.44483655897633717,0.44579695722092316,0.0009603982445859915,
Latest observation per entity,clean_cooking_pct,RUS,Russian Federation,1,0.44483655897633717,0.4445031385087208,0.00033342046761636324,
Latest observation per entity,clean_cooking_pct,SLV,El Salvador,1,0.44483655897633717,0.4445175661844425,0.0003189927918946789,
Latest observation per entity,clean_cooking_pct,SRB,Serbia,1,0.44483655897633717,0.44670275337026366,0.0018661943939264902,
Latest observation per entity,clean_cooking_pct,SVN,Slovenia,1,0.44483655897633717,0.4445520116698329,0.0002845473065042903,
Latest observation per entity,clean_cooking_pct,SWE,Sweden,1,0.44483655897633717,0.44426982279521693,0.000566736181120242,
Latest observation per entity,clean_cooking_pct,THA,Thailand,1,0.44483655897633717,0.4445469442580583,0.0002896147182788744,
Latest observation per entity,clean_cooking_pct,TUN,Tunisia,1,0.44483655897633717,0.43409454154208604,0.010742017434251128,
Latest observation per entity,clean_cooking_pct,TUR,Turkey,1,0.44483655897633717,0.4446514736500685,0.00018508532626865248,
Latest observation per entity,clean_cooking_pct,TZA,Tanzania,1,0.44483655897633717,0.4490009606507496,0.004164401674412455,
Latest observation per entity,clean_cooking_pct,UGA,Uganda,1,0.44483655897633717,0.4401833770329434,0.004653181943393758,
Latest observation per entity,clean_cooking_pct,URY,Uruguay,1,0.44483655897633717,0.4448329232524902,3.6357238469841846e-06,
Latest observation per entity,clean_cooking_pct,USA,United States,1,0.44483655897633717,0.4450625855592224,0.00022602658288523036,
Latest observation per entity,clean_cooking_pct,ZAF,South Africa,1,0.44483655897633717,0.44608712242241605,0.0012505634460788784,
