iso,beta_UW,beta_RW,Lambda_median,p_Lambda_gt_0
ARM,0.01831151199034091,0.027849036246203038,-0.027310359814537458,0.47
AUT,0.00963309188730963,0.03301549085820099,-0.026853120405034486,0.33
BEL,0.07437381348563375,0.011015105022932499,0.06432828968011581,0.85
BGD,-0.038207859529436304,0.02530192256945304,-0.03059324372297518,0.465
BGR,-0.027202249595109168,0.01753890105454224,-0.05663706952081869,0.46
BLR,0.07900866790357984,0.05311187066764981,0.03965690095615401,0.525
BLZ,-0.03918562707827482,0.010263607047057949,-0.0616155442697581,0.45
BOL,0.09865501938706296,0.01085704787078406,0.07721132105899736,0.625
BRA,0.3405537068095462,0.3419070980391483,0.014609953471945741,0.54
BTN,-0.031179760479875567,0.01605440819720153,-0.037888290344591694,0.42
BWA,-0.15343060909124379,-0.00096466617911279,-0.15640925052367993,0.345
CAF,0.000699727089801332,0.044395861197573064,-0.004027107341311356,0.495
CHE,-0.060103596991165714,-0.02012965108513919,-0.03335291075525119,0.46
CHL,-0.09474480772130642,-0.0519941528003735,-0.03150290069922365,0.415
CHN,-0.19895033602981887,0.0037073462899069806,-0.12520952911528707,0.355
CIV,-0.044593660027015536,-0.04717042717378375,-0.028899558565214714,0.475
CMR,0.012149433617820924,0.056880963868861746,-0.007037765313105463,0.48
COD,-0.031145875458008798,0.0071033026738246685,-0.04791992766755232,0.455
COG,-0.04245052211391733,0.02428502276111421,-0.09629719622813088,0.39
COL,-0.0011060768251745915,0.00743808690884043,-0.004434903900101552,0.485
COM,0.013817235999208349,0.0637946126845799,-0.03549281112760845,0.465
CPV,-0.027619872954719675,0.012854766164778372,-0.03672815139070779,0.46
CRI,-0.5130603797547693,-0.6210898207747326,0.11971984666465871,0.735
CYP,-0.04590301999342173,0.08710226485158779,-0.0761546813252513,0.365
CZE,0.08279201491289644,0.003962827657041208,0.08724528635922287,0.595
DEU,0.12119287772525952,-0.02516764800871324,0.14048447864754843,0.67
DJI,-0.07530250981378667,0.039604710589380546,-0.11602601507966356,0.415
DNK,0.011824991862983112,0.08073319556343508,-0.06918772013949037,0.185
DOM,-0.01068098737444315,-0.040869771198325286,0.015310678402233793,0.53
ECU,-0.04719023723618547,-0.0685509224257867,0.02117291972563165,0.575
EGY,0.1788113374810794,0.25273169952589514,-0.06469074236817303,0.445
ESP,0.0264725860013618,0.07296787232369027,-0.05011645285107642,0.15
EST,-0.08240230319109881,-0.024694983345514933,-0.06469344024408831,0.44
ETH,-0.12800680381208412,-0.008145265968053659,-0.13143294708894815,0.18
FIN,-0.051711911835313665,0.04999616088938375,-0.09875029066211528,0.155
FRA,0.04902638889407587,0.07083017247275623,-0.026518611480559742,0.475
GBR,0.007314230637409776,0.042618344697996115,-0.035069061245664036,0.215
GEO,-0.6775663216334518,-0.39984994527899453,-0.2810372710555371,0.06
GHA,-0.020475742301118992,-0.05698696938459844,0.058996787052531696,0.585
GIN,-0.334911227026874,-0.04925448415687051,-0.30778600199546935,0.21
GMB,0.23771320007990304,0.16576164112769878,0.08088891264331191,0.665
GNB,-0.14251932758992827,-0.08734019706468335,-0.0686293566127893,0.425
GRC,-0.13223944879398467,0.013437353191597471,-0.11351650564461614,0.345
GTM,-0.8361384212081734,-0.9240705238648389,0.09462261631816077,0.59
GUY,0.1411726543044105,0.0010771439653090437,0.15128319299466284,0.66
HND,-0.39422769686493003,-0.4653989934536695,0.09706260641438406,0.65
HRV,-0.04359762106520212,-0.013743450364627537,-0.07502663478894434,0.41
HTI,-0.05650117830085674,0.02308510109160538,-0.052169490201432585,0.44
HUN,0.4253742604377233,0.2958049856208104,0.14106988890351604,0.685
IDN,0.03239508300704554,-0.004085069575578877,0.0412520759282372,0.715
IND,0.029551890903744688,0.034002854700999854,0.0024264181193488325,0.505
IRL,0.04195050176187261,-0.03243050666277415,0.012706204272845995,0.515
IRN,-0.06650164020928571,-0.006534583656983662,-0.025103973279118244,0.46
ISL,-0.11550965500813867,-0.05336958270335227,-0.05545689489840556,0.445
ITA,0.07128623532989228,0.06362662072636546,0.0038443427879982384,0.52
JAM,-0.020789739271808733,0.02033189413587246,-0.042411742291483034,0.435
JOR,-0.00336030238131875,0.17917640924183256,-0.22588884826930564,0.215
KAZ,-0.00991677062716053,-0.0522589544835624,0.045277966782449164,0.6
KEN,-0.39266527197917345,-0.18335902363493248,-0.19722176233275399,0.31
KGZ,0.08615082209655311,0.005567185165635151,0.07520512576829047,0.875
KHM,0.09406749678858764,0.04798437453543839,0.05619400880980252,0.575
KOR,0.007041087905488503,0.11994537394751179,-0.1451938412859663,0.29
LAO,-0.06604570480185244,-0.07612600882111546,0.005115717797025798,0.51
LBR,-0.05369280487233963,0.024124860296778898,-0.06495258752945587,0.4
LKA,-0.06579713721455359,0.008249731083043797,-0.06772925467258002,0.39
LSO,0.026453720719705462,0.012140330413972012,-0.02091086652322601,0.475
LTU,0.09055356988580524,0.14374826218583214,-0.050719376566281484,0.175
LUX,-0.007062517926765798,-0.047683535726984354,0.047327220034488776,0.695
LVA,-0.11736502384493992,-0.059505152346367725,-0.07896950298822883,0.4
MAR,-0.030061678544436553,-0.008913824681278118,-0.02629349939087547,0.475
MDA,-0.45452459579645044,-0.041130405211712656,-0.4056744344262467,0.095
MDG,0.019112366093369068,0.01248591115107544,0.0004998177647883711,0.51
MDV,0.19925564418341957,0.17411433204460108,0.022166839341255073,0.525
MEX,-0.009806811672613536,0.0770013315526379,-0.08896860204236144,0.355
MKD,0.23651619196530307,0.15798461493345653,0.08047773421996125,0.78
MLI,-0.09568690007928901,-0.05616781907086381,-0.017019376718648616,0.48
MMR,-0.1979034907353699,-0.08584515779807667,-0.13897327171810497,0.345
MNE,-0.05107668027776502,-0.020386572886115957,-0.03976788275703749,0.435
MNG,-0.1434465482147992,-0.14689711561466287,-0.007402410033937726,0.47
MOZ,0.004687764193931996,0.05416850810194016,-0.05854344254571416,0.38
MRT,0.03037274659426675,0.15139431387135105,-0.11694913352084452,0.375
MWI,-0.2692359188132155,-0.318367421455088,0.04985041949109362,0.6
NAM,0.12186198727874839,0.10932378666067363,0.01463564598860602,0.53
NER,0.10001006273762025,0.04536452825228622,0.0434434446873039,0.555
NGA,0.4369824333071448,0.7016824739661784,-0.2481802889973324,0.205
NIC,0.1189620789969715,-0.03771866001973604,0.17767806367034672,0.765
NLD,0.004932509075788755,0.017381912210259018,-0.010723020943818936,0.475
NOR,-0.1489885432573371,0.09792865444852594,-0.29083067481680325,0.23
NPL,-0.030747878738049662,0.04661558257595469,-0.09040761394065402,0.35
PAK,-0.14084326173074427,0.03333078578257927,-0.1989595556205611,0.16
PAN,-0.2737676706964248,-0.5335984178999325,0.25669331639683257,0.8
PER,-0.23873874759483085,-0.10987231606260359,-0.13152332754772667,0.27
PHL,0.0010720996761457973,0.13103573583675462,-0.12168173656099968,0.25
POL,0.05717896566893364,0.039188457905800056,0.015531585179247895,0.535
PRT,0.12876133253184313,0.12096202931454339,0.030599733554778227,0.52
PRY,-0.3917279924560346,-0.29087034381789123,-0.08627971167376577,0.375
PSE,0.19628782891132873,0.025636087335970982,0.15459873521350284,0.725
ROU,-0.29765137186693924,0.1366681798229757,-0.420344911214075,0.105
RUS,-0.039230444393991794,0.010018144508532792,-0.054649096943180375,0.445
RWA,-0.13253477345383363,0.16552307658856635,-0.25001252038159016,0.175
SDN,-0.040855350490517285,-0.019959010299429147,-0.03531858062759183,0.465
SEN,-0.2375622593279964,-0.21424048567640813,-0.03904814066924782,0.425
SLE,0.27376703926481283,0.057360468799225156,0.2147612152888567,0.925
SLV,-0.159153362013158,-0.019699153367821173,-0.13533626151511505,0.28
SOM,-0.07766585557037248,-0.014548647176922459,-0.08636682476732405,0.4
SRB,-0.09304926429353157,-0.071012415210233,-0.006323702875186271,0.495
STP,-0.06200798794812449,-0.026821251166690284,-0.07419106641605733,0.365
SVK,-0.036097862640230086,0.02244171908323282,-0.027014038052788167,0.48
SWE,-0.04666555801237184,-0.009946442598042532,-0.0610461317511766,0.465
SWZ,-0.04438423517025224,-0.005353141283057056,-0.07492536435878983,0.435
SYR,0.013659765406843702,0.01193701598350395,-0.009865283189449178,0.485
TCD,0.00589124367710884,-0.013908305984181552,0.016092666429834094,0.53
TGO,-0.07295111500371508,0.07220348989062464,-0.13941268986410293,0.335
THA,-0.038255683666007484,0.11195620357722989,-0.14758718270468746,0.045
TJK,-0.035977725474687215,0.009927877030573483,-0.006102647877658074,0.495
TLS,0.025062623102837266,0.013075798818590093,0.018471020416605352,0.52
TUN,-0.013829359435314093,0.054830405639874485,-0.07309414580315901,0.335
TUR,-0.025393089606355217,0.044135997214198794,-0.06422485251067905,0.395
TZA,0.15195956108051706,0.1154197913667363,0.049403820833988865,0.59
UGA,-0.1949640386251954,0.09181881219523129,-0.2952275272154149,0.125
UKR,-0.3139966994907875,-0.08068433806314479,-0.22544433520579077,0.25
URY,-0.1115341812853472,0.056936995082183736,-0.16340386283817093,0.31
USA,0.04828842988607506,0.014093686261137564,0.033551309833468664,0.555
XKX,-0.12095706496651282,-0.012606860766214568,-0.13352511536396125,0.37
ZAF,-0.0035998397599748336,0.30474789539030744,-0.3016629615824413,0.09
ZMB,0.030307962687916842,0.09859538365714032,-0.03631733119436509,0.445
ZWE,0.04269257052585172,0.05644720854524983,-0.047873014112059645,0.435
