iso3,country,as_of_year,current_delay,half_delay_threshold,prob_halve_by_2030,prob_halve_within_10y,median_first_passage_years,prob_not_reached_15y
SLB,Solomon Islands,2012,5.0,2.5,0.427,0.353,,0.573
CHN,China,2012,4.0,2.0,0.248,0.212,,0.752
SWZ,Eswatini,2016,6.0,3.0,0.476,0.388,,0.506
LSO,Lesotho,2017,7.0,3.5,0.219,0.179,,0.761
MOZ,Mozambique,2017,8.0,4.0,0.35,0.292,,0.613
MMR,Myanmar,2018,6.0,3.0,0.581,0.511,6.0,0.34
TLS,Timor-Leste,2020,4.0,2.0,0.256,0.256,,0.707
COM,Comoros,2021,16.0,8.0,0.054,0.063,,0.88
MDG,Madagascar,2021,14.0,7.0,0.304,0.345,9.0,0.48
COL,Colombia,2022,20.0,10.0,0.035,0.05,,0.899
CPV,Cabo Verde,2022,9.0,4.5,0.063,0.073,,0.909
BEN,Benin,2022,19.0,9.5,0.083,0.129,,0.753
SVN,Slovenia,2023,9.0,4.5,0.084,0.095,,0.892
BIH,Bosnia and Herzegovina,2023,16.0,8.0,0.017,0.028,,0.946
HRV,Croatia,2023,5.0,2.5,0.103,0.11,,0.882
URY,Uruguay,2023,6.0,3.0,0.077,0.082,,0.915
AGO,Angola,2023,12.0,6.0,0.015,0.016,,0.983
MLT,Malta,2023,20.0,10.0,0.019,0.04,,0.921
SEN,Senegal,2023,21.0,10.5,0.034,0.08,,0.843
GBR,United Kingdom,2023,10.0,5.0,0.011,0.015,,0.978
MKD,North Macedonia,2023,4.0,2.0,0.084,0.092,,0.903
VUT,Vanuatu,2023,1.0,0.5,0.308,0.332,,0.636
MDV,Maldives,2023,22.0,11.0,0.021,0.048,,0.891
MNG,Mongolia,2023,4.0,2.0,0.078,0.082,,0.916
MNE,Montenegro,2023,5.0,2.5,0.136,0.149,,0.837
ZAF,South Africa,2023,20.0,10.0,0.012,0.037,,0.941
PRT,Portugal,2023,6.0,3.0,0.079,0.085,,0.906
NLD,Netherlands,2023,2.0,1.0,0.113,0.115,,0.883
ECU,Ecuador,2023,17.0,8.5,0.029,0.059,,0.885
ARG,Argentina,2023,12.0,6.0,0.016,0.018,,0.968
CAN,Canada,2023,23.0,11.5,0.019,0.049,,0.891
TGO,Togo,2023,20.0,10.0,0.06,0.143,,0.728
NGA,Nigeria,2023,21.0,10.5,0.047,0.088,,0.81
KEN,Kenya,2023,14.0,7.0,0.11,0.166,,0.721
CRI,Costa Rica,2024,12.0,6.0,0.012,0.024,,0.969
CYP,Cyprus,2024,4.0,2.0,0.11,0.118,,0.877
CHL,Chile,2024,23.0,11.5,0.014,0.054,,0.893
DOM,Dominican Republic,2024,21.0,10.5,0.005,0.017,,0.96
POL,Poland,2024,11.0,5.5,0.026,0.044,,0.943
MEX,Mexico,2024,13.0,6.5,0.035,0.058,,0.914
LUX,Luxembourg,2024,11.0,5.5,0.028,0.046,,0.941
ISR,Israel,2024,12.0,6.0,0.01,0.018,,0.976
LVA,Latvia,2024,19.0,9.5,0.008,0.022,,0.959
HUN,Hungary,2024,10.0,5.0,0.027,0.035,,0.952
GHA,Ghana,2024,13.0,6.5,0.016,0.025,,0.963
THA,Thailand,2024,13.0,6.5,0.024,0.049,,0.933
SRB,Serbia,2024,8.0,4.0,0.05,0.055,,0.94
MAR,Morocco,2024,20.0,10.0,0.01,0.029,,0.938
MAC,"Macao SAR, China",2024,19.0,9.5,0.022,0.063,,0.881
PHL,Philippines,2024,23.0,11.5,0.026,0.113,,0.744
KHM,Cambodia,2024,2.0,1.0,0.201,0.223,,0.759
MDA,Moldova,2024,4.0,2.0,0.142,0.154,,0.834
BOL,Bolivia,2024,22.0,11.0,0.006,0.03,,0.943
DZA,Algeria,2024,22.0,11.0,0.003,0.008,,0.989
EST,Estonia,2024,12.0,6.0,0.014,0.02,,0.965
NZL,New Zealand,2024,20.0,10.0,0.014,0.042,,0.912
PRI,Puerto Rico (US),2024,2.0,1.0,0.164,0.175,,0.81
VCT,St. Vincent and the Grenadines,2024,7.0,3.5,0.069,0.083,,0.906
IDN,Indonesia,2024,14.0,7.0,0.024,0.043,,0.927
LAO,Lao PDR,2024,16.0,8.0,0.012,0.027,,0.952
LCA,St. Lucia,2024,2.0,1.0,0.669,0.707,1.0,0.255
HKG,"Hong Kong SAR, China",2024,13.0,6.5,0.022,0.038,,0.937
RWA,Rwanda,2024,13.0,6.5,0.12,0.241,,0.601
KAZ,Kazakhstan,2024,22.0,11.0,0.003,0.008,,0.984
BTN,Bhutan,2024,10.0,5.0,0.026,0.038,,0.954
BGR,Bulgaria,2024,18.0,9.0,0.004,0.009,,0.987
JAM,Jamaica,2024,21.0,10.5,0.018,0.075,,0.854
VEN,"Venezuela, RB",2024,19.0,9.5,0.007,0.01,,0.986
NPL,Nepal,2024,13.0,6.5,0.058,0.117,,0.807
LTU,Lithuania,2024,11.0,5.5,0.03,0.061,,0.921
ALB,Albania,2024,8.0,4.0,0.094,0.118,,0.853
SVK,Slovak Republic,2024,9.0,4.5,0.103,0.128,,0.834
PER,Peru,2024,17.0,8.5,0.018,0.051,,0.907
