iso3,country,year_start,female_unpaid_hours_start,male_unpaid_hours_start,time_gap_hours_start,female_lfpr_pct_start,lfpr_gap_pp_start,cross_source_conflict_start,year_end,female_unpaid_hours_end,male_unpaid_hours_end,time_gap_hours_end,female_lfpr_pct_end,lfpr_gap_pp_end,cross_source_conflict_end,interval_years,either_endpoint_flagged,delta_female_hours,delta_male_hours,delta_time_gap_hours,delta_female_lfpr_pp,delta_lfpr_gap_pp,survey_comparability,freed_hours_per_day,freed_minutes_per_day,female_lfpr_change_pp,time_status,participation_status
ARM,Armenia,2004,5.7666672,1.0999992,4.666668,53.518,16.510999999999996,False,2008,5.197999199999999,1.0489992,4.148999999999999,52.96,16.711999999999996,False,4,False,-0.5686680000000006,-0.0510000000000001,-0.5176680000000005,-0.5579999999999998,0.2010000000000005,Not yet assessed,0.5686680000000006,34.12008000000004,-0.5579999999999998,Female unpaid time decreased,Approximately unchanged
BGR,Bulgaria,2002,5.0166672,2.6166672,2.3999999999999995,46.197,9.878,False,2010,4.4333328,2.2166664,2.2166664,47.819,11.79,False,8,False,-0.5833344,-0.4000008000000004,-0.1833335999999996,1.622,1.911999999999999,Not yet assessed,0.5833344,35.000064,1.622,Female unpaid time decreased,Participation increased
CHE,Switzerland,2000,4.348999200000001,2.3620008,1.9869984000000005,57.595,20.075000000000003,False,2016,4.0399992,2.5930008,1.4469983999999996,62.934,11.641000000000004,False,16,False,-0.309000000000001,0.2309999999999998,-0.5400000000000009,5.338999999999999,-8.433999999999997,Not yet assessed,0.309000000000001,18.54000000000006,5.338999999999999,Female unpaid time decreased,Participation increased
DEU,Germany,2002,4.242000000000001,2.5150008,1.7269992000000007,49.58,17.028999999999996,False,2013,3.936,2.4960000000000004,1.439999999999999,54.194,12.510999999999996,False,11,False,-0.3060000000000009,-0.0190007999999997,-0.2869992000000017,4.614000000000004,-4.518000000000001,Not yet assessed,0.3060000000000009,18.360000000000053,4.614000000000004,Female unpaid time decreased,Participation increased
ESP,Spain,2003,4.9166664,1.6166664,3.3000000000000007,43.378,23.419,False,2010,4.549999199999999,2.0666664,2.4833327999999995,51.711,15.558000000000009,False,7,False,-0.3666672000000011,0.4499999999999999,-0.8166672000000013,8.332999999999998,-7.86099999999999,Not yet assessed,0.3666672000000011,22.000032000000065,8.332999999999998,Female unpaid time decreased,Participation increased
EST,Estonia,2000,4.7833344,2.6833344,2.1,52.575,13.906999999999996,False,2010,4.1333328,2.5833336,1.5499992000000002,55.069,11.897999999999996,False,10,False,-0.6500016000000004,-0.1000008000000001,-0.5500007999999998,2.494,-2.0090000000000003,Not yet assessed,0.6500016000000004,39.00009600000003,2.494,Female unpaid time decreased,Participation increased
GBR,United Kingdom,2001,3.5603448,1.9548096,1.6055352000000005,53.533,15.516999999999996,False,2015,3.0366672,1.6716672,1.3650000000000002,56.722,11.380999999999991,False,14,False,-0.5236776000000001,-0.2831424,-0.2405352000000002,3.189,-4.136000000000003,Not yet assessed,0.5236776000000001,31.420656000000005,3.189,Female unpaid time decreased,Participation increased
HKG,"Hong Kong SAR, China",2002,3.3,1.0999992,2.2000008,51.449,20.546000000000006,False,2013,2.5999992,0.7999992,1.7999999999999996,53.869,14.623999999999995,False,11,False,-0.7000007999999998,-0.3,-0.4000008000000006,2.4200000000000017,-5.922000000000011,Not yet assessed,0.7000007999999998,42.000047999999985,2.4200000000000017,Female unpaid time decreased,Participation increased
HUN,Hungary,2000,4.6833336,2.6500008000000004,2.0333328,45.552,11.957999999999998,False,2010,4.1464176,1.915104,2.231313599999999,46.638,11.419000000000004,False,10,False,-0.5369159999999997,-0.7348968000000005,0.1979807999999989,1.0859999999999983,-0.5389999999999944,Not yet assessed,0.5369159999999997,32.214959999999984,1.0859999999999983,Female unpaid time decreased,Participation increased
ITA,Italy,2003,5.255999999999999,1.7519999999999998,3.504,36.803,24.641000000000005,False,2014,4.896,2.016,2.88,39.746,18.708,False,11,False,-0.3599999999999994,0.2640000000000002,-0.6240000000000001,2.943000000000005,-5.933000000000007,Not yet assessed,0.3599999999999994,21.599999999999962,2.943000000000005,Female unpaid time decreased,Participation increased
KAZ,Kazakhstan,2000,6.6499992,3.3166656,3.3333336,65.834,11.066000000000004,False,2018,4.549999199999999,1.5,3.0499992,64.818,11.341000000000008,False,18,False,-2.1000000000000005,-1.8166656,-0.2833344000000002,-1.0160000000000051,0.2750000000000057,Not yet assessed,2.1000000000000005,126.00000000000003,-1.0160000000000051,Female unpaid time decreased,Participation decreased
KGZ,Kyrgyz Republic,2000,6.6499992,3.3166656,3.3333336,57.886,19.505999999999997,False,2015,4.0333344,2.2833336,1.7500008,47.459,24.569000000000003,False,15,False,-2.6166648,-1.0333319999999997,-1.5833328,-10.427,5.0630000000000095,Not yet assessed,2.6166648,156.999888,-10.427,Female unpaid time decreased,Participation decreased
MEX,Mexico,2002,6.9869832,1.5247584,5.4622248,38.314,42.067,False,2019,6.66438,2.6668008,3.9975792,45.573,32.484,False,17,False,-0.3226031999999996,1.1420423999999998,-1.4646456000000003,7.259,-9.582999999999998,Not yet assessed,0.3226031999999996,19.356191999999975,7.259,Female unpaid time decreased,Participation increased
MKD,North Macedonia,2004,5.7,1.95,3.75,42.49,22.508000000000003,False,2015,3.7000008,1.3000008,2.4000000000000004,42.307,24.111000000000004,False,11,False,-1.9999992,-0.6499991999999999,-1.3499999999999996,-0.1829999999999998,1.6030000000000015,Not yet assessed,1.9999992,119.999952,-0.1829999999999998,Female unpaid time decreased,Approximately unchanged
MNG,Mongolia,2000,4.8139992000000005,2.1406656,2.6733336000000008,53.834,11.652999999999992,False,2019,4.6299096,1.8231192,2.8067904,57.902,15.629999999999995,False,19,False,-0.1840896,-0.3175464000000001,0.1334567999999993,4.067999999999998,3.977000000000004,Not yet assessed,0.1840896,11.045376,4.067999999999998,Female unpaid time decreased,Participation increased
NOR,Norway,2001,3.9333336,2.6833344,1.2499991999999995,61.699,10.992999999999997,False,2011,3.6739992,2.9599992,0.714,63.764,6.782999999999994,False,10,False,-0.2593344000000002,0.2766647999999998,-0.5359991999999996,2.065000000000005,-4.210000000000001,Not yet assessed,0.2593344000000002,15.560064000000011,2.065000000000005,Female unpaid time decreased,Participation increased
OMN,Oman,2000,4.9333344,1.7666664,3.166668,23.917,52.118,False,2008,4.5333336,1.8,2.7333336,25.695,52.784,False,8,False,-0.4000007999999999,0.0333335999999999,-0.4333344000000001,1.7779999999999987,0.6660000000000039,Not yet assessed,0.4000007999999999,24.000047999999992,1.7779999999999987,Female unpaid time decreased,Participation increased
POL,Poland,2004,4.7500008000000005,2.3666664,2.3833344000000003,47.719,14.378999999999998,False,2013,4.382999999999999,2.3830008,1.9999991999999995,49.227,15.634999999999998,False,9,False,-0.3670008000000013,0.0163343999999998,-0.3833352000000007,1.5079999999999956,1.2560000000000002,Not yet assessed,0.3670008000000013,22.020048000000077,1.5079999999999956,Female unpaid time decreased,Participation increased
PSE,West Bank and Gaza,2000,5.55,0.7666656000000001,4.783334399999999,12.402,55.565,False,2013,4.8333336,0.7166664,4.116667199999999,15.829,52.692,False,13,False,-0.7166664000000003,-0.0499992,-0.6666672,3.4270000000000014,-2.8729999999999976,Not yet assessed,0.7166664000000003,42.99998400000001,3.4270000000000014,Female unpaid time decreased,Participation increased
ROU,Romania,2000,4.9999992,2.2999992,2.7,42.361,18.315000000000005,False,2012,4.5666672,2.25,2.3166672000000004,41.763,17.329,False,12,False,-0.433332,-0.0499991999999998,-0.3833327999999993,-0.597999999999999,-0.9860000000000042,Not yet assessed,0.433332,25.99992,-0.597999999999999,Female unpaid time decreased,Approximately unchanged
SLV,El Salvador,2010,5.459517600000001,1.8828312,3.5766864000000007,45.966,30.33300000000001,False,2017,4.85106,1.6870272,3.1640328,45.154,30.053999999999995,False,7,False,-0.6084576000000004,-0.1958040000000001,-0.4126536000000005,-0.8119999999999976,-0.2790000000000106,Not yet assessed,0.6084576000000004,36.50745600000002,-0.8119999999999976,Female unpaid time decreased,Approximately unchanged
SRB,Serbia,2011,4.8568416,2.277444,2.5793976,41.669,17.122,False,2015,4.6002144000000005,2.0856912,2.5145232000000006,43.295,16.809999999999995,False,4,False,-0.2566271999999996,-0.1917528000000001,-0.0648743999999994,1.6260000000000048,-0.3120000000000047,Not yet assessed,0.2566271999999996,15.397631999999977,1.6260000000000048,Female unpaid time decreased,Participation increased
SWE,Sweden,2001,4.2362424,3.0473856,1.1888568,58.578,8.378,False,2011,3.8500824,3.0787128,0.7713695999999999,59.526,8.086999999999996,False,10,False,-0.3861600000000003,0.0313271999999997,-0.4174872,0.9480000000000004,-0.2910000000000039,Not yet assessed,0.3861600000000003,23.169600000000017,0.9480000000000004,Female unpaid time decreased,Approximately unchanged
THA,Thailand,2009,3.0666672,0.8166671999999999,2.25,64.659,16.735,False,2015,2.8399992,0.9,1.9399992,61.068,16.854,False,6,False,-0.2266680000000001,0.0833328000000001,-0.3100008000000001,-3.591000000000008,0.1189999999999997,Not yet assessed,0.2266680000000001,13.600080000000005,-3.591000000000008,Female unpaid time decreased,Participation decreased
TUR,Turkey,2006,5.2808496,0.8523648,4.4284848,23.426,45.964,False,2015,4.5962808,0.8893800000000001,3.7069008,31.416,39.968,False,9,False,-0.6845688000000001,0.0370152,-0.7215839999999996,7.990000000000002,-5.995999999999995,Not yet assessed,0.6845688000000001,41.074128,7.990000000000002,Female unpaid time decreased,Participation increased
URY,Uruguay,2007,6.049999199999999,2.3333328,3.7166664,53.467,21.721999999999998,False,2013,4.76994,2.0105712,2.7593688000000003,55.333,19.944000000000003,False,6,False,-1.2800591999999993,-0.3227616000000002,-0.9572975999999996,1.866,-1.7779999999999916,Not yet assessed,1.2800591999999993,76.80355199999995,1.866,Female unpaid time decreased,Participation increased
USA,United States,2003,3.9700008,2.37,1.6000008,58.224,14.17900000000001,False,2019,3.6799992,2.3200008,1.3599983999999998,56.868,11.952999999999996,False,16,False,-0.2900016000000001,-0.0499992000000002,-0.2400024,-1.3559999999999943,-2.2260000000000133,Not yet assessed,0.2900016000000001,17.400096000000005,-1.3559999999999943,Female unpaid time decreased,Participation decreased
