,coverage_in_employment_target_rows
stat_performance,0.287
v_education_past3,0.714
gap_education_tr,0.787
edu_emp_misalign,0.787
fem_education_tr,0.787
d3_basic_water_rural,0.871
basic_water_rural,0.875
d3_clean_cooking,0.942
clean_cooking,0.942
clean_cooking_rural,0.942
log_gdppc_ppp,0.949
d3_electricity_rural,0.966
electricity_rural,0.978
gdppc_growth_3y,0.98
recession_last3y,0.982
basic_water,0.987
fem_agri_emp_share,1.0
fertility,1.0
v_employment_past3,1.0
fem_employment_tr,1.0
gap_employment_tr,1.0
d3_fertility,1.0
d3_fem_agri_emp_share,1.0
d3_urban_share,1.0
urban_share,1.0
urban_growth,1.0
