iso3,country,region,income,gap_2024,regime_2024,p_regime_2024,p_halve_by_2030,p_halve_by_2050,median_year_halve,p_parity_by_2050,p_parity_by_2099,median_year_parity,p_wider_in_2051,status
AFG,Afghanistan,"Middle East, North Africa, Afghanistan & Pakistan",Low income,2.396413062974616,Volatile,1.0,0.0,0.00725,,0.0,0.00125,,0.38,unlikely to halve this century
AGO,Angola,Sub-Saharan Africa ,Lower middle income,0.4170895769813505,Progressing,0.9723300043521454,0.042,0.48575,2054.0,0.27875,0.7275,2072.0,0.22275,halves after 2050
ALB,Albania,Europe & Central Asia,Upper middle income,0.3674826795608601,Progressing,0.6537286216755493,0.12225,0.53125,2051.0,0.36775,0.74925,2063.0,0.271,likely halves by 2050
ARE,United Arab Emirates,"Middle East, North Africa, Afghanistan & Pakistan",High income,1.2891639646997977,Progressing,0.9817750193617432,0.0,0.01875,,0.00025,0.02825,,0.2025,unlikely to halve this century
ARG,Argentina,Latin America & Caribbean ,Upper middle income,0.5793600141462373,Progressing,0.9707281340613065,0.00875,0.325,2066.0,0.0835,0.53125,2096.0,0.205,halves after 2050
ARM,Armenia,Europe & Central Asia,Upper middle income,0.5916129183943227,Volatile,0.9985639462147257,0.12075,0.386,2069.0,0.1865,0.476,,0.36675,halves after 2050
AUS,Australia,East Asia & Pacific,High income,0.2172894750136113,Progressing,0.6608997706334984,0.1935,0.6695,2042.0,0.65125,0.90475,2042.0,0.23025,likely halves by 2050
AUT,Austria,Europe & Central Asia,High income,0.2612820265452968,Progressing,0.853056879565379,0.15725,0.64675,2042.0,0.57075,0.8865,2048.0,0.21675,likely halves by 2050
AZE,Azerbaijan,Europe & Central Asia,Upper middle income,0.3193328220741844,Stuck,0.6248507094570548,0.07575,0.48475,2054.0,0.36375,0.78725,2063.0,0.25225,halves after 2050
BDI,Burundi,Sub-Saharan Africa ,Low income,0.0405234477271205,Stuck,0.8041799478900462,,,,,,,,near parity already
BEL,Belgium,Europe & Central Asia,High income,0.1914721600901282,Stuck,0.6004601067647051,0.18275,0.65775,2042.0,0.66975,0.9195,2042.0,0.2545,likely halves by 2050
BEN,Benin,Sub-Saharan Africa ,Lower middle income,0.1557279021121199,Stuck,0.6146286160598705,0.2125,0.693,2042.0,0.75825,0.9425,2036.0,0.26325,likely halves by 2050
BFA,Burkina Faso,Sub-Saharan Africa ,Low income,0.5677414216441109,Progressing,0.8002748306683937,0.023,0.33475,2066.0,0.104,0.527,2096.0,0.229,halves after 2050
BGD,Bangladesh,South Asia,Lower middle income,1.2382672244335653,Volatile,0.7213239488822676,0.0045,0.088,,0.008,0.07025,,0.33275,unlikely to halve this century
BGR,Bulgaria,Europe & Central Asia,High income,0.3142356372356215,Progressing,0.7393429074317864,0.1045,0.565,2048.0,0.43925,0.816,2057.0,0.23275,likely halves by 2050
BHR,Bahrain,"Middle East, North Africa, Afghanistan & Pakistan",High income,1.4151389704633237,Stuck,0.8196687809612891,0.00025,0.0125,,0.00075,0.013,,0.2595,unlikely to halve this century
BHS,"Bahamas, The",Latin America & Caribbean ,High income,0.0355346112533094,Progressing,0.8102041084872624,,,,,,,,near parity already
BIH,Bosnia and Herzegovina,Europe & Central Asia,Upper middle income,0.8493779895686734,Progressing,0.9402185895193589,0.0035,0.127,2087.0,0.00725,0.22175,,0.2075,halves after 2050
BLR,Belarus,Europe & Central Asia,Upper middle income,0.3217404421995488,Progressing,0.6447030909586912,0.0815,0.54175,2048.0,0.41275,0.81225,2060.0,0.22475,likely halves by 2050
BLZ,Belize,Latin America & Caribbean ,Upper middle income,1.1714247876373909,Progressing,0.9422245260389933,0.0005,0.02825,,0.00075,0.05575,,0.2035,unlikely to halve this century
BOL,Bolivia,Latin America & Caribbean ,Lower middle income,0.4852265635242001,Progressing,0.9761579844532684,0.02,0.41125,2060.0,0.1635,0.63825,2081.0,0.20275,halves after 2050
BRA,Brazil,Latin America & Caribbean ,Upper middle income,0.6434094553710792,Progressing,0.9344074534512561,0.007,0.259,2072.0,0.05025,0.43625,,0.2195,halves after 2050
BRB,Barbados,Latin America & Caribbean ,High income,0.1617667048836739,Stuck,0.6444944597140831,0.21025,0.6805,2042.0,0.74025,0.92875,2039.0,0.28,likely halves by 2050
BRN,Brunei Darussalam,East Asia & Pacific,High income,0.5723321444164801,Progressing,0.9826522636004553,0.0065,0.3255,2066.0,0.0825,0.53525,2096.0,0.20225,halves after 2050
BTN,Bhutan,South Asia,Lower middle income,0.7812971594109216,Volatile,0.9800656207498424,0.05475,0.2705,2087.0,0.087,0.311,,0.36175,halves after 2050
BWA,Botswana,Sub-Saharan Africa ,Upper middle income,0.5635340914491921,Progressing,0.9574846812202588,0.011,0.327,2063.0,0.0975,0.54325,2096.0,0.209,halves after 2050
CAF,Central African Republic,Sub-Saharan Africa ,Low income,0.654075559425761,Stuck,0.8100816123450032,0.00575,0.17375,2081.0,0.03175,0.36675,,0.2785,halves after 2050
CAN,Canada,North America,High income,0.2039728396660862,Stuck,0.7028234349938062,0.1475,0.626,2045.0,0.621,0.90625,2045.0,0.257,likely halves by 2050
CHE,Switzerland,Europe & Central Asia,High income,0.3065837671256903,Progressing,0.7629089440072521,0.10375,0.58425,2048.0,0.46,0.82125,2054.0,0.22975,likely halves by 2050
CHL,Chile,Latin America & Caribbean ,High income,0.5973054864462503,Progressing,0.9242978123827973,0.0085,0.28475,2069.0,0.06325,0.49375,,0.2195,halves after 2050
CHN,China,East Asia & Pacific,Upper middle income,0.2541147491521242,Stuck,0.6463497162258935,0.0995,0.57425,2048.0,0.50725,0.86675,2051.0,0.25975,likely halves by 2050
CIV,Cote d'Ivoire,Sub-Saharan Africa ,Lower middle income,0.6343802555503406,Stuck,0.5761191447146605,0.00975,0.20875,2078.0,0.0525,0.41225,,0.25625,halves after 2050
CMR,Cameroon,Sub-Saharan Africa ,Lower middle income,0.693054272264078,Progressing,0.80285325150176,0.00375,0.21075,2078.0,0.03275,0.37075,,0.227,halves after 2050
COD,"Congo, Dem. Rep.",Sub-Saharan Africa ,Low income,0.1832949092379331,Progressing,0.7693004615948008,0.26475,0.733,2039.0,0.75225,0.93475,2036.0,0.21125,likely halves by 2050
COG,"Congo, Rep.",Sub-Saharan Africa ,Lower middle income,0.4822917298899131,Progressing,0.5252716583091436,0.0255,0.36,2063.0,0.15375,0.61125,2087.0,0.23825,halves after 2050
COL,Colombia,Latin America & Caribbean ,Upper middle income,0.834083881314867,Progressing,0.5582247152094676,0.0185,0.18425,2087.0,0.034,0.2605,,0.2675,halves after 2050
COM,Comoros,Sub-Saharan Africa ,Lower middle income,0.7119222003473148,Progressing,0.8373812203255522,0.0035,0.18725,2078.0,0.024,0.3435,,0.22225,halves after 2050
CPV,Cabo Verde,Sub-Saharan Africa ,Upper middle income,0.500025741092195,Progressing,0.8467370018552335,0.01975,0.36675,2063.0,0.14275,0.621,2084.0,0.213,halves after 2050
CRI,Costa Rica,Latin America & Caribbean ,High income,0.8089197321185773,Volatile,0.9914922101704895,0.05075,0.2535,2087.0,0.0735,0.27225,,0.37,halves after 2050
CUB,Cuba,Latin America & Caribbean ,Upper middle income,0.6614634594778365,Progressing,0.8821712399768353,0.01475,0.25775,2072.0,0.051,0.42175,,0.219,halves after 2050
CYP,Cyprus,Europe & Central Asia,High income,0.3518625812094504,Progressing,0.8715106977775664,0.08925,0.55825,2048.0,0.39625,0.7855,2060.0,0.2195,likely halves by 2050
CZE,Czechia,Europe & Central Asia,High income,0.4068163433291257,Progressing,0.9699384508699582,0.043,0.494,2054.0,0.28725,0.74625,2069.0,0.2125,halves after 2050
DEU,Germany,Europe & Central Asia,High income,0.2796495324904017,Stuck,0.681279996640936,0.0805,0.52275,2051.0,0.4305,0.8305,2057.0,0.276,likely halves by 2050
DJI,Djibouti,"Middle East, North Africa, Afghanistan & Pakistan",Lower middle income,1.451534818461308,Progressing,0.8391776214110045,0.0,0.00975,,0.0,0.0125,,0.2155,unlikely to halve this century
DNK,Denmark,Europe & Central Asia,High income,0.2252915655388988,Stuck,0.6957700750119821,0.12725,0.60525,2045.0,0.57525,0.89275,2048.0,0.253,likely halves by 2050
DOM,Dominican Republic,Latin America & Caribbean ,Upper middle income,0.7904015981814267,Progressing,0.9332466649223018,0.00525,0.1695,2084.0,0.015,0.278,,0.21275,halves after 2050
DZA,Algeria,"Middle East, North Africa, Afghanistan & Pakistan",Upper middle income,1.883907348760148,Volatile,0.9441614416055917,0.0,0.02725,,0.0005,0.00775,,0.35125,unlikely to halve this century
ECU,Ecuador,Latin America & Caribbean ,Upper middle income,0.900454278458624,Progressing,0.7664957417092927,0.0005,0.097,2093.0,0.0055,0.173,,0.2195,halves after 2050
EGY,"Egypt, Arab Rep.","Middle East, North Africa, Afghanistan & Pakistan",Lower middle income,1.990037409792606,Progressing,0.9712407548524994,0.0,0.00225,,0.0,0.0025,,0.21075,unlikely to halve this century
ERI,Eritrea,Sub-Saharan Africa ,Low income,0.5304495432382145,Stuck,0.8331854958494171,0.014,0.25575,2069.0,0.08425,0.516,2099.0,0.274,halves after 2050
ESP,Spain,Europe & Central Asia,High income,0.3812615339728368,Progressing,0.7158146971116981,0.08675,0.52125,2051.0,0.34175,0.75675,2063.0,0.23,likely halves by 2050
EST,Estonia,Europe & Central Asia,High income,0.2358378353480726,Progressing,0.569470161130937,0.24,0.67425,2042.0,0.63525,0.884,2042.0,0.24725,likely halves by 2050
ETH,Ethiopia,Sub-Saharan Africa ,Low income,0.7401051922996132,Progressing,0.8551618937727151,0.00825,0.18475,2081.0,0.02325,0.329,,0.214,halves after 2050
FIN,Finland,Europe & Central Asia,High income,0.0661265936833789,Progressing,0.9482825462247055,,,,,,,,near parity already
FJI,Fiji,East Asia & Pacific,Upper middle income,1.1701551462842774,Progressing,0.9609675210908615,0.00025,0.02875,,0.00125,0.05325,,0.21725,unlikely to halve this century
FRA,France,Europe & Central Asia,High income,0.2004546842049004,Progressing,0.6994964506928218,0.23175,0.701,2039.0,0.7005,0.93,2039.0,0.21725,likely halves by 2050
GAB,Gabon,Sub-Saharan Africa ,Upper middle income,1.2323037025244667,Progressing,0.7191063319563763,0.0005,0.0235,,0.001,0.03975,,0.22825,unlikely to halve this century
GBR,United Kingdom,Europe & Central Asia,High income,0.1822162513755477,Progressing,0.7639861944756893,0.27775,0.72175,2039.0,0.7435,0.941,2036.0,0.2305,likely halves by 2050
GEO,Georgia,Europe & Central Asia,Upper middle income,0.3160264699811203,Progressing,0.6629104894898635,0.10125,0.544,2051.0,0.4205,0.80175,2060.0,0.244,likely halves by 2050
GHA,Ghana,Sub-Saharan Africa ,Lower middle income,0.3461244213706917,Stuck,0.584012739392099,0.05575,0.46425,2054.0,0.30725,0.7655,2066.0,0.26075,halves after 2050
GIN,Guinea,Sub-Saharan Africa ,Lower middle income,0.7100733553090649,Stuck,0.4215155717030482,0.02675,0.20325,2081.0,0.0535,0.34175,,0.28275,halves after 2050
GMB,"Gambia, The",Sub-Saharan Africa ,Low income,0.3647411665971585,Progressing,0.6814922550046975,0.05925,0.51825,2051.0,0.33475,0.766,2066.0,0.23,likely halves by 2050
GNB,Guinea-Bissau,Sub-Saharan Africa ,Low income,0.3825456369728437,Progressing,0.9093078465061835,0.066,0.51975,2051.0,0.33775,0.75625,2066.0,0.2185,likely halves by 2050
GNQ,Equatorial Guinea,Sub-Saharan Africa ,Upper middle income,0.5608990536261558,Progressing,0.8842683770014914,0.01775,0.344,2066.0,0.10425,0.541,2096.0,0.22375,halves after 2050
GRC,Greece,Europe & Central Asia,High income,0.6367484802008824,Progressing,0.9548868409273412,0.00775,0.272,2069.0,0.0495,0.45475,,0.205,halves after 2050
GTM,Guatemala,Latin America & Caribbean ,Upper middle income,1.4596045451720048,Progressing,0.7658551932103501,0.0,0.02125,,0.00025,0.0185,,0.2365,unlikely to halve this century
GUM,Guam,East Asia & Pacific,High income,0.2962097772811714,Stuck,0.6580234957312628,0.0845,0.509,2051.0,0.3985,0.81075,2060.0,0.268,likely halves by 2050
GUY,Guyana,Latin America & Caribbean ,High income,0.5897558983038195,Progressing,0.5390371486944463,0.0615,0.35025,2069.0,0.1375,0.4905,,0.27625,halves after 2050
HKG,"Hong Kong SAR, China",East Asia & Pacific,High income,0.216037373398689,Progressing,0.8160723059401773,0.23175,0.69825,2039.0,0.683,0.915,2042.0,0.22075,likely halves by 2050
HND,Honduras,Latin America & Caribbean ,Lower middle income,1.315297502306109,Volatile,0.9912475914509943,0.0035,0.092,,0.005,0.0585,,0.3535,unlikely to halve this century
HRV,Croatia,Europe & Central Asia,High income,0.3156045331167003,Progressing,0.9548578877875454,0.109,0.60325,2045.0,0.468,0.84325,2054.0,0.2085,likely halves by 2050
HTI,Haiti,Latin America & Caribbean ,Lower middle income,0.6931311905487368,Progressing,0.7619581729998469,0.0205,0.23825,2075.0,0.05325,0.397,,0.23825,halves after 2050
HUN,Hungary,Europe & Central Asia,High income,0.3753058114486283,Progressing,0.9530560054798043,0.06025,0.53975,2051.0,0.34925,0.78025,2064.5,0.19925,likely halves by 2050
IDN,Indonesia,East Asia & Pacific,Upper middle income,0.9400395323917372,Progressing,0.9452126269402871,0.00075,0.09675,2096.0,0.004,0.153,,0.213,halves after 2050
IND,India,South Asia,Lower middle income,1.3809402299209923,Progressing,0.8699167486711789,0.00025,0.0155,,0.00025,0.0195,,0.226,unlikely to halve this century
IRL,Ireland,Europe & Central Asia,High income,0.2560888014052656,Stuck,0.6737120512894229,0.11575,0.54975,2048.0,0.488,0.8535,2054.0,0.2765,likely halves by 2050
IRN,"Iran, Islamic Rep.","Middle East, North Africa, Afghanistan & Pakistan",Upper middle income,1.8015830921661855,Progressing,0.9394443721247081,0.0,0.00275,,0.00025,0.0035,,0.21025,unlikely to halve this century
IRQ,Iraq,"Middle East, North Africa, Afghanistan & Pakistan",Upper middle income,2.418299581498406,Volatile,0.9990906033032563,0.0,0.006,,0.0,0.00125,,0.36275,unlikely to halve this century
ISL,Iceland,Europe & Central Asia,High income,0.1632397215526067,Stuck,0.5434029475278291,0.214,0.69725,2042.0,0.75175,0.9445,2039.0,0.25475,likely halves by 2050
ISR,Israel,"Middle East, North Africa, Afghanistan & Pakistan",High income,0.1782293998618977,Progressing,0.8851948199421001,0.30225,0.7545,2036.0,0.77825,0.94775,2036.0,0.21075,likely halves by 2050
ITA,Italy,Europe & Central Asia,High income,0.5348108456895448,Stuck,0.6276042460011235,0.0135,0.28725,2069.0,0.09275,0.52875,2096.0,0.25325,halves after 2050
JAM,Jamaica,Latin America & Caribbean ,Upper middle income,0.401823962846207,Progressing,0.9400369643505233,0.04675,0.50175,2051.0,0.30175,0.73825,2069.0,0.20725,likely halves by 2050
JOR,Jordan,"Middle East, North Africa, Afghanistan & Pakistan",Upper middle income,1.5460591703409328,Stuck,0.6694801159256505,0.00025,0.01975,,0.00075,0.01225,,0.29575,unlikely to halve this century
JPN,Japan,East Asia & Pacific,High income,0.4476273787507216,Progressing,0.915576246141609,0.02925,0.45575,2057.0,0.20975,0.68225,2078.0,0.19875,halves after 2050
KAZ,Kazakhstan,Europe & Central Asia,Upper middle income,0.3735563123669791,Stuck,0.6220829996378464,0.0395,0.42975,2057.0,0.2725,0.73525,2072.0,0.25975,halves after 2050
KEN,Kenya,Sub-Saharan Africa ,Lower middle income,0.5471199183471047,Volatile,0.5489592844430409,0.08,0.3895,2063.0,0.17025,0.5445,2093.0,0.28975,halves after 2050
KGZ,Kyrgyz Republic,Europe & Central Asia,Lower middle income,0.8128172260538938,Progressing,0.8372641502733597,0.009,0.1655,2084.0,0.01975,0.26575,,0.22475,halves after 2050
KHM,Cambodia,East Asia & Pacific,Lower middle income,0.4093000713538832,Progressing,0.9277449171721418,0.0465,0.494,2054.0,0.2855,0.72275,2069.0,0.2185,halves after 2050
KOR,"Korea, Rep.",East Asia & Pacific,High income,0.4590939833122425,Progressing,0.9790931216960967,0.02525,0.438,2057.0,0.198,0.6815,2078.0,0.209,halves after 2050
KWT,Kuwait,"Middle East, North Africa, Afghanistan & Pakistan",High income,1.3778210967605924,Progressing,0.9280404401406848,0.0,0.01425,,0.001,0.0215,,0.22675,unlikely to halve this century
LAO,Lao PDR,East Asia & Pacific,Lower middle income,0.3205075188831879,Stuck,0.7042682046646525,0.06125,0.47775,2054.0,0.354,0.77825,2063.0,0.251,halves after 2050
LBN,Lebanon,"Middle East, North Africa, Afghanistan & Pakistan",Lower middle income,1.324792095596042,Progressing,0.9278611585348957,0.0,0.02125,,0.0005,0.0245,,0.21675,unlikely to halve this century
LBR,Liberia,Sub-Saharan Africa ,Low income,0.4290179276548265,Progressing,0.5957862521668826,0.033,0.4285,2057.0,0.22875,0.6825,2075.0,0.2335,halves after 2050
LBY,Libya,"Middle East, North Africa, Afghanistan & Pakistan",Upper middle income,1.167339700779852,Progressing,0.9236250786220611,0.0,0.03625,,0.001,0.05325,,0.2115,unlikely to halve this century
LCA,St. Lucia,Latin America & Caribbean ,Upper middle income,0.3868437997852816,Progressing,0.8850563033535337,0.07375,0.51475,2051.0,0.32475,0.74925,2066.0,0.222,likely halves by 2050
LKA,Sri Lanka,South Asia,Upper middle income,1.209097962995031,Progressing,0.864719136781006,0.00025,0.029,,0.0015,0.04425,,0.22175,unlikely to halve this century
LSO,Lesotho,Sub-Saharan Africa ,Lower middle income,0.6326414310612889,Stuck,0.800418432202638,0.00475,0.19925,2078.0,0.0415,0.3975,,0.266,halves after 2050
LTU,Lithuania,Europe & Central Asia,High income,0.2137451602094713,Stuck,0.7037482296332248,0.1435,0.59875,2045.0,0.5875,0.88175,2048.0,0.28175,likely halves by 2050
LUX,Luxembourg,Europe & Central Asia,High income,0.244588119122472,Progressing,0.9768488497540417,0.19975,0.69175,2039.0,0.63675,0.90575,2045.0,0.20225,likely halves by 2050
LVA,Latvia,Europe & Central Asia,High income,0.2318643767682097,Stuck,0.48387752845528526,0.15525,0.6205,2045.0,0.58375,0.87575,2048.0,0.256,likely halves by 2050
MAC,"Macao SAR, China",East Asia & Pacific,High income,0.3091903498896233,Stuck,0.8027760735021238,0.06025,0.46375,2054.0,0.3605,0.78275,2063.0,0.26425,halves after 2050
MAR,Morocco,"Middle East, North Africa, Afghanistan & Pakistan",Lower middle income,1.3019288224470875,Progressing,0.6898342268067037,0.00025,0.0165,,0.00075,0.027,,0.234,unlikely to halve this century
MDA,Moldova,Europe & Central Asia,Upper middle income,0.0307962590786484,Progressing,0.961982966382559,,,,,,,,near parity already
MDG,Madagascar,Sub-Saharan Africa ,Low income,0.2412427243266424,Stuck,0.5666645610082082,0.12975,0.6055,2045.0,0.55175,0.88125,2048.0,0.25225,likely halves by 2050
MDV,Maldives,South Asia,Upper middle income,1.148879450896328,Progressing,0.9583007413057184,0.00025,0.03425,,0.0005,0.06475,,0.20125,unlikely to halve this century
MEX,Mexico,Latin America & Caribbean ,Upper middle income,0.9155011187194168,Progressing,0.9438970923275559,0.0005,0.09475,2096.0,0.00425,0.17375,,0.20225,halves after 2050
MKD,North Macedonia,Europe & Central Asia,Upper middle income,0.3936913796624377,Progressing,0.9767494334549518,0.04575,0.52325,2051.0,0.318,0.7535,2066.0,0.208,likely halves by 2050
MLI,Mali,Sub-Saharan Africa ,Low income,0.9260524891041644,Progressing,0.48764947897819666,0.009,0.1245,2099.0,0.01875,0.18025,,0.27575,halves after 2050
MLT,Malta,"Middle East, North Africa, Afghanistan & Pakistan",High income,0.4210997839663211,Progressing,0.8512661389769671,0.065,0.48725,2054.0,0.2745,0.70225,2072.0,0.2385,halves after 2050
MMR,Myanmar,East Asia & Pacific,Lower middle income,0.8896705823990397,Stuck,0.8850083798735264,0.00125,0.07975,,0.007,0.15525,,0.277,unlikely to halve this century
MNE,Montenegro,Europe & Central Asia,Upper middle income,0.3256701358431959,Volatile,0.8192905536165361,0.2475,0.58625,2045.0,0.4835,0.767,2054.0,0.3315,likely halves by 2050
MNG,Mongolia,East Asia & Pacific,Upper middle income,0.3618300345065644,Progressing,0.6355003136483792,0.053,0.49375,2054.0,0.3245,0.7605,2066.0,0.2445,halves after 2050
MOZ,Mozambique,Sub-Saharan Africa ,Low income,0.2924558492632221,Stuck,0.523158828215828,0.086,0.535,2051.0,0.429,0.824,2057.0,0.25525,likely halves by 2050
MRT,Mauritania,Sub-Saharan Africa ,Lower middle income,1.3910564535961374,Progressing,0.8036341525080262,0.0,0.013,,0.0005,0.02025,,0.22575,unlikely to halve this century
MUS,Mauritius,Sub-Saharan Africa ,Upper middle income,0.7500318821379643,Volatile,0.8857744204249806,0.052,0.2745,2084.0,0.08775,0.33125,,0.344,halves after 2050
MWI,Malawi,Sub-Saharan Africa ,Low income,0.4563908833361241,Stuck,0.7375521932698089,0.02025,0.334,2063.0,0.1465,0.6255,2087.0,0.27175,halves after 2050
MYS,Malaysia,East Asia & Pacific,Upper middle income,0.7048958211056368,Progressing,0.553078204362782,0.0055,0.18625,2081.0,0.025,0.3535,,0.24175,halves after 2050
NAM,Namibia,Sub-Saharan Africa ,Lower middle income,0.2339510170677088,Volatile,0.7044435942317857,0.318,0.668,2039.0,0.6405,0.85075,2042.0,0.3075,likely halves by 2050
NCL,New Caledonia,East Asia & Pacific,High income,0.2577399077795846,Progressing,0.9598109804592402,0.1865,0.67075,2042.0,0.6045,0.8885,2045.0,0.20325,likely halves by 2050
NER,Niger,Sub-Saharan Africa ,Low income,0.5414414969516783,Progressing,0.8688372812715974,0.0245,0.3685,2063.0,0.1215,0.567,2093.0,0.21575,halves after 2050
NGA,Nigeria,Sub-Saharan Africa ,Lower middle income,0.4880553762518125,Progressing,0.7937207382686391,0.044,0.425,2060.0,0.179,0.62775,2084.0,0.23825,halves after 2050
NIC,Nicaragua,Latin America & Caribbean ,Lower middle income,1.010884270688336,Progressing,0.9226093718121369,0.00025,0.06575,,0.002,0.112,,0.21525,unlikely to halve this century
NLD,Netherlands,Europe & Central Asia,High income,0.2445343181793255,Progressing,0.5558050330574139,0.135,0.61875,2045.0,0.56125,0.88475,2048.0,0.246,likely halves by 2050
NOR,Norway,Europe & Central Asia,High income,0.1686476840675886,Stuck,0.8458915717928942,0.15,0.65375,2045.0,0.69575,0.9245,2042.0,0.269,likely halves by 2050
NPL,Nepal,South Asia,Lower middle income,1.0041227761264413,Progressing,0.5837271347148166,0.0005,0.06025,,0.00225,0.11175,,0.24175,unlikely to halve this century
NZL,New Zealand,East Asia & Pacific,High income,0.2522581929960146,Progressing,0.5410692543877192,0.1285,0.5955,2048.0,0.52975,0.8735,2051.0,0.23425,likely halves by 2050
OMN,Oman,"Middle East, North Africa, Afghanistan & Pakistan",High income,2.089056552627917,Volatile,0.9999151435731034,0.0,0.0145,,0.0,0.0035,,0.363,unlikely to halve this century
PAK,Pakistan,"Middle East, North Africa, Afghanistan & Pakistan",Lower middle income,1.8936342390965184,Progressing,0.9374343560659646,0.0,0.0025,,0.0,0.001,,0.20725,unlikely to halve this century
PAN,Panama,Latin America & Caribbean ,High income,0.850539018240576,Progressing,0.9691010187729757,0.00125,0.1265,2087.0,0.0085,0.2175,,0.20475,halves after 2050
PER,Peru,Latin America & Caribbean ,Upper middle income,0.6242915942963886,Progressing,0.7588688026941004,0.0065,0.255,2072.0,0.05625,0.45,,0.23375,halves after 2050
PHL,Philippines,East Asia & Pacific,Upper middle income,0.7495255575157711,Progressing,0.9777852782915409,0.00275,0.18475,2078.0,0.02225,0.3305,,0.203,halves after 2050
PNG,Papua New Guinea,East Asia & Pacific,Lower middle income,0.1761143400911648,Stuck,0.7782541005477507,0.155,0.642,2045.0,0.678,0.923,2042.0,0.27175,likely halves by 2050
POL,Poland,Europe & Central Asia,High income,0.3668620713473829,Progressing,0.6847008603582078,0.056,0.51975,2051.0,0.332,0.7705,2066.0,0.2195,likely halves by 2050
PRI,Puerto Rico (US),Latin America & Caribbean ,High income,0.2057776182292437,Progressing,0.8849306359285506,0.273,0.731,2039.0,0.7255,0.9295,2039.0,0.2145,likely halves by 2050
PRK,"Korea, Dem. People's Rep.",East Asia & Pacific,Low income,0.3527280435601339,Stuck,0.8619932709310717,0.037,0.419,2057.0,0.2705,0.73825,2069.0,0.27625,halves after 2050
PRT,Portugal,Europe & Central Asia,High income,0.2383983782781783,Progressing,0.5631241903212979,0.144,0.61825,2045.0,0.56975,0.8835,2048.0,0.244,likely halves by 2050
PRY,Paraguay,Latin America & Caribbean ,Upper middle income,0.8237630034002651,Progressing,0.9738124923345179,0.001,0.13275,2087.0,0.0085,0.24275,,0.22125,halves after 2050
PYF,French Polynesia,East Asia & Pacific,High income,0.3665876104923816,Stuck,0.5940294962281631,0.044,0.4405,2057.0,0.28225,0.7375,2069.0,0.25325,halves after 2050
QAT,Qatar,"Middle East, North Africa, Afghanistan & Pakistan",High income,0.970695033772139,Progressing,0.7985343024231388,0.00075,0.068,,0.00325,0.1285,,0.21825,unlikely to halve this century
ROU,Romania,Europe & Central Asia,High income,0.4875354587606516,Stuck,0.5204516328442828,0.01425,0.32675,2063.0,0.13075,0.5925,2090.0,0.24925,halves after 2050
RUS,Russian Federation,Europe & Central Asia,High income,0.4259541505057784,Stuck,0.8121306631717606,0.02175,0.3415,2063.0,0.167,0.64975,2081.0,0.278,halves after 2050
RWA,Rwanda,Sub-Saharan Africa ,Low income,0.5636897356397357,Progressing,0.7991875033397726,0.01225,0.30375,2066.0,0.087,0.52275,2099.0,0.226,halves after 2050
SAU,Saudi Arabia,"Middle East, North Africa, Afghanistan & Pakistan",High income,1.890628882719724,Volatile,0.9209950509296969,0.0,0.02575,,0.0,0.0075,,0.3605,unlikely to halve this century
SEN,Senegal,Sub-Saharan Africa ,Lower middle income,1.0232052190319765,Progressing,0.7442106122052813,0.00075,0.06125,,0.0035,0.10625,,0.2335,unlikely to halve this century
SGP,Singapore,East Asia & Pacific,High income,0.3148227791958527,Progressing,0.9597949231099487,0.1185,0.61975,2045.0,0.48225,0.838,2054.0,0.205,likely halves by 2050
SLB,Solomon Islands,East Asia & Pacific,Lower middle income,0.2940255397428422,Stuck,0.7017850720866893,0.06975,0.502,2051.0,0.395,0.81225,2060.0,0.26925,likely halves by 2050
SLE,Sierra Leone,Sub-Saharan Africa ,Low income,0.1130760052511737,Progressing,0.734295574168794,0.41325,0.8175,2033.0,0.90625,0.97625,2030.0,0.2195,likely halves by 2050
SLV,El Salvador,Latin America & Caribbean ,Upper middle income,0.9893683912631868,Progressing,0.954200583552289,0.0005,0.073,,0.0045,0.125,,0.20425,unlikely to halve this century
SOM,"Somalia, Fed. Rep.",Sub-Saharan Africa ,Low income,1.2307575869356089,Stuck,0.7955084202603631,0.00075,0.02625,,0.002,0.03825,,0.25525,unlikely to halve this century
SRB,Serbia,Europe & Central Asia,Upper middle income,0.3942964135800433,Progressing,0.8768084520178916,0.0635,0.52,2051.0,0.32025,0.7435,2066.0,0.224,likely halves by 2050
SSD,South Sudan,Sub-Saharan Africa ,Low income,0.3301220382165196,Progressing,0.9690450126011201,0.08025,0.584,2048.0,0.44025,0.824,2057.0,0.213,likely halves by 2050
STP,Sao Tome and Principe,Sub-Saharan Africa ,Lower middle income,0.0580349667197483,Progressing,0.7212290160078759,,,,,,,,near parity already
SUR,Suriname,Latin America & Caribbean ,Upper middle income,0.7392810714024652,Progressing,0.9408727980440981,0.003,0.1875,2078.0,0.01825,0.3335,,0.2035,halves after 2050
SVK,Slovak Republic,Europe & Central Asia,High income,0.2548576378649431,Progressing,0.8050838081454678,0.15675,0.65025,2042.0,0.5855,0.88375,2048.0,0.22975,likely halves by 2050
SVN,Slovenia,Europe & Central Asia,High income,0.2731590825004211,Stuck,0.49966879668322806,0.108,0.565,2048.0,0.48125,0.84725,2054.0,0.2495,likely halves by 2050
SWE,Sweden,Europe & Central Asia,High income,0.170326922554522,Progressing,0.7703666219634395,0.29275,0.74325,2036.0,0.782,0.942,2036.0,0.229,likely halves by 2050
SWZ,Eswatini,Sub-Saharan Africa ,Lower middle income,0.4288964043592343,Progressing,0.9658752698660169,0.0385,0.472,2054.0,0.246,0.709,2075.0,0.22325,halves after 2050
SYR,Syrian Arab Republic,"Middle East, North Africa, Afghanistan & Pakistan",Low income,1.7521904027639092,Progressing,0.7827733196486781,0.0,0.00925,,0.00025,0.006,,0.23275,unlikely to halve this century
TCD,Chad,Sub-Saharan Africa ,Low income,0.7631800514947953,Progressing,0.7290409228432069,0.00425,0.17475,2081.0,0.01975,0.29425,,0.23275,halves after 2050
TGO,Togo,Sub-Saharan Africa ,Lower middle income,0.2579132284903024,Stuck,0.6839192715781146,0.1005,0.56575,2048.0,0.4945,0.85225,2054.0,0.2605,likely halves by 2050
THA,Thailand,East Asia & Pacific,Upper middle income,0.4687438799436599,Stuck,0.7538894371353972,0.01775,0.3125,2066.0,0.13675,0.59525,2087.0,0.268,halves after 2050
TJK,Tajikistan,Europe & Central Asia,Lower middle income,0.8511431127845926,Progressing,0.621580250916893,0.00025,0.109,2090.0,0.0075,0.204,,0.23075,halves after 2050
TKM,Turkmenistan,Europe & Central Asia,Upper middle income,0.0797891632307766,Stuck,0.7716944659904056,,,,,,,,near parity already
TLS,Timor-Leste,East Asia & Pacific,Lower middle income,0.421332213830257,Progressing,0.8689718050087963,0.059,0.485,2054.0,0.2735,0.711,2072.0,0.23,halves after 2050
TON,Tonga,East Asia & Pacific,Upper middle income,0.5814040279421103,Progressing,0.9597085564395517,0.0095,0.31675,2066.0,0.08125,0.5215,2099.0,0.2105,halves after 2050
TTO,Trinidad and Tobago,Latin America & Caribbean ,High income,0.4676216485569933,Progressing,0.8852986112885092,0.024,0.42825,2057.0,0.19375,0.6715,2078.0,0.207,halves after 2050
TUN,Tunisia,"Middle East, North Africa, Afghanistan & Pakistan",Lower middle income,1.2903284747277273,Volatile,0.49848406021990266,0.00175,0.05575,,0.00275,0.041,,0.324,unlikely to halve this century
TUR,Turkiye,Europe & Central Asia,Upper middle income,1.2273348310027647,Progressing,0.9242073887396576,0.00025,0.02425,,0.0005,0.0375,,0.2015,unlikely to halve this century
TZA,Tanzania,Sub-Saharan Africa ,Lower middle income,0.3704992787966913,Stuck,0.7570153126149947,0.03975,0.39525,2060.0,0.24775,0.71225,2072.0,0.28,halves after 2050
UGA,Uganda,Sub-Saharan Africa ,Low income,0.4832831731405053,Progressing,0.630145299966221,0.048,0.40725,2060.0,0.17125,0.62075,2084.0,0.23675,halves after 2050
URY,Uruguay,Latin America & Caribbean ,High income,0.5350716151085129,Progressing,0.861984968355747,0.013,0.3415,2066.0,0.10625,0.56125,2093.0,0.222,halves after 2050
USA,United States,North America,High income,0.2879382099462996,Stuck,0.6548548160469356,0.076,0.51575,2051.0,0.42475,0.8265,2057.0,0.26475,likely halves by 2050
UZB,Uzbekistan,Europe & Central Asia,Lower middle income,0.9369560123007378,Progressing,0.8608588046647443,0.0005,0.08175,2096.0,0.00425,0.1565,,0.21775,halves after 2050
VCT,St. Vincent and the Grenadines,Latin America & Caribbean ,Upper middle income,0.2987501984800311,Progressing,0.8891507870978416,0.1215,0.617,2045.0,0.503,0.85025,2051.0,0.20375,likely halves by 2050
VEN,"Venezuela, RB",Latin America & Caribbean ,Lower middle income,0.8884550745384941,Volatile,0.9887688778105512,0.0335,0.23725,2096.0,0.05025,0.2405,,0.36125,halves after 2050
VIR,Virgin Islands (U.S.),Latin America & Caribbean ,High income,0.1492759616587061,Progressing,0.7389520645812614,0.331,0.76175,2036.0,0.82875,0.961,2033.0,0.2325,likely halves by 2050
VNM,Viet Nam,East Asia & Pacific,Upper middle income,0.3515631124820554,Stuck,0.8590261562508762,0.03925,0.423,2057.0,0.27875,0.748,2069.0,0.2705,halves after 2050
VUT,Vanuatu,East Asia & Pacific,Lower middle income,0.4555381138399923,Progressing,0.837755039327337,0.05625,0.45975,2054.0,0.23675,0.68375,2075.0,0.23175,halves after 2050
WSM,Samoa,East Asia & Pacific,Upper middle income,0.8051070696181387,Progressing,0.8222632627054436,0.009,0.1715,2084.0,0.022,0.2715,,0.23075,halves after 2050
YEM,"Yemen, Rep.","Middle East, North Africa, Afghanistan & Pakistan",Low income,2.199787125037361,Progressing,0.5203915847767105,0.0,0.00425,,0.0,0.0,,0.26975,unlikely to halve this century
ZAF,South Africa,Sub-Saharan Africa ,Upper middle income,0.488549991857781,Progressing,0.6775646402804435,0.017,0.36775,2060.0,0.14625,0.6225,2084.0,0.21625,halves after 2050
ZMB,Zambia,Sub-Saharan Africa ,Lower middle income,0.494505528201901,Progressing,0.9485055366563699,0.02075,0.404,2060.0,0.1545,0.62575,2084.0,0.20725,halves after 2050
ZWE,Zimbabwe,Sub-Saharan Africa ,Lower middle income,0.5116897350263403,Progressing,0.7240589622092958,0.015,0.34325,2063.0,0.1215,0.58275,2090.0,0.235,halves after 2050
