label,kind,coef,lo,hi
Current employment gap,alone,6.452933577081745,2.8323175502858167,10.073549603877673
Past 3-yr velocity,alone,1.4482920724179094,-1.0136463444664017,3.9102304893022204
Clean cooking access,alone,5.198515588332534,2.2960989990170177,8.100932177648051
Rural basic water,alone,8.571663154789297,5.571463476387777,11.571862833190817
Rural electricity,alone,5.838348295685023,2.8920558431241115,8.784640748245934
Δ clean cooking,alone,-1.272671397657616,-2.9906081372133912,0.44526534189815914
Δ rural electricity,alone,0.26542639673083945,-1.0458478677784264,1.5767006612401053
Fertility rate,alone,-8.66037086008789,-11.539989555872449,-5.78075216430333
Δ fertility,alone,1.5032786825517535,-0.5444852254862396,3.5510425905897467
Women in agriculture (share),alone,-6.363149759744038,-8.549902307389644,-4.176397212098432
Δ women in agriculture,alone,-0.27100652944034254,-2.861670174630017,2.3196571157493318
Urban share,alone,3.1120085048614423,1.016642447931695,5.207374561791189
Urban growth,alone,-1.9536564651314778,-4.235812951918108,0.3285000216551528
log GDP per capita,alone,6.261252189707034,3.7952600937483,8.727244285665767
GDP pc growth (3y),alone,1.5619241413680238,-0.07040531062472444,3.194253593360772
Recession in last 3y,alone,-0.4625575012034729,-1.9092777938153016,0.9841627914083559
Current employment gap,joint,7.1867539947288686,3.750931798630398,10.622576190827338
Past 3-yr velocity,joint,-0.06490957810992527,-3.1210937255844224,2.9912745693645717
Clean cooking access,joint,-2.199489324057659,-7.9275067843117135,3.5285281361963956
Rural basic water,joint,7.383492100013554,2.763685563917453,12.003298636109655
Rural electricity,joint,-6.368816891232094,-12.403160869920253,-0.3344729125439345
Δ clean cooking,joint,-1.2429510499020493,-2.8493926555365157,0.3634905557324173
Δ rural electricity,joint,1.5974417438680821,-0.37027598618188096,3.565159473918045
Fertility rate,joint,-5.146381954571037,-9.684690829379099,-0.6080730797629759
Δ fertility,joint,0.18025005506634253,-1.6726039195676778,2.033104029700363
Women in agriculture (share),joint,-1.6906085534839113,-4.990708961868819,1.609491854900996
Δ women in agriculture,joint,-1.3536241590365794,-3.9811092731463456,1.2738609550731868
Urban share,joint,0.022862383493738432,-2.88136908894356,2.927093855931037
Urban growth,joint,-0.8606942843383276,-3.3916021049962506,1.6702135363195953
log GDP per capita,joint,4.238076412748305,0.34090372810628056,8.13524909739033
GDP pc growth (3y),joint,3.0229838755839604,0.49330214380810355,5.552665607359817
Recession in last 3y,joint,0.7673015754834627,-1.3169527458568322,2.8515558968237578
