indicator,status,rows,error
JI.AGE.MPYR.LE,ok,1170,
JI.AGE.MPYR.HE,ok,1346,
JI.AGE.MPYR,ok,1475,
JI.AGE.MPYR.FE,ok,1368,
JI.AGE.MPYR.MA,ok,1370,
JI.AGE.MPYR.OL,ok,1373,
JI.AGE.MPYR.UR,ok,1272,
JI.AGE.MPYR.RU,ok,1239,
JI.AGE.SELF,ok,1714,
JI.AGE.MPYR.YG,ok,1266,
JI.AGE.SELF.FE,ok,1602,
JI.AGE.SELF.HE,ok,1505,
JI.AGE.SELF.MA,ok,1602,
JI.AGE.SELF.LE,ok,1486,
JI.AGE.SELF.OL,ok,1605,
JI.AGE.SELF.RU,ok,1403,
JI.AGE.SELF.UR,ok,1433,
JI.AGE.SELF.YG,ok,1602,
JI.AGE.TOTL,ok,1784,
JI.AGE.TOTL.FE,ok,1666,
JI.AGE.TOTL.HE,ok,1567,
JI.AGE.TOTL.MA,ok,1666,
JI.AGE.TOTL.OL,ok,1669,
JI.AGE.TOTL.LE,ok,1613,
JI.AGE.TOTL.RU,ok,1462,
JI.AGE.TOTL.UR,ok,1494,
JI.AGE.TOTL.YG,ok,1669,
JI.AGE.WAGE,ok,1723,
JI.AGE.WAGE.LE,ok,1553,
JI.AGE.WAGE.HE,ok,1515,
JI.AGE.WAGE.MA,ok,1611,
JI.AGE.WAGE.UR,ok,1442,
JI.AGE.WAGE.OL,ok,1614,
JI.AGE.WAGE.RU,ok,1412,
JI.AGE.WAGE.YG,ok,1614,
JI.AGE.WORK,ok,1756,
JI.AGE.WORK.FE,ok,1639,
JI.AGE.WORK.HE,ok,1543,
JI.AGE.WORK.LE,ok,1582,
JI.AGE.WORK.MA,ok,1639,
JI.AGE.WORK.RU,ok,1436,
JI.AGE.WORK.OL,ok,1642,
JI.AGE.WORK.YG,ok,1642,
JI.AGE.WORK.UR,ok,1468,
JI.AGR.AGES,ok,1530,
JI.AGE.WAGE.FE,ok,1611,
JI.AGR.AGES.HE,ok,1364,
JI.AGR.AGES.FE,ok,1429,
JI.AGR.AGES.LE,ok,1312,
JI.AGR.AGES.MA,ok,1430,
JI.AGR.AGES.OL,ok,1433,
JI.AGR.AGES.RU,ok,1289,
JI.AGR.AGES.UR,ok,1319,
JI.AGR.WAGE.FE.ZS,ok,1409,
JI.AGR.AGES.YG,ok,1429,
JI.AGR.WAGE.HE.ZS,ok,1344,
JI.AGR.WAGE.LE.ZS,ok,1292,
JI.AGR.WAGE.MD.CN,ok,1128,
JI.AGR.WAGE.MA.ZS,ok,1410,
JI.AGR.WAGE.MD.HE.CN,ok,1034,
JI.AGR.WAGE.MD.FE.CN,ok,1039,
JI.AGR.WAGE.MD.MA.CN,ok,1044,
JI.AGR.WAGE.MD.LE.CN,ok,948,
JI.AGR.WAGE.MD.RU.CN,ok,953,
JI.AGR.WAGE.MD.OL.CN,ok,1044,
JI.AGR.WAGE.MD.UR.CN,ok,979,
JI.AGR.WAGE.MD.YG.CN,ok,1029,
JI.AGR.WAGE.OL.ZS,ok,1413,
JI.AGR.WAGE.RU.ZS,ok,1273,
JI.AGR.WAGE.UR.ZS,ok,1301,
JI.AGR.WAGE.YG.ZS,ok,1409,
JI.EDU.17UP.FE,ok,1380,
JI.EDU.17UP,ok,1487,
JI.AGR.WAGE.ZS,ok,1509,
JI.EDU.17UP.HE,ok,1318,
JI.EDU.17UP.MA,ok,1380,
JI.EDU.17UP.OL,ok,1377,
JI.EDU.17UP.LE,ok,1348,
JI.EDU.17UP.RU,ok,1224,
JI.EDU.17UP.UR,ok,1256,
JI.EMP.1524.FE.ZS,ok,1639,
JI.EDU.17UP.YG,ok,1377,
JI.EMP.1524.HE.ZS,ok,1542,
JI.EMP.1524.LE.ZS,ok,1543,
JI.EMP.1524.MA.ZS,ok,1639,
JI.EMP.1524.UR.ZS,ok,1468,
JI.EMP.1524.RU.ZS,ok,1436,
JI.EMP.1524.ZS,ok,1756,
JI.EMP.1564.HE.ZS,ok,1543,
JI.EMP.1564.FE.ZS,ok,1639,
JI.EMP.1564.LE.ZS,ok,1589,
JI.EMP.1564.MA.ZS,ok,1639,
JI.EMP.1564.RU.ZS,ok,1436,
JI.EMP.1564.OL.ZS,ok,1642,
JI.EMP.1564.UR.ZS,ok,1468,
JI.EMP.1564.YG.ZS,ok,1642,
JI.EMP.1564.ZS,ok,1756,
JI.EMP.AGRI.FE.ZS,ok,1432,
JI.EMP.AGRI.HE.ZS,ok,1369,
JI.EMP.AGRI.LE.ZS,ok,1375,
JI.EMP.AGRI.MA.ZS,ok,1432,
JI.EMP.AGRI.RU.ZS,ok,1290,
JI.EMP.AGRI.UR.ZS,ok,1321,
JI.EMP.AGRI.OL.ZS,ok,1435,
JI.EMP.AGRI.YG.ZS,ok,1435,
JI.EMP.AGRI.ZS,ok,1532,
JI.EMP.ARFC.HE.ZS,ok,1208,
JI.EMP.ARFC.LE.ZS,ok,1215,
JI.EMP.ARFC.FE.ZS,ok,1269,
JI.EMP.ARFC.MA.ZS,ok,1269,
JI.EMP.ARFC.OL.ZS,ok,1269,
JI.EMP.ARFC.YG.ZS,ok,1269,
JI.EMP.ARFC.UR.ZS,ok,1153,
JI.EMP.ARFC.RU.ZS,ok,1126,
JI.EMP.CLRK.HE.ZS,ok,1208,
JI.EMP.ARFC.ZS,ok,1336,
JI.EMP.CLRK.FE.ZS,ok,1269,
JI.EMP.CLRK.LE.ZS,ok,1215,
JI.EMP.CLRK.OL.ZS,ok,1269,
JI.EMP.CLRK.RU.ZS,ok,1126,
JI.EMP.CLRK.MA.ZS,ok,1269,
JI.EMP.CLRK.UR.ZS,ok,1153,
JI.EMP.CLRK.YG.ZS,ok,1269,
JI.EMP.CNST.FE.ZS,ok,1432,
JI.EMP.CLRK.ZS,ok,1336,
JI.EMP.CNST.HE.ZS,ok,1369,
JI.EMP.CNST.MA.ZS,ok,1432,
JI.EMP.CNST.OL.ZS,ok,1435,
JI.EMP.CNST.LE.ZS,ok,1375,
JI.EMP.CNST.RU.ZS,ok,1290,
JI.EMP.CNST.YG.ZS,ok,1435,
JI.EMP.CNST.UR.ZS,ok,1321,
JI.EMP.CNST.ZS,ok,1532,
JI.EMP.COME.FE.ZS,ok,1432,
JI.EMP.COME.LE.ZS,ok,1375,
JI.EMP.COME.HE.ZS,ok,1369,
JI.EMP.COME.MA.ZS,ok,1432,
JI.EMP.COME.OL.ZS,ok,1435,
JI.EMP.COME.RU.ZS,ok,1290,
JI.EMP.COME.YG.ZS,ok,1435,
JI.EMP.COME.UR.ZS,ok,1321,
JI.EMP.COME.ZS,ok,1532,
JI.EMP.CONT.FE.ZS,ok,375,
JI.EMP.CONT.HE.ZS,ok,374,
JI.EMP.CONT.LE.ZS,ok,373,
JI.EMP.CONT.MA.ZS,ok,375,
JI.EMP.CONT.OL.ZS,ok,375,
JI.EMP.CONT.UR.ZS,ok,363,
JI.EMP.CONT.RU.ZS,ok,359,
JI.EMP.CONT.YG.ZS,ok,375,
JI.EMP.CONT.ZS,ok,404,
JI.EMP.CRFT.FE.ZS,ok,1269,
JI.EMP.CRFT.HE.ZS,ok,1208,
JI.EMP.CRFT.LE.ZS,ok,1215,
JI.EMP.CRFT.MA.ZS,ok,1269,
JI.EMP.CRFT.OL.ZS,ok,1269,
JI.EMP.CRFT.RU.ZS,ok,1126,
JI.EMP.CRFT.UR.ZS,ok,1153,
JI.EMP.CRFT.YG.ZS,ok,1269,
JI.EMP.CRFT.ZS,ok,1336,
JI.EMP.ELEC.FE.ZS,ok,1432,
JI.EMP.ELEC.HE.ZS,ok,1369,
JI.EMP.ELEC.LE.ZS,ok,1375,
JI.EMP.ELEC.MA.ZS,ok,1432,
JI.EMP.ELEC.OL.ZS,ok,1435,
JI.EMP.ELEC.RU.ZS,ok,1290,
JI.EMP.ELEC.YG.ZS,ok,1435,
JI.EMP.ELEC.UR.ZS,ok,1321,
JI.EMP.ELEM.FE.ZS,ok,1269,
JI.EMP.ELEC.ZS,ok,1532,
JI.EMP.ELEM.HE.ZS,ok,1208,
JI.EMP.ELEM.LE.ZS,ok,1215,
JI.EMP.ELEM.MA.ZS,ok,1269,
JI.EMP.ELEM.OL.ZS,ok,1269,
JI.EMP.ELEM.RU.ZS,ok,1126,
JI.EMP.ELEM.UR.ZS,ok,1153,
JI.EMP.ELEM.YG.ZS,ok,1269,
JI.EMP.ELEM.ZS,ok,1336,
JI.EMP.FABU.FE.ZS,ok,1432,
JI.EMP.FABU.HE.ZS,ok,1369,
JI.EMP.FABU.MA.ZS,ok,1432,
JI.EMP.FABU.LE.ZS,ok,1375,
JI.EMP.FABU.OL.ZS,ok,1435,
JI.EMP.FABU.RU.ZS,ok,1290,
JI.EMP.FABU.UR.ZS,ok,1321,
JI.EMP.FABU.YG.ZS,ok,1435,
JI.EMP.FABU.ZS,ok,1532,
JI.EMP.HINS.FE.ZS,ok,301,
JI.EMP.HINS.LE.ZS,ok,300,
JI.EMP.HINS.HE.ZS,ok,300,
JI.EMP.HINS.OL.ZS,ok,301,
JI.EMP.HINS.MA.ZS,ok,301,
JI.EMP.HINS.UR.ZS,ok,291,
JI.EMP.HINS.YG.ZS,ok,301,
JI.EMP.HINS.ZS,ok,334,
JI.EMP.HINS.RU.ZS,ok,277,
JI.EMP.IFRM.FE.ZS,ok,554,
JI.EMP.IFRM.MA.ZS,ok,554,
JI.EMP.IFRM.HE.ZS,ok,553,
JI.EMP.IFRM.LE.ZS,ok,553,
JI.EMP.IFRM.OL.ZS,ok,554,
JI.EMP.IFRM.RU.ZS,ok,514,
JI.EMP.IFRM.YG.ZS,ok,554,
JI.EMP.IFRM.UR.ZS,ok,529,
JI.EMP.IFRM.ZS,ok,617,
JI.EMP.INDU.FE.ZS,ok,1432,
JI.EMP.INDU.HE.ZS,ok,1369,
JI.EMP.INDU.LE.ZS,ok,1375,
JI.EMP.INDU.OL.ZS,ok,1435,
JI.EMP.INDU.MA.ZS,ok,1432,
JI.EMP.INDU.UR.ZS,ok,1321,
JI.EMP.INDU.RU.ZS,ok,1290,
JI.EMP.INDU.ZS,ok,1532,
JI.EMP.INDU.YG.ZS,ok,1435,
JI.EMP.MACH.HE.ZS,ok,1208,
JI.EMP.MACH.FE.ZS,ok,1269,
JI.EMP.MACH.LE.ZS,ok,1215,
JI.EMP.MACH.MA.ZS,ok,1269,
JI.EMP.MACH.RU.ZS,ok,1126,
JI.EMP.MACH.OL.ZS,ok,1269,
JI.EMP.MACH.YG.ZS,ok,1269,
JI.EMP.MACH.UR.ZS,ok,1153,
JI.EMP.MACH.ZS,ok,1336,
JI.EMP.MANF.FE.ZS,ok,1432,
JI.EMP.MANF.HE.ZS,ok,1369,
JI.EMP.MANF.LE.ZS,ok,1375,
JI.EMP.MANF.MA.ZS,ok,1432,
JI.EMP.MANF.OL.ZS,ok,1435,
JI.EMP.MANF.RU.ZS,ok,1290,
JI.EMP.MANF.UR.ZS,ok,1321,
JI.EMP.MANF.YG.ZS,ok,1435,
JI.EMP.MANF.ZS,ok,1532,
JI.EMP.MINQ.FE.ZS,ok,1432,
JI.EMP.MINQ.LE.ZS,ok,1375,
JI.EMP.MINQ.HE.ZS,ok,1369,
JI.EMP.MINQ.MA.ZS,ok,1432,
JI.EMP.MINQ.OL.ZS,ok,1435,
JI.EMP.MINQ.YG.ZS,ok,1435,
JI.EMP.MINQ.UR.ZS,ok,1321,
JI.EMP.MINQ.RU.ZS,ok,1290,
JI.EMP.MINQ.ZS,ok,1532,
JI.EMP.MPYR.FE.ZS,ok,1616,
JI.EMP.MPYR.MA.ZS,ok,1616,
JI.EMP.MPYR.HE.ZS,ok,1520,
JI.EMP.MPYR.LE.ZS,ok,1559,
JI.EMP.MPYR.NA.FE.ZS,ok,1616,
JI.EMP.MPYR.NA.HE.ZS,ok,1520,
JI.EMP.MPYR.NA.LE.ZS,ok,1559,
JI.EMP.MPYR.NA.MA.ZS,ok,1616,
JI.EMP.MPYR.NA.OL.ZS,ok,1619,
JI.EMP.MPYR.NA.RU.ZS,ok,1417,
JI.EMP.MPYR.NA.UR.ZS,ok,1447,
JI.EMP.MPYR.NA.YG.ZS,ok,1619,
JI.EMP.MPYR.NA.ZS,ok,1728,
JI.EMP.MPYR.OL.ZS,ok,1619,
JI.EMP.MPYR.RU.ZS,ok,1417,
JI.EMP.MPYR.UR.ZS,ok,1447,
JI.EMP.MPYR.YG.ZS,ok,1619,
JI.EMP.MPYR.ZS,ok,1728,
JI.EMP.NAGR.FE.HE.ZS,ok,1365,
JI.EMP.NAGR.FE.LE.ZS,ok,1354,
JI.EMP.NAGR.FE.OL.ZS,ok,1432,
JI.EMP.NAGR.FE.RU.ZS,ok,1287,
JI.EMP.NAGR.FE.UR.ZS,ok,1318,
JI.EMP.NAGR.FE.YG.ZS,ok,1432,
JI.EMP.NAGR.FE.ZS,ok,1529,
JI.EMP.NAGR.YG.FE.ZS,ok,1432,
JI.EMP.NAGR.YG.LE.ZS,ok,1292,
JI.EMP.NAGR.YG.HE.ZS,ok,1368,
JI.EMP.NAGR.YG.MA.ZS,ok,1432,
JI.EMP.NAGR.YG.RU.ZS,ok,1290,
JI.EMP.OSRV.FE.ZS,ok,1432,
JI.EMP.NAGR.YG.UR.ZS,ok,1321,
JI.EMP.NAGR.YG.ZS,ok,1532,
JI.EMP.OSRV.HE.ZS,ok,1369,
JI.EMP.OSRV.LE.ZS,ok,1375,
JI.EMP.OSRV.OL.ZS,ok,1435,
JI.EMP.OSRV.MA.ZS,ok,1432,
JI.EMP.OSRV.RU.ZS,ok,1290,
JI.EMP.OSRV.UR.ZS,ok,1321,
JI.EMP.OSRV.ZS,ok,1532,
JI.EMP.OSRV.YG.ZS,ok,1435,
JI.EMP.PADM.FE.ZS,ok,1432,
JI.EMP.PADM.HE.ZS,ok,1369,
JI.EMP.PADM.LE.ZS,ok,1375,
JI.EMP.PADM.MA.ZS,ok,1432,
JI.EMP.PADM.OL.ZS,ok,1435,
JI.EMP.PADM.RU.ZS,ok,1290,
JI.EMP.PADM.ZS,ok,1532,
JI.EMP.PADM.UR.ZS,ok,1321,
JI.EMP.PADM.YG.ZS,ok,1435,
JI.EMP.PROF.FE.ZS,ok,1269,
JI.EMP.PROF.LE.ZS,ok,1215,
JI.EMP.PROF.HE.ZS,ok,1208,
JI.EMP.PROF.MA.ZS,ok,1269,
JI.EMP.PROF.OL.ZS,ok,1269,
JI.EMP.PROF.YG.ZS,ok,1269,
JI.EMP.PROF.RU.ZS,ok,1126,
JI.EMP.PROF.UR.ZS,ok,1153,
JI.EMP.PROF.ZS,ok,1336,
JI.EMP.PUBS.LE.ZS,ok,828,
JI.EMP.PUBS.HE.ZS,ok,831,
JI.EMP.PUBS.FE.ZS,ok,843,
JI.EMP.PUBS.MA.ZS,ok,843,
JI.EMP.PUBS.OL.ZS,ok,843,
JI.EMP.PUBS.RU.ZS,ok,757,
JI.EMP.PUBS.UR.ZS,ok,779,
JI.EMP.PUBS.YG.ZS,ok,843,
JI.EMP.SELF.FE.ZS,ok,1616,
JI.EMP.SELF.HE.ZS,ok,1520,
JI.EMP.PUBS.ZS,ok,919,
JI.EMP.SELF.LE.ZS,ok,1559,
JI.EMP.SELF.MA.ZS,ok,1616,
JI.EMP.SELF.NA.FE.ZS,ok,1616,
JI.EMP.SELF.NA.LE.ZS,ok,1559,
JI.EMP.SELF.NA.HE.ZS,ok,1520,
JI.EMP.SELF.NA.MA.ZS,ok,1616,
JI.EMP.SELF.NA.OL.ZS,ok,1619,
JI.EMP.SELF.NA.UR.ZS,ok,1447,
JI.EMP.SELF.NA.RU.ZS,ok,1417,
JI.EMP.SELF.NA.YG.ZS,ok,1619,
JI.EMP.SELF.OL.ZS,ok,1619,
JI.EMP.SELF.NA.ZS,ok,1728,
JI.EMP.SELF.RU.ZS,ok,1417,
JI.EMP.SELF.UR.ZS,ok,1447,
JI.EMP.SELF.YG.ZS,ok,1619,
JI.EMP.SEOF.FE.ZS,ok,1269,
JI.EMP.SELF.ZS,ok,1728,
JI.EMP.SEOF.HE.ZS,ok,1208,
JI.EMP.SEOF.OL.ZS,ok,1269,
JI.EMP.SEOF.MA.ZS,ok,1269,
JI.EMP.SEOF.LE.ZS,ok,1215,
JI.EMP.SEOF.RU.ZS,ok,1126,
JI.EMP.SEOF.YG.ZS,ok,1269,
JI.EMP.SEOF.UR.ZS,ok,1153,
JI.EMP.SEOF.ZS,ok,1336,
JI.EMP.SERV.FE.ZS,ok,1432,
JI.EMP.SERV.HE.ZS,ok,1369,
JI.EMP.SERV.LE.ZS,ok,1375,
JI.EMP.SERV.MA.ZS,ok,1432,
JI.EMP.SERV.OL.ZS,ok,1435,
JI.EMP.SERV.UR.ZS,ok,1321,
JI.EMP.SERV.RU.ZS,ok,1290,
JI.EMP.SERV.YG.ZS,ok,1435,
JI.EMP.SERV.ZS,ok,1532,
JI.EMP.SKAG.FE.ZS,ok,1269,
JI.EMP.SKAG.HE.ZS,ok,1208,
JI.EMP.SKAG.MA.ZS,ok,1269,
JI.EMP.SKAG.LE.ZS,ok,1215,
JI.EMP.SKAG.OL.ZS,ok,1269,
JI.EMP.SKAG.RU.ZS,ok,1126,
JI.EMP.SKAG.UR.ZS,ok,1153,
JI.EMP.SKAG.YG.ZS,ok,1269,
JI.EMP.SSEC.FE.ZS,ok,460,
JI.EMP.SKAG.ZS,ok,1336,
JI.EMP.SSEC.HE.ZS,ok,459,
JI.EMP.SSEC.LE.ZS,ok,458,
JI.EMP.SSEC.MA.ZS,ok,460,
JI.EMP.SSEC.OL.ZS,ok,460,
JI.EMP.SSEC.RU.ZS,ok,426,
JI.EMP.SSEC.UR.ZS,ok,442,
JI.EMP.SSEC.YG.ZS,ok,460,
JI.EMP.SSEC.ZS,ok,507,
JI.EMP.SVMK.FE.ZS,ok,1269,
JI.EMP.SVMK.HE.ZS,ok,1208,
JI.EMP.SVMK.LE.ZS,ok,1215,
JI.EMP.SVMK.MA.ZS,ok,1269,
JI.EMP.SVMK.OL.ZS,ok,1269,
JI.EMP.SVMK.RU.ZS,ok,1126,
JI.EMP.SVMK.YG.ZS,ok,1269,
JI.EMP.SVMK.ZS,ok,1336,
JI.EMP.SVMK.UR.ZS,ok,1153,
JI.EMP.TECH.FE.ZS,ok,1269,
JI.EMP.TECH.MA.ZS,ok,1269,
JI.EMP.TECH.LE.ZS,ok,1215,
JI.EMP.TECH.HE.ZS,ok,1208,
JI.EMP.TECH.OL.ZS,ok,1269,
JI.EMP.TECH.UR.ZS,ok,1153,
JI.EMP.TECH.RU.ZS,ok,1126,
JI.EMP.TECH.YG.ZS,ok,1269,
JI.EMP.TECH.ZS,ok,1336,
JI.EMP.TOTL.SP.FE.ZS,ok,1639,
JI.EMP.TOTL.SP.MA.ZS,ok,1639,
JI.EMP.TOTL.SP.HE.ZS,ok,1544,
JI.EMP.TOTL.SP.LE.ZS,ok,1590,
JI.EMP.TOTL.SP.UR.ZS,ok,1468,
JI.EMP.TOTL.SP.OL.ZS,ok,1642,
JI.EMP.TOTL.SP.RU.ZS,ok,1436,
JI.EMP.TOTL.SP.YG.ZS,ok,1642,
JI.EMP.TOTL.SP.ZS,ok,1756,
JI.EMP.TRCM.HE.ZS,ok,1369,
JI.EMP.TRCM.FE.ZS,ok,1432,
JI.EMP.TRCM.LE.ZS,ok,1375,
JI.EMP.TRCM.MA.ZS,ok,1432,
JI.EMP.TRCM.OL.ZS,ok,1435,
JI.EMP.TRCM.RU.ZS,ok,1290,
JI.EMP.TRCM.UR.ZS,ok,1321,
JI.EMP.TRCM.ZS,ok,1532,
JI.EMP.UNPD.FE.ZS,ok,1616,
JI.EMP.TRCM.YG.ZS,ok,1435,
JI.EMP.UNPD.HE.ZS,ok,1520,
JI.EMP.UNPD.NA.FE.ZS,ok,1616,
JI.EMP.UNPD.LE.ZS,ok,1559,
JI.EMP.UNPD.NA.HE.ZS,ok,1520,
JI.EMP.UNPD.MA.ZS,ok,1616,
JI.EMP.UNPD.NA.LE.ZS,ok,1559,
JI.EMP.UNPD.NA.MA.ZS,ok,1616,
JI.EMP.UNPD.NA.OL.ZS,ok,1619,
JI.EMP.UNPD.NA.RU.ZS,ok,1417,
JI.EMP.UNPD.NA.UR.ZS,ok,1447,
JI.EMP.UNPD.NA.YG.ZS,ok,1619,
JI.EMP.UNPD.NA.ZS,ok,1728,
JI.EMP.UNPD.OL.ZS,ok,1619,
JI.EMP.UNPD.UR.ZS,ok,1447,
JI.EMP.UNPD.YG.ZS,ok,1619,
JI.EMP.UNPD.RU.ZS,ok,1417,
JI.EMP.UNPD.ZS,ok,1728,
JI.EMP.UPSE.FE.ZS,ok,1616,
JI.EMP.UPSE.LE.ZS,ok,1559,
JI.EMP.UPSE.HE.ZS,ok,1520,
JI.EMP.UPSE.MA.ZS,ok,1616,
JI.EMP.UPSE.OL.ZS,ok,1619,
JI.EMP.UPSE.YG.ZS,ok,1619,
JI.EMP.UPSE.UR.ZS,ok,1447,
JI.EMP.UPSE.RU.ZS,ok,1417,
JI.EMP.UPSE.ZS,ok,1728,
JI.EMP.WAGE.1524.NA.FE.ZS,ok,1412,
JI.EMP.WAGE.1524.NA.LE.ZS,ok,1270,
JI.EMP.WAGE.1524.NA.HE.ZS,ok,1348,
JI.EMP.WAGE.1524.NA.MA.ZS,ok,1412,
JI.EMP.WAGE.1524.NA.RU.ZS,ok,1274,
JI.EMP.WAGE.1524.NA.UR.ZS,ok,1303,
JI.EMP.WAGE.FE.ZS,ok,1616,
JI.EMP.WAGE.1524.NA.ZS,ok,1511,
JI.EMP.WAGE.HE.ZS,ok,1520,
JI.EMP.WAGE.LE.ZS,ok,1559,
JI.EMP.WAGE.MA.ZS,ok,1616,
JI.EMP.WAGE.NA.FE.ZS,ok,1616,
JI.EMP.WAGE.NA.HE.ZS,ok,1520,
JI.EMP.WAGE.NA.LE.ZS,ok,1559,
JI.EMP.WAGE.NA.OL.ZS,ok,1619,
JI.EMP.WAGE.NA.MA.ZS,ok,1616,
JI.EMP.WAGE.NA.RU.ZS,ok,1417,
JI.EMP.WAGE.NA.UR.ZS,ok,1447,
JI.EMP.WAGE.NA.YG.ZS,ok,1619,
JI.EMP.WAGE.NA.ZS,ok,1728,
JI.EMP.WAGE.OL.ZS,ok,1619,
JI.EMP.WAGE.RU.ZS,ok,1417,
JI.EMP.WAGE.YG.ZS,ok,1619,
JI.EMP.WAGE.UR.ZS,ok,1447,
JI.ENR.0616.FE.ZS,ok,1076,
JI.EMP.WAGE.ZS,ok,1728,
JI.ENR.0616.HE.ZS,ok,971,
JI.ENR.0616.LE.ZS,ok,1040,
JI.ENR.0616.RU.ZS,ok,964,
JI.ENR.0616.MA.ZS,ok,1076,
JI.ENR.0616.UR.ZS,ok,988,
JI.ENR.0616.YG.ZS,ok,1047,
JI.ENR.0616.ZS,ok,1168,
JI.IND.AGES,ok,1532,
JI.IND.AGES.FE,ok,1432,
JI.IND.AGES.HE,ok,1366,
JI.IND.AGES.MA,ok,1432,
JI.IND.AGES.LE,ok,1340,
JI.IND.AGES.OL,ok,1435,
JI.IND.AGES.RU,ok,1290,
JI.IND.AGES.YG,ok,1435,
JI.IND.AGES.UR,ok,1321,
JI.IND.WAGE.FE.ZS,ok,1412,
JI.IND.WAGE.HE.ZS,ok,1346,
JI.IND.WAGE.LE.ZS,ok,1320,
JI.IND.WAGE.MA.ZS,ok,1412,
JI.IND.WAGE.MD.FE.CN,ok,1051,
JI.IND.WAGE.MD.CN,ok,1137,
JI.IND.WAGE.MD.HE.CN,ok,1043,
JI.IND.WAGE.MD.LE.CN,ok,983,
JI.IND.WAGE.MD.OL.CN,ok,1053,
JI.IND.WAGE.MD.MA.CN,ok,1053,
JI.IND.WAGE.MD.RU.CN,ok,958,
JI.IND.WAGE.MD.UR.CN,ok,989,
JI.IND.WAGE.UR.ZS,ok,1303,
JI.IND.WAGE.RU.ZS,ok,1274,
JI.IND.WAGE.OL.ZS,ok,1415,
JI.IND.WAGE.MD.YG.CN,ok,1046,
JI.IND.WAGE.ZS,ok,1511,
JI.IND.WAGE.YG.ZS,ok,1415,
JI.JOB.MLTP.FE.ZS,ok,682,
JI.JOB.MLTP.HE.ZS,ok,605,
JI.JOB.MLTP.LE.ZS,ok,670,
JI.JOB.MLTP.MA.ZS,ok,682,
JI.JOB.MLTP.OL.ZS,ok,682,
JI.JOB.MLTP.RU.ZS,ok,586,
JI.JOB.MLTP.UR.ZS,ok,601,
JI.JOB.MLTP.ZS,ok,726,
JI.JOB.MLTP.YG.ZS,ok,679,
JI.POP.0014.FE.ZS,ok,1666,
JI.POP.0014.HE.ZS,ok,1567,
JI.POP.0014.LE.ZS,ok,1613,
JI.POP.0014.MA.ZS,ok,1666,
JI.POP.0014.RU.ZS,ok,1462,
JI.POP.0014.UR.ZS,ok,1494,
JI.POP.0014.ZS,ok,1784,
JI.POP.1524.HE.ZS,ok,1567,
JI.POP.1524.FE.ZS,ok,1666,
JI.POP.1524.LE.ZS,ok,1613,
JI.POP.1524.MA.ZS,ok,1666,
JI.POP.1524.RU.ZS,ok,1462,
JI.POP.1524.UR.ZS,ok,1494,
JI.POP.1524.ZS,ok,1784,
JI.POP.1564.FE.ZS,ok,1666,
JI.POP.1564.LE.ZS,ok,1613,
JI.POP.1564.HE.ZS,ok,1567,
JI.POP.1564.MA.ZS,ok,1666,
JI.POP.1564.RU.ZS,ok,1462,
JI.POP.1564.UR.ZS,ok,1494,
JI.POP.1564.ZS,ok,1784,
JI.POP.2564.FE.ZS,ok,1666,
JI.POP.2564.HE.ZS,ok,1567,
JI.POP.2564.MA.ZS,ok,1666,
JI.POP.2564.LE.ZS,ok,1613,
JI.POP.2564.UR.ZS,ok,1494,
JI.POP.2564.RU.ZS,ok,1462,
JI.POP.65UP.FE.ZS,ok,1666,
JI.POP.2564.ZS,ok,1784,
JI.POP.65UP.HE.ZS,ok,1567,
JI.POP.65UP.LE.ZS,ok,1613,
JI.POP.65UP.RU.ZS,ok,1462,
JI.POP.65UP.MA.ZS,ok,1666,
JI.POP.65UP.ZS,ok,1784,
JI.POP.DPND,ok,1784,
JI.POP.65UP.UR.ZS,ok,1494,
JI.POP.DPND.OL,empty,0,
JI.POP.DPND.YG,empty,0,
JI.POP.NEDU.FE.ZS,ok,1635,
JI.POP.NEDU.MA.ZS,ok,1635,
JI.POP.NEDU.OL.ZS,ok,1638,
JI.POP.NEDU.LE.ZS,ok,1613,
JI.POP.NEDU.RU.ZS,ok,1438,
JI.POP.NEDU.UR.ZS,ok,1470,
JI.POP.NEDU.ZS,ok,1751,
JI.POP.PRIM.FE.ZS,ok,1635,
JI.POP.PRIM.LE.ZS,ok,1613,
JI.POP.NEDU.YG.ZS,ok,1638,
JI.POP.PRIM.MA.ZS,ok,1635,
JI.POP.PRIM.OL.ZS,ok,1638,
JI.POP.PRIM.RU.ZS,ok,1438,
JI.POP.PRIM.YG.ZS,ok,1638,
JI.POP.PRIM.UR.ZS,ok,1470,
JI.POP.PRIM.ZS,ok,1751,
JI.POP.SECO.FE.ZS,ok,1635,
JI.POP.SECO.HE.ZS,ok,1567,
JI.POP.SECO.MA.ZS,ok,1635,
JI.POP.SECO.OL.ZS,ok,1638,
JI.POP.SECO.PO.FE.ZS,ok,1635,
JI.POP.SECO.PO.MA.ZS,ok,1635,
JI.POP.SECO.PO.HE.ZS,ok,1567,
JI.POP.SECO.PO.UR.ZS,ok,1470,
JI.POP.SECO.PO.RU.ZS,ok,1438,
JI.POP.SECO.PO.YG.ZS,ok,1638,
JI.POP.SECO.PO.OL.ZS,ok,1638,
JI.POP.SECO.PO.ZS,ok,1751,
JI.POP.SECO.RU.ZS,ok,1438,
JI.POP.SECO.YG.ZS,ok,1638,
JI.POP.SECO.UR.ZS,ok,1470,
JI.POP.SECO.ZS,ok,1751,
JI.POP.TOTL,ok,1790,
JI.POP.TOTL.FE,ok,1671,
JI.POP.TOTL.HE,ok,1573,
JI.POP.TOTL.LE,ok,1619,
JI.POP.TOTL.MA,ok,1671,
JI.POP.TOTL.OL,ok,1669,
JI.POP.TOTL.RU,ok,1467,
JI.POP.TOTL.YG,ok,1669,
JI.POP.TOTL.UR,ok,1499,
JI.POP.URBN.HE.ZS,ok,1444,
JI.POP.URBN.FE.ZS,ok,1497,
JI.POP.URBN.LE.ZS,ok,1454,
JI.POP.URBN.MA.ZS,ok,1497,
JI.POP.URBN.OL.ZS,ok,1495,
JI.POP.URBN.YG.ZS,ok,1495,
JI.POP.URBN.ZS,ok,1613,
JI.SRV.AGES,ok,1531,
JI.SRV.AGES.FE,ok,1431,
JI.SRV.AGES.HE,ok,1368,
JI.SRV.AGES.LE,ok,1362,
JI.SRV.AGES.MA,ok,1431,
JI.SRV.AGES.OL,ok,1434,
JI.SRV.AGES.RU,ok,1289,
JI.SRV.AGES.UR,ok,1320,
JI.SRV.WAGE.FE.ZS,ok,1411,
JI.SRV.AGES.YG,ok,1434,
JI.SRV.WAGE.HE.ZS,ok,1348,
JI.SRV.WAGE.LE.ZS,ok,1343,
JI.SRV.WAGE.MA.ZS,ok,1411,
JI.SRV.WAGE.MD.CN,ok,1136,
JI.SRV.WAGE.MD.FE.CN,ok,1051,
JI.SRV.WAGE.MD.HE.CN,ok,1043,
JI.SRV.WAGE.MD.LE.CN,ok,994,
JI.SRV.WAGE.MD.MA.CN,ok,1052,
JI.SRV.WAGE.MD.OL.CN,ok,1052,
JI.SRV.WAGE.MD.RU.CN,ok,958,
JI.SRV.WAGE.MD.UR.CN,ok,988,
JI.SRV.WAGE.MD.YG.CN,ok,1046,
JI.SRV.WAGE.OL.ZS,ok,1414,
JI.SRV.WAGE.RU.ZS,ok,1273,
JI.SRV.WAGE.UR.ZS,ok,1302,
JI.SRV.WAGE.ZS,ok,1510,
JI.SRV.WAGE.YG.ZS,ok,1414,
JI.TLF.1564.WK.FE.TM,ok,1295,
JI.TLF.1564.WK.HE.TM,ok,1208,
JI.TLF.1564.WK.MA.TM,ok,1295,
JI.TLF.1564.WK.LE.TM,ok,1246,
JI.TLF.1564.WK.OL.TM,ok,1295,
JI.TLF.1564.WK.RU.TM,ok,1126,
JI.TLF.1564.WK.UR.TM,ok,1156,
JI.TLF.1564.WK.TM,ok,1386,
JI.TLF.1564.WK.YG.TM,ok,1295,
JI.TLF.35BL.TM.HE.ZS,ok,1208,
JI.TLF.35BL.TM.LE.ZS,ok,1246,
JI.TLF.35BL.TM.OL.ZS,ok,1295,
JI.TLF.35BL.TM.RU.ZS,ok,1126,
JI.TLF.35BL.TM.UR.ZS,ok,1156,
JI.TLF.35BL.TM.ZS,ok,1386,
JI.TLF.35BL.TM.YG.ZS,ok,1295,
JI.TLF.48UP.TM.FE.ZS,ok,1295,
JI.TLF.48UP.TM.HE.ZS,ok,1208,
JI.TLF.48UP.TM.LE.ZS,ok,1246,
JI.TLF.48UP.TM.MA.ZS,ok,1295,
JI.TLF.48UP.TM.OL.ZS,ok,1295,
JI.TLF.48UP.TM.RU.ZS,ok,1126,
JI.TLF.48UP.TM.UR.ZS,ok,1156,
JI.TLF.35BL.TM.MA.ZS,ok,1295,
JI.TLF.35BL.TM.FE.ZS,ok,1295,
JI.TLF.48UP.TM.YG.ZS,ok,1295,
JI.TLF.48UP.TM.ZS,ok,1386,
JI.TLF.ACTI.HE.ZS,ok,1544,
JI.TLF.ACTI.LE.ZS,ok,1590,
JI.TLF.ACTI.FE.ZS,ok,1639,
JI.TLF.ACTI.MA.ZS,ok,1639,
JI.TLF.ACTI.OL.ZS,ok,1642,
JI.TLF.ACTI.RU.ZS,ok,1436,
JI.TLF.ACTI.UR.ZS,ok,1468,
JI.TLF.ACTI.YG.ZS,ok,1642,
JI.TLF.ACTI.ZS,ok,1756,
JI.TLF.TOTL,ok,1790,
JI.TLF.TOTL.FE,ok,1671,
JI.TLF.TOTL.HE,ok,1573,
JI.TLF.TOTL.LE,ok,1619,
JI.TLF.TOTL.RU,ok,1467,
JI.TLF.TOTL.MA,ok,1671,
JI.TLF.TOTL.OL,ok,1669,
JI.TLF.TOTL.UR,ok,1499,
JI.TLF.TOTL.YG,ok,1669,
JI.UEM.1524.FE.ZS,ok,1639,
JI.UEM.1524.HE.ZS,ok,1542,
JI.UEM.1524.LE.ZS,ok,1543,
JI.UEM.1524.MA.ZS,ok,1639,
JI.UEM.1524.RU.ZS,ok,1436,
JI.UEM.1524.UR.ZS,ok,1468,
JI.UEM.1524.ZS,ok,1756,
JI.UEM.1564.FE.ZS,ok,1639,
JI.UEM.1564.HE.ZS,ok,1543,
JI.UEM.1564.LE.ZS,ok,1589,
JI.UEM.1564.MA.ZS,ok,1639,
JI.UEM.1564.RU.ZS,ok,1436,
JI.UEM.1564.OL.ZS,ok,1642,
JI.UEM.1564.UR.ZS,ok,1468,
JI.UEM.NEET.FE.ZS,ok,1639,
JI.UEM.NEET.HE.ZS,ok,1544,
JI.UEM.1564.YG.ZS,ok,1642,
JI.UEM.1564.ZS,ok,1756,
JI.UEM.NEET.LE.ZS,ok,1570,
JI.UEM.NEET.RU.ZS,ok,1436,
JI.UEM.NEET.MA.ZS,ok,1639,
JI.UEM.NEET.UR.ZS,ok,1468,
JI.UEM.NEET.ZS,ok,1756,
JI.WAG.GNDR,ok,1147,
JI.WAG.GNDR.HE,ok,1052,
JI.WAG.GNDR.LE,ok,995,
JI.WAG.GNDR.OL,ok,1060,
JI.WAG.GNDR.UR,ok,993,
JI.WAG.GNDR.RU,ok,962,
JI.WAG.GNDR.YG,ok,1055,
JI.WAG.HOUR.MD.10,ok,1066,
JI.WAG.HOUR.MD.CN,ok,1176,
JI.WAG.HOUR.MD.DF,ok,1093,
JI.WAG.HOUR.MD.FE.10,ok,1003,
JI.WAG.HOUR.MD.FE.CN,ok,1086,
JI.WAG.HOUR.MD.FE.DF,ok,1030,
JI.WAG.HOUR.MD.HE.CN,ok,1078,
JI.WAG.HOUR.MD.HE.DF,ok,1023,
JI.WAG.HOUR.MD.HE.10,ok,997,
JI.WAG.HOUR.MD.LE.DF,ok,986,
JI.WAG.HOUR.MD.LE.10,ok,960,
JI.WAG.HOUR.MD.MA.10,ok,1004,
JI.WAG.HOUR.MD.LE.CN,ok,1041,
JI.WAG.HOUR.MD.MA.CN,ok,1087,
JI.WAG.HOUR.MD.MA.DF,ok,1031,
JI.WAG.HOUR.MD.OL.10,ok,1004,
JI.WAG.HOUR.MD.OL.CN,ok,1087,
JI.WAG.HOUR.MD.OL.DF,ok,1031,
JI.WAG.HOUR.MD.RU.10,ok,924,
JI.WAG.HOUR.MD.RU.CN,ok,988,
JI.WAG.HOUR.MD.RU.DF,ok,950,
JI.WAG.HOUR.MD.UR.10,ok,948,
JI.WAG.HOUR.MD.UR.CN,ok,1019,
JI.WAG.HOUR.MD.YG.10,ok,999,
JI.WAG.HOUR.MD.UR.DF,ok,974,
JI.WAG.HOUR.MD.YG.CN,ok,1082,
JI.WAG.HOUR.MD.YG.DF,ok,1026,
JI.WAG.MONT.MD.10,ok,1045,
JI.WAG.MONT.MD.CN,ok,1154,
JI.WAG.MONT.MD.DF,ok,1072,
JI.WAG.MONT.MD.FE.10,ok,983,
JI.WAG.MONT.MD.FE.CN,ok,1066,
JI.WAG.MONT.MD.FE.DF,ok,1010,
JI.WAG.MONT.MD.HE.CN,ok,1057,
JI.WAG.MONT.MD.HE.10,ok,976,
JI.WAG.MONT.MD.HE.DF,ok,1002,
JI.WAG.MONT.MD.LE.10,ok,941,
JI.WAG.MONT.MD.LE.CN,ok,1022,
JI.WAG.MONT.MD.LE.DF,ok,967,
JI.WAG.MONT.MD.MA.10,ok,983,
JI.WAG.MONT.MD.MA.CN,ok,1066,
JI.WAG.MONT.MD.MA.DF,ok,1010,
JI.WAG.MONT.MD.OL.10,ok,983,
JI.WAG.MONT.MD.OL.CN,ok,1066,
JI.WAG.MONT.MD.RU.10,ok,904,
JI.WAG.MONT.MD.OL.DF,ok,1010,
JI.WAG.MONT.MD.RU.CN,ok,968,
JI.WAG.MONT.MD.RU.DF,ok,930,
JI.WAG.MONT.MD.UR.10,ok,927,
JI.WAG.MONT.MD.UR.DF,ok,953,
JI.WAG.MONT.MD.UR.CN,ok,998,
JI.WAG.MONT.MD.YG.10,ok,979,
JI.WAG.MONT.MD.YG.CN,ok,1062,
JI.WAG.MONT.MD.YG.DF,ok,1006,
JI.WAG.PBPV,ok,517,
JI.WAG.PBPV.FE,ok,494,
JI.WAG.PBPV.HE,ok,490,
JI.WAG.PBPV.LE,ok,484,
JI.WAG.PBPV.MA,ok,494,
JI.WAG.PBPV.OL,ok,494,
JI.WAG.PBPV.UR,ok,467,
JI.WAG.PBPV.YG,ok,492,
JI.WAG.PBPV.RU,ok,459,
