view,index,related_variable,observations,entities,pearson_r,spearman_rho,partial_pearson_r
All available observations,ifi_pca_z,female_unpaid_hours,166,85,-0.1872308006733704,0.16928680168301408,-0.4232177850159249
All available observations,ifi_equal_weight,female_unpaid_hours,166,85,-0.20083356693894552,0.15554623270954143,-0.45021591661069854
All available observations,ifi_pca_z,male_unpaid_hours,166,85,-0.3592780283194017,-0.4637058023979192,-0.016577188056023862
All available observations,ifi_equal_weight,male_unpaid_hours,166,85,-0.36875128909331584,-0.46884190481347643,-0.03437447509886781
All available observations,ifi_pca_z,time_gap_hours,166,85,0.0842917569775573,0.48225285647080973,-0.4487849630865355
All available observations,ifi_equal_weight,time_gap_hours,166,85,0.07784991832033546,0.47890930945064253,-0.46482462509359856
All available observations,ifi_pca_z,female_lfpr_pct,166,85,0.3692192167487891,-0.009176262798298425,0.5314927146724391
All available observations,ifi_equal_weight,female_lfpr_pct,166,85,0.3660660371694462,-0.005523078809958253,0.5198359966670358
All available observations,ifi_pca_z,lfpr_gap_pp,166,85,-0.16774842430019363,0.07958928464252743,-0.5623305397033239
All available observations,ifi_equal_weight,lfpr_gap_pp,166,85,-0.16715965943307878,0.08312174559677016,-0.5488747793879797
Exclude source conflicts,ifi_pca_z,female_unpaid_hours,161,85,-0.20905539215405458,0.17820023148269473,-0.4493424054517026
Exclude source conflicts,ifi_equal_weight,female_unpaid_hours,161,85,-0.22309069046419375,0.1649799169440998,-0.4791400116377353
Exclude source conflicts,ifi_pca_z,male_unpaid_hours,161,85,-0.36395589844493653,-0.45835479221867415,-0.020207389121298693
Exclude source conflicts,ifi_equal_weight,male_unpaid_hours,161,85,-0.3733330610779883,-0.46345531061987233,-0.038225275387620224
Exclude source conflicts,ifi_pca_z,time_gap_hours,161,85,0.07277584382513341,0.4887231932211197,-0.469809921436192
Exclude source conflicts,ifi_equal_weight,time_gap_hours,161,85,0.06615631941133901,0.4863556312285012,-0.48793274735680264
Exclude source conflicts,ifi_pca_z,female_lfpr_pct,161,85,0.3761364152914055,-0.01560324618802747,0.5337730349117484
Exclude source conflicts,ifi_equal_weight,female_lfpr_pct,161,85,0.3725323143072482,-0.012018872155895793,0.5216835824729167
Exclude source conflicts,ifi_pca_z,lfpr_gap_pp,161,85,-0.17213258634725823,0.07160405620689378,-0.5619981849292357
Exclude source conflicts,ifi_equal_weight,lfpr_gap_pp,161,85,-0.17140308699960935,0.07528336149348801,-0.5486725105982229
Latest observation per entity,ifi_pca_z,female_unpaid_hours,85,85,-0.27504491802234826,0.06769754262199004,-0.4289318124017086
Latest observation per entity,ifi_equal_weight,female_unpaid_hours,85,85,-0.2952033255888401,0.03640966593515924,-0.46902108105444273
Latest observation per entity,ifi_pca_z,male_unpaid_hours,85,85,-0.3813088871287413,-0.4964763756509528,0.13005198122185002
Latest observation per entity,ifi_equal_weight,male_unpaid_hours,85,85,-0.3882917969302434,-0.505849940328853,0.11519087546542721
Latest observation per entity,ifi_pca_z,time_gap_hours,85,85,0.01675336055693737,0.3796738529217797,-0.4973753877599451
Latest observation per entity,ifi_equal_weight,time_gap_hours,85,85,0.0030259362563251108,0.3643578810456456,-0.5262964193698715
Latest observation per entity,ifi_pca_z,female_lfpr_pct,85,85,0.448779085298671,0.11204942166420497,0.6609077755330913
Latest observation per entity,ifi_equal_weight,female_lfpr_pct,85,85,0.44865803459231757,0.1122058060628989,0.6537739428444287
Latest observation per entity,ifi_pca_z,lfpr_gap_pp,85,85,-0.1668313359874528,0.1047970951747737,-0.5913051951997866
Latest observation per entity,ifi_equal_weight,lfpr_gap_pp,85,85,-0.16641183204152624,0.11161936456779663,-0.581489549759594
