iso3,country,education_year,education_advantage_raw,employment_year,employment_advantage_raw,finance_year,finance_female,finance_male,finance_advantage_raw,digital_year,digital_female,digital_male,digital_advantage_raw,identity_female_pct_year,identity_female_pct,time_tax_year,time_tax_female,time_tax_male,time_tax_advantage_raw,education_advantage_z,employment_advantage_z,finance_advantage_z,digital_advantage_z,core_domains_observed,opportunity_level_z,desynchronization_sd,synchronization_adjusted_score,evidence_tier,identity_observed,time_tax_observed,employment_gap_slope_sd_per_year,trajectory_state,cluster_id,archetype,log_gdp_per_capita_ppp,log_gdp_per_capita_ppp_year,government_effectiveness,government_effectiveness_year,rural_population_pct,rural_population_pct_year,fertility_rate,fertility_rate_year,expected_employment_advantage,conversion_residual,residual_percentile
SDN,Sudan,2019.0,0.0560089153961067,2022.0,-1.870007105527952,2014.0,9.98316105750736,20.223826520119,-10.24066546261164,2016.0,11.0,16.9,-5.899999999999999,,,,,,,0.0950763977456898,-3.520936175987615,-0.7166641027231214,-1.4686439307152948,4,-1.4027919529200852,1.342130065924686,-2.0738569858824283,A: all 4 core domains,False,False,-0.0203157991205891,Converging,2.0,Compounded exclusion,8.049451689130919,2022.0,-1.5360265,2022.0,65.2790147946914,2022,4.384,2022,-0.9565314885233736,-0.9134756170045784,0.05113636363636364
PSE,West Bank and Gaza,2023.0,0.1927756411444998,2022.0,-2.1901462336520012,2024.0,27.7345491731852,51.181464130948,-23.4469149577628,2023.0,86.2802,86.9849,-0.7047000000000025,2021.0,95.89345095,,,,,0.8800844977013689,-4.333958727412127,-2.6316604663044916,0.1371068139119285,4,-1.4871069705258304,2.100966057269311,-2.537589999160486,A: all 4 core domains,True,False,-0.0014254123545479,Sticky,2.0,Compounded exclusion,8.623789339980318,2023.0,-1.04199169999999,2023.0,13.1423129584114,2023,3.311,2023,-1.151693970041425,-1.0384522636105762,0.03977272727272727
SSD,South Sudan,2017.0,-0.3280048968358975,2023.0,-0.3301220382165195,,,,,,,,,2021.0,11.6645908,,,,,-2.1090704914001472,0.3897425769104997,,,2,-0.8596639572448238,1.2494065341553235,-1.4843672243224857,C: fewer than 3 core domains,True,False,0.0012099668786877,Sticky,,Insufficient comparable data,,,-2.2060236,2023.0,78.9262244720308,2023,3.864,2023,-1.0415357268187067,0.7114136886021871,0.9659090909090909
GHA,Ghana,2024.0,0.038484725282773,2024.0,-0.3429375555722698,2024.0,78.3104466801133,84.4194236475985,-6.108976967485205,2010.0,5.44805,10.3164,-4.8683499999999995,2021.0,84.70059578,,,,,-0.0055082372147023,0.3571964002545806,-0.1175410552202584,-1.1497840466480271,4,-0.2289092347071018,0.5598752342450691,-0.5088468518296364,A: all 4 core domains,True,False,-0.0028658193573501,Sticky,3.0,"Work parity, access gaps",8.864011549854114,2024.0,0.0595796,2024.0,41.6345131961419,2024,3.344,2024,-0.6535909985125129,0.3106534429402431,0.8352272727272727
GNQ,Equatorial Guinea,2005.0,-0.1838558511362396,2024.0,-0.5680835959925765,,,,,,,,,,,,,,,-1.2816896510977516,-0.2145825300444837,,,2,-0.7481360905711176,0.5335535605266339,-1.0149128708344346,C: fewer than 3 core domains,False,False,0.0138013269024326,Sticky,,Insufficient comparable data,9.61565589818404,2024.0,-1.1825117,2024.0,28.6425971250194,2024,4.116,2024,-0.6757817274523668,0.10769813145979024,0.5284090909090909
MMR,Myanmar,2018.0,0.3209250215541607,2024.0,-0.8887578635311408,2021.0,46.1505017519645,49.5221410770618,-3.3716393250972985,2017.0,19.4004,28.5931,-9.1927,2021.0,89.17375428,,,,,1.6156311087312625,-1.028964116881837,0.2793915964755849,-2.4863436741052936,4,-0.4050712714450708,1.5225525133369544,-1.166347528113548,A: all 4 core domains,True,False,-0.0054256786668555,Sticky,4.0,"Connected, but work lagging",8.570979300734182,2024.0,-1.5583075,2024.0,69.5500915925864,2024,2.098,2024,-0.8326395163646064,-0.05611834716653441,0.3352272727272727
JAM,Jamaica,2024.0,0.0119374562514145,2024.0,-0.3901088656843553,2021.0,71.5532326995049,75.1055910739837,-3.5523583744788,2023.0,92.2942,86.5903,5.703900000000004,2021.0,85.4206293,,,,,-0.1578831742272148,0.2374005504748434,0.2531861001669983,2.1178613847775267,4,0.6126412152980384,0.8845068018099049,0.1703878143930859,A: all 4 core domains,True,False,-0.0109273805669955,Sticky,1.0,"Near-parity, broad inclusion",9.336114846856251,2024.0,0.1712622,2024.0,41.0698414560078,2024,1.351,2024,-0.548998497597138,0.15888963191278271,0.6079545454545454
MUS,Mauritius,2023.0,0.1656049578680654,2024.0,-0.7123415274766225,2024.0,87.44277026075,91.7832047664155,-4.340434505665499,2024.0,72.4419,74.2288,-1.7869000000000028,2021.0,99.09601349,,,,,0.7241313129145208,-0.5809387208845339,0.1389096792950534,-0.1973769417586935,4,0.0211813323915867,0.4791437457951955,-0.218390540506011,A: all 4 core domains,True,False,-0.0348285469384836,Converging,4.0,"Connected, but work lagging",10.234404947102506,2024.0,0.7653533,2024.0,60.9837852972083,2024,1.44,2024,-0.46609366123137697,-0.24624786624524553,0.2159090909090909
KOR,"Korea, Rep.",2024.0,-0.0229530430831379,2024.0,-0.4399041992414023,2024.0,97.1396146066269,96.6472206696843,0.4923939369426051,2024.0,98.1798,97.6215,0.5583000000000027,2021.0,97.42499574,,,,,-0.3581462458131313,0.110940753527131,0.8397028073368317,0.5274717958117597,4,0.2799922777156478,0.4500892083487064,0.0549476735412945,A: all 4 core domains,True,False,-0.0164795984526219,Sticky,1.0,"Near-parity, broad inclusion",10.91637742622626,2024.0,1.4867237,2024.0,18.8317471530314,2024,0.748,2024,-0.3441456884471907,-0.0957585107942116,0.2840909090909091
GIN,Guinea,2014.0,-0.5390749633188201,2024.0,-0.704357565548476,2024.0,31.2380546293167,40.8599709353785,-9.6219163060618,2018.0,15.4,29.4,-13.999999999999998,2021.0,51.59720275,,,,,-3.3205618899154374,-0.5606627204614221,-0.6269412495241841,-3.9721723181963866,4,-2.1200845445243575,1.5437493565140663,-2.8919592227813906,A: all 4 core domains,True,False,-0.0045035580860574,Sticky,3.0,"Work parity, access gaps",8.298126795660833,2024.0,-0.8881627,2024.0,61.9286963311345,2024,4.131,2024,-0.89304612391138,0.1886885583629041,0.6647727272727273
KGZ,Kyrgyz Republic,2024.0,0.0669932320690627,2024.0,-0.7910564618035929,2024.0,71.235055996936,73.3780750915794,-2.1430190946434067,,,,,2021.0,93.11855916,,,,,0.1581237326406687,-0.7808424849659068,0.4575499202605149,,3,-0.0550562773549077,0.5275656198217785,-0.3188390872657969,B: 3 of 4 core domains,True,False,-0.0098399797948229,Sticky,,Insufficient comparable data,8.883304212975576,2024.0,-0.8885033,2024.0,65.2780022134063,2024,2.6,2024,-0.6756645457810354,-0.1153919160225575,0.2784090909090909
JOR,Jordan,2024.0,0.0808394531034572,2024.0,-1.5051149633218714,2024.0,36.2234645848992,55.9196759817473,-19.6962113968481,2024.0,94.611,96.5139,-1.9029000000000025,2021.0,97.90983796,,,,,0.2375977100010143,-2.594259258393869,-2.087782836046141,-0.2332299408880522,4,-1.169418581331762,1.1968404106145043,-1.7678387866390142,A: all 4 core domains,True,False,-0.0021515895530953,Sticky,2.0,Compounded exclusion,9.25610361050916,2024.0,0.2162114,2024.0,7.0498606235714,2024,2.604,2024,-0.9609172443665597,-0.5441977189553118,0.13068181818181818
KAZ,Kazakhstan,2024.0,-0.0276286048664688,2024.0,-0.3710454887353056,2024.0,85.7420594770372,88.5002867646321,-2.7582272875948917,2024.0,92.6203,94.2114,-1.5910999999999973,2021.0,99.15511157,,,,,-0.3849828455172893,0.2858137371312337,0.3683405309649301,-0.1368595518489636,4,0.0330779676824777,0.3081922936963725,-0.1210181791657085,A: all 4 core domains,True,False,0.002125894721598,Sticky,1.0,"Near-parity, broad inclusion",10.490550714904,2024.0,0.1467641,2024.0,37.927468415838,2024,2.984,2024,-0.6094407645097629,0.23839527577445735,0.7386363636363636
MNE,Montenegro,2023.0,0.083889590905067,2024.0,-0.4052292750760784,2024.0,73.3747524585654,77.5678116655159,-4.193059206950508,2024.0,89.3549,88.4688,0.886099999999999,2017.0,95.55919919,,,,,0.2551047671243207,0.199000890007603,0.1602801040492236,0.6287874261100675,4,0.3107932968228037,0.1866636293052131,0.2174614821701971,A: all 4 core domains,True,False,0.0024574370458393,Sticky,1.0,"Near-parity, broad inclusion",10.243723866573388,2024.0,0.3664948,2024.0,34.4577685293734,2024,1.8,2024,-0.5922384446805316,0.18700916960445313,0.6590909090909091
VUT,Vanuatu,2023.0,0.0369098383240684,2024.0,-0.453614774894749,,,,,,,,,,,,,,,-0.0145477094425603,0.0761214945864887,,,2,0.0307868925719642,0.0453346020145245,0.0081195915647019,C: fewer than 3 core domains,False,False,0.0131045249540189,Sticky,,Insufficient comparable data,8.252456351977068,2024.0,-0.8168523,2024.0,77.7133066639355,2024,3.569,2024,-0.39434027513107295,-0.05927449976367605,0.32386363636363635
GMB,"Gambia, The",2012.0,0.0308408225444372,2024.0,-0.365760298512733,2024.0,34.8624918566457,41.7268890189075,-6.8643971622618025,,,,,,,,,,,-0.0493823998228358,0.299235960352429,-0.2270821423021178,,3,0.0075904727424918,0.2186124690736697,-0.101715761794343,B: 3 of 4 core domains,False,False,0.0094520664197296,Sticky,,Insufficient comparable data,8.025413103805404,2024.0,-0.5358243,2024.0,35.7005896590355,2024,3.907,2024,-0.6691795943727803,0.3034192958600473,0.8238636363636364
MRT,Mauritania,2020.0,0.005009208529733,2024.0,-1.3848218898176643,2024.0,24.6801310105525,30.2658938456615,-5.585762835108998,,,,,2017.0,88.36764086,,,,,-0.1976496492251246,-2.2887640128980093,-0.0416714329446306,,3,-0.8426950316892549,1.0245060353813131,-1.3549480493799115,B: 3 of 4 core domains,True,False,0.0047998537893302,Sticky,,Insufficient comparable data,8.776890852325295,2024.0,-0.741247299999999,2024.0,39.3931413588171,2024,4.625,2024,-0.7000802882880692,-0.6847416015295951,0.08522727272727272
MNG,Mongolia,2023.0,0.1752918265014075,2024.0,-0.3785879762987548,2024.0,98.9739436798409,97.5086522078017,1.4652914720391976,2021.0,80.4054,82.9063,-2.5009000000000015,2021.0,98.44290725,,,,,0.7797316082258934,0.2666589011733279,0.980779593939365,-0.4180583329514708,4,0.4022779425967789,0.5404811651852319,0.1320373600041629,A: all 4 core domains,True,False,0.0028148854834243,Sticky,1.0,"Near-parity, broad inclusion",9.731669673710964,2024.0,-0.3892189,2024.0,29.0433959960938,2024,2.5,2024,-0.6587731410095569,0.28018516471080207,0.7784090909090909
ALB,Albania,2024.0,-0.1708674818642163,2024.0,-0.3594029561085809,2024.0,41.1560488283684,51.4508986584924,-10.294849830124,2023.0,81.7239,84.59,-2.866100000000003,2021.0,97.10064407,2011.0,21.73611,3.47222,18.26389,-1.2071395364557511,0.3153810119491841,-0.7245212060428204,-0.5309334646932115,4,-0.5368032988106497,0.5501911573838666,-0.811898877502583,A: all 4 core domains,True,True,-0.0128477838473402,Sticky,3.0,"Work parity, access gaps",9.982344183744848,2024.0,0.3123437,2024.0,41.4536365956445,2024,1.341,2024,-0.7210809663550792,0.3616780102464983,0.875
JPN,Japan,2023.0,0.0096222324177426,2024.0,-0.4403797718887943,2024.0,98.723135316154,98.3131609217015,0.4099743944525045,2024.0,82.645,88.6246,-5.979600000000005,,,,,,,-0.1711720019936004,0.1097329933591189,0.8277514108245567,-1.4932465059799256,4,-0.1817335259474625,0.840266388121672,-0.6018667200082986,A: all 4 core domains,False,False,-0.0122620942495393,Sticky,1.0,"Near-parity, broad inclusion",10.768060581122787,2024.0,2.0879101,2024.0,7.8098281965469,2024,1.15,2024,-0.29704885338832954,-0.14333091850046475,0.26136363636363635
MOZ,Mozambique,2017.0,-0.1262316688613241,2024.0,-0.2912150008365248,2024.0,45.4883633087181,63.3549962118332,-17.866632903115104,2017.0,6.13563,9.6317,-3.4960700000000005,2021.0,51.23759982,,,,,-0.9509407091193506,0.4885505513821334,-1.8224814600823016,-0.7256430669477123,4,-0.7526286711918078,0.8254039525695002,-1.165330647476558,A: all 4 core domains,True,False,0.0069322091577706,Sticky,3.0,"Work parity, access gaps",7.313691999229519,2024.0,-0.7157933,2024.0,63.5667662552763,2024,4.69,2024,-1.066766175596116,0.7755511747595911,0.9829545454545454
KHM,Cambodia,2024.0,0.2631542916761216,2024.0,-0.4064444510127601,2024.0,36.7988836964306,41.5805707422137,-4.7816870457831016,2019.0,51.712,52.9595,-1.2474999999999952,2021.0,92.4915135,2004.0,12.5,1.25,11.25,1.2840410187700344,0.1959148397448316,0.0749250476207463,-0.0306604958071724,4,0.3810551025821099,0.5274670194109046,0.1173215928766576,A: all 4 core domains,True,True,-0.0026961776997299,Sticky,0.0,"Education-led, work lagging",8.85531855644414,2024.0,-0.293501299999999,2024.0,59.1272966747271,2024,2.548,2024,-0.6862392247456199,0.2797947737328598,0.7727272727272727
IDN,Indonesia,2024.0,0.0412031952595377,2024.0,-0.9394252176119912,2024.0,58.0308451514518,54.6388118836053,3.3920332678465,2024.0,69.9034,75.6503,-5.746899999999997,2021.0,97.69948661,,,,,0.0100951263927041,-1.1576384895838834,1.2601703122417829,-1.4213241534161145,4,-0.3271743010913777,1.0630437733113345,-0.8586961877470449,A: all 4 core domains,True,False,0.0034422161080742,Sticky,4.0,"Connected, but work lagging",9.579882436961109,2024.0,0.179804,2024.0,41.2490364612003,2024,2.115,2024,-0.46904910777920883,-0.47037610983278233,0.1534090909090909
GRC,Greece,2023.0,-0.0874477667876668,2024.0,-0.6082843531674237,2024.0,84.0948713682466,93.2644888438885,-9.1696174756419,2024.0,84.694,87.9279,-3.2338999999999913,2021.0,98.16290036,,,,,-0.7283304425570063,-0.3166760240794486,-0.5613548303198346,-0.6446121981395715,4,-0.5627433737739652,0.153844605356975,-0.6396656764524528,A: all 4 core domains,True,False,-0.0128229405663114,Sticky,3.0,"Work parity, access gaps",10.531410105280996,2024.0,0.1912731,2024.0,21.0032143499466,2024,1.24,2024,-0.7776350356153163,0.16935068244789264,0.6306818181818182
YEM,"Yemen, Rep.",2016.0,-0.4699144862920437,2024.0,-2.2005482250936925,2022.0,5.43631354617772,18.3451844121311,-12.90887086595338,,,,,2017.0,27.41489582,,,,,-2.9235973916741247,-4.360375534602727,-1.10357210764637,,3,-2.795848344641074,1.3326494924828152,-3.4621730908824815,B: 3 of 4 core domains,True,False,0.0152169597503486,Sticky,,Insufficient comparable data,,,-1.87279819999999,2024.0,63.1922482403406,2024,4.499,2024,-1.016035630031205,-1.1845125950624875,0.03409090909090909
IRQ,Iraq,2007.0,-0.5411756655606835,2024.0,-2.4231679887783635,2024.0,18.8101424848699,40.7785224794308,-21.968379994560895,2022.0,72.3028,84.7161,-12.413299999999992,2021.0,94.02299771,,,,,-3.33261941535837,-4.925738754428514,-2.4172627995786633,-3.481758924070922,4,-3.5393449733591176,0.898221538695648,-3.988455742706942,A: all 4 core domains,True,False,0.0162719617983972,Sticky,2.0,Compounded exclusion,9.451327230492462,2024.0,-1.1018847,2024.0,30.1138505891087,2024,3.221,2024,-1.2171242220520126,-1.2060437667263508,0.022727272727272728
HND,Honduras,2024.0,0.3130324240040301,2024.0,-1.3009356082544177,2024.0,34.0839092123123,52.7899759195543,-18.706066707242,2019.0,40.6984,37.9628,2.735599999999998,2021.0,92.8437186,,,,,1.5703294977389728,-2.0757271402554416,-1.9442050942572051,1.2004264079182498,4,-0.3122940822138559,1.703336764007794,-1.1639624642177528,A: all 4 core domains,True,False,0.0177658739793533,Sticky,0.0,"Education-led, work lagging",8.79343666831499,2024.0,-0.6196728,2024.0,41.2149271895171,2024,2.476,2024,-0.9949657368400258,-0.3059698714143919,0.1875
MAR,Morocco,2024.0,0.0252439022559786,2024.0,-1.298233939360822,2024.0,34.6828902547469,54.6311625939388,-19.948272339191895,2021.0,86.3624,89.9199,-3.5575000000000045,2021.0,92.41086978,,,,,-0.0815073756691475,-2.068866005379969,-2.1243333940351063,-0.7446297026073387,4,-1.2548341194228905,0.874025327786882,-1.6918467833163315,A: all 4 core domains,True,False,0.0134546989822268,Sticky,2.0,Compounded exclusion,9.12290131121334,2024.0,0.1763559,2024.0,37.2001875981803,2024,2.208,2024,-0.9380838095460653,-0.3601501298147567,0.17045454545454544
LCA,St. Lucia,2024.0,0.1866214074512553,2024.0,-0.3697344449237386,,,,,,,,,,,,,,,0.8447606770002372,0.2891432526170648,,,2,0.566951964808651,0.2778087121915861,0.4280476087128578,C: fewer than 3 core domains,False,False,0.0030383153384678,Sticky,,Insufficient comparable data,10.114557286629836,2024.0,0.2682296,2024.0,70.9026645762548,2024,1.385,2024,-0.3457163898670425,-0.024018055056696075,0.3693181818181818
IRN,"Iran, Islamic Rep.",2023.0,0.0475053820255971,2024.0,-1.8089101034141015,2024.0,86.7880629225257,95.3254505893739,-8.537387666848204,2021.0,77.6856,79.5041,-1.8185,2021.0,89.82497287,,,,,0.0462681621345373,-3.365774759655701,-0.4696771904848305,-0.2071437932456559,4,-0.9990818953129126,1.378534290082809,-1.688349040354317,A: all 4 core domains,True,False,-0.004140299121359,Sticky,4.0,"Connected, but work lagging",9.769049006517884,2024.0,-0.7061233,2024.0,22.9798736572266,2024,1.684,2024,-0.9064272509739044,-0.9024828524401971,0.0625
HRV,Croatia,2023.0,0.2139714755965804,2024.0,-0.2823450440350755,2024.0,92.0623021221886,93.2809278566284,-1.2186257344397973,2024.0,81.0761,86.2788,-5.202700000000007,2021.0,99.7975714,,,,,1.0017434877748257,0.5110766166962901,0.5915932702637562,-1.2531241350868323,4,0.2128223099120098,0.8665764069610874,-0.2204658935685339,A: all 4 core domains,True,False,-0.0163524673873265,Sticky,1.0,"Near-parity, broad inclusion",10.66496604610646,2024.0,0.7097625,2024.0,42.4841018288557,2024,1.46,2024,-0.5068055345008824,0.2244604904658069,0.7215909090909091
MAC,"Macao SAR, China",2024.0,-0.0303510934115379,2024.0,-0.2771739568297743,,,,,2021.0,88.3626,88.6168,-0.2541999999999973,,,,,,,-0.4006092747399024,0.5242090648850773,,0.2763462631168971,3,0.1333153510873573,0.3908670888112543,-0.0621181933182698,B: 3 of 4 core domains,False,False,0.0078356022999204,Sticky,,Insufficient comparable data,11.623513817129528,2024.0,1.1159269,2024.0,0.0,2024,0.582,2024,-0.41552320610321153,0.13834924927343722,0.5795454545454546
IRL,Ireland,2022.0,0.3758340056158491,2024.0,-0.2578826152739686,2024.0,96.9297997806724,99.6508190397291,-2.7210192590567033,2020.0,92.9991,90.9821,2.016999999999996,,,,,,,1.9307954662377824,0.5732011884783715,0.3737359492002757,0.9783232598634451,4,0.9640139659449686,0.5991731780720981,0.6644273769089195,A: all 4 core domains,False,False,-0.0003125461714357,Sticky,0.0,"Education-led, work lagging",11.685477051249016,2024.0,1.6115533,2024.0,35.6529620744415,2024,1.47,2024,-0.35748591794768536,0.09960330267371675,0.5113636363636364
AFG,Afghanistan,2020.0,-1.0356215899928087,2024.0,-2.3918865133186484,2017.0,7.16068414784076,22.5364950637625,-15.375810915921742,,,,,2021.0,76.7112238,,,,,-6.170620058755746,-4.846296590830424,-1.461295261869467,,3,-4.159403970485212,1.9829777464805347,-5.1508928437254795,B: 3 of 4 core domains,True,False,0.1550303989350555,Widening,,Insufficient comparable data,7.582968752093541,2024.0,-1.9339966,2024.0,74.2992647363812,2024,4.761,2024,-1.004709891849961,-1.3871766214686874,0.011363636363636364
LVA,Latvia,2024.0,0.0403238645909544,2024.0,-0.2348140845719847,2024.0,95.4063945490497,94.4387277334092,0.9676668156404986,2024.0,93.7447,92.4302,1.3144999999999951,2021.0,99.50330555,,,,,0.0050479799204896,0.6317858288465875,0.9086206204335392,0.761196260825733,4,0.5766626725065873,0.3442494166861419,0.4045379641635164,A: all 4 core domains,True,False,-0.0048791963760736,Sticky,1.0,"Near-parity, broad inclusion",10.53516021297816,2024.0,0.7431802,2024.0,31.5160507371491,2024,1.24,2024,-0.4252722231973924,0.1904581386254077,0.6761363636363636
LKA,Sri Lanka,2023.0,0.1672036691396105,2024.0,-1.214413478003988,2024.0,80.201889490679,83.3833352312595,-3.1814457405805,2024.0,52.24,57.18,-4.939999999999998,2021.0,94.39057913,,,,,0.7333075309659944,-1.8559962891623791,0.3069709650813274,-1.17192945516198,4,-0.4969118120692593,1.056222820447864,-1.0250232222931912,A: all 4 core domains,True,False,-0.0215762762663356,Converging,4.0,"Connected, but work lagging",9.531921352350809,2024.0,-0.2745215,2024.0,79.7003002941314,2024,1.952,2024,-0.5582300251701722,-0.6561834528338157,0.09090909090909091
IND,India,2024.0,0.0163184659677168,2024.0,-1.3832078270873465,2024.0,89.2482328079147,88.8052472379392,0.4429855699755052,2018.0,14.9,25.0,-10.1,2017.0,96.69141924,,,,,-0.1327372325190779,-2.2846649531958985,0.8325382567119757,-2.7667697612610467,4,-1.0879084225660118,1.487554119890743,-1.8316854825113833,A: all 4 core domains,True,False,-0.0054664466092181,Sticky,4.0,"Connected, but work lagging",9.150171104580217,2024.0,0.4046051,2024.0,64.6211027631611,2024,1.962,2024,-0.4050492038591597,-0.9781586232281867,0.045454545454545456
HUN,Hungary,2024.0,-0.0442222052680313,2024.0,-0.3692964303395207,2024.0,83.709713865767,90.5416666845822,-6.831952818815196,2024.0,93.8126,93.7436,0.0690000000000026,2021.0,99.73968726,,,,,-0.4802261194304064,0.2902556306537914,-0.2223774909367283,0.3762401365531796,4,-0.0090269607900409,0.3555094589648309,-0.1867816902724564,A: all 4 core domains,True,False,-0.0115066758907745,Sticky,1.0,"Near-parity, broad inclusion",10.615142371961635,2024.0,0.501908,2024.0,29.508174056782,2024,1.41,2024,-0.6630723456068033,0.2937759152672826,0.8125
LUX,Luxembourg,2024.0,0.0742957707191936,2024.0,-0.2455222557647984,2017.0,98.1774858001159,99.3469958323634,-1.1695100322475014,2024.0,98.3126,99.1923,-0.8796999999999997,,,,,,,0.2000385475141214,0.6045914502172485,0.5987153824976289,0.0830182376391897,4,0.3715909044670471,0.2337622606713932,0.2547097741313505,A: all 4 core domains,False,False,-0.004957401765926,Sticky,1.0,"Near-parity, broad inclusion",11.76349181882756,2024.0,2.0397137,2024.0,5.1561297133607,2024,1.25,2024,-0.3443731614891195,0.09885090572432109,0.5056818181818182
ZAF,South Africa,2023.0,0.2540840351445543,2024.0,-0.4904139534557399,2024.0,80.9924154358395,81.2787434862317,-0.2863280503921999,,,,,2021.0,94.21705165,,,,,1.2319799285670332,-0.0173333799216657,0.7267828012037854,,3,0.6471431166163842,0.5131294802241311,0.3905783765043187,B: 3 of 4 core domains,True,False,-0.0029350449285747,Sticky,,Insufficient comparable data,9.51765254578356,2024.0,-0.2259135,2024.0,36.3082015141828,2024,2.205,2024,-0.5692400298870103,0.07882607643127038,0.4715909090909091
LSO,Lesotho,2017.0,0.5820457055952986,2024.0,-0.6297113017532431,2024.0,60.4259618948848,62.9153027155964,-2.489340820711597,2019.0,44.9228,38.35,6.572800000000001,2017.0,69.14075548,,,,,3.114401009937801,-0.3710917167520872,0.4073309049152943,2.3864188929111454,4,1.3842647727530384,1.4171591712953322,0.6756851871053723,A: all 4 core domains,True,False,0.0047716820421699,Sticky,0.0,"Education-led, work lagging",7.900127919137414,2024.0,-0.6470887,2024.0,56.3219665790754,2024,2.664,2024,-0.506408346214613,-0.12330295553863013,0.2727272727272727
LTU,Lithuania,2024.0,-0.0691839149458849,2024.0,-0.2210055241631502,2024.0,98.4001545389899,99.6487186965706,-1.2485641575807025,2024.0,90.3996,87.8556,2.544000000000011,2021.0,92.11271691,,,,,-0.6235003272366672,0.6668539290218962,0.5872519944558712,1.1412071438390716,4,0.442953185020043,0.6511212203538408,0.1173925748431226,A: all 4 core domains,True,False,0.0059581694405417,Sticky,1.0,"Near-parity, broad inclusion",10.767684752838296,2024.0,1.2014922,2024.0,31.1714166684685,2024,1.11,2024,-0.38285849741613026,0.16185297325298006,0.6136363636363636
MDA,Moldova,2024.0,-0.0305714782668646,2024.0,-0.0136439205688871,2024.0,54.547891632053,56.690862731554,-2.142971099500997,,,,,2021.0,98.53115635,,,,,-0.4018742307852587,1.1934676579015473,0.4575568798839278,,3,0.4163834356667388,0.6519459971660362,0.0904104370837207,B: 3 of 4 core domains,True,False,-0.0103075796494026,Sticky,,Insufficient comparable data,9.7046623563305,2024.0,0.2576379,2024.0,56.483528137207,2024,1.726,2024,-0.518332978898887,0.5046890583299999,0.9375
MLT,Malta,2023.0,0.0517172999039848,2024.0,-0.423286140430144,2024.0,96.0512328002859,97.0301617715661,-0.9789289712801974,2023.0,94.0165,90.3384,3.6781000000000006,2021.0,98.40067707,,,,,0.0704435573762511,0.1531438314627232,0.6263509378348098,1.4917320258442914,4,0.5854175881295189,0.564610541032806,0.3031123176131159,A: all 4 core domains,True,False,-0.0325368701888017,Converging,1.0,"Near-parity, broad inclusion",11.04129634314928,2024.0,0.622496,2024.0,4.34537355094911,2024,1.01,2024,-0.55688161739536,0.133595476965216,0.5681818181818182
LBY,Libya,2006.0,0.5459830021607247,2024.0,-1.1647938425522093,2024.0,24.6960239810713,41.4206818482174,-16.7246578671461,,,,,,,,,,,2.907409768848061,-1.729982693597993,-1.656887281206286,,3,-0.1598200686520726,2.1690642977816497,-1.2443522175428974,B: 3 of 4 core domains,False,False,0.0088660109483357,Sticky,,Insufficient comparable data,9.440168243179391,2024.0,-1.41948799999999,2024.0,12.1145933892251,2024,2.298,2024,-1.1354272821364508,-0.02936656041575847,0.35795454545454547
LBR,Liberia,2017.0,-0.2526061091878164,2024.0,-0.4276647410326477,2024.0,46.2794636646139,58.1311446969649,-11.851681032351005,,,,,2021.0,26.86906505,,,,,-1.676299591119402,0.1420239753727266,-0.9502723621200514,,3,-0.8281826592889089,0.747330613926755,-1.2018479662522863,B: 3 of 4 core domains,True,False,0.0046204630706626,Sticky,,Insufficient comparable data,7.40613899036364,2024.0,-1.24629299999999,2024.0,44.4612013345032,2024,3.864,2024,-0.8882758159497764,0.46061107491712877,0.9034090909090909
KWT,Kuwait,2015.0,0.2712579639419978,2024.0,-1.3966653992301603,2024.0,71.4890462652269,76.0569953890037,-4.567949123776799,2023.0,100.0,99.5887,0.4112999999999971,,,,,,,1.3305541478464886,-2.3188416866169077,0.1059185059490771,0.4820373917426567,4,-0.1000829102696713,1.3556284086330774,-0.77789711458621,A: all 4 core domains,False,False,0.0185662613707006,Sticky,4.0,"Connected, but work lagging",10.750732972511337,2024.0,0.3278963,2024.0,0.0,2024,1.56,2024,-0.74062566236392,-0.6560397368662403,0.09659090909090909
WSM,Samoa,2016.0,0.2478711433294892,2024.0,-0.7935656153156573,,,,,,,,,,,,,,,1.196319424359695,-0.7872147094492067,,,2,0.2045523574552442,0.9917670669044508,-0.2913311759969813,C: fewer than 3 core domains,False,False,-0.0283689018191767,Converging,,Insufficient comparable data,8.947316343130261,2024.0,0.4344899,2024.0,82.4970884891982,2024,3.801,2024,-0.17920759844297668,-0.6143580168726805,0.11363636363636363
MLI,Mali,2020.0,-0.2121346768424008,2024.0,-0.906312907788742,2024.0,45.6045965708999,64.185279812671,-18.580683241771094,,,,,2021.0,66.27579598,,,,,-1.44400330681406,-1.07354675492524,-1.9260236355078328,,3,-1.4811912324157108,0.3490142445420362,-1.655698354686729,B: 3 of 4 core domains,True,False,-0.0056516186397265,Sticky,,Insufficient comparable data,7.978630582425785,2024.0,-1.2871409,2024.0,68.3924378817775,2024,5.51,2024,-0.9871059068030779,0.0807929990143359,0.48295454545454547
ITA,Italy,2023.0,-0.0233871767729327,2024.0,-0.5285304825777148,2024.0,79.7946783289735,92.6338802740803,-12.839201945106794,2024.0,88.3231,90.1325,-1.8093999999999968,2021.0,98.61579288,,,,,-0.3606380687407309,-0.1141337864817371,-1.0934696383476612,-0.2043311872794723,4,-0.4431431702124004,0.3856844385962832,-0.6359853895105421,A: all 4 core domains,True,False,0.000121285138695,Sticky,3.0,"Work parity, access gaps",10.883407789485068,2024.0,0.7922891,2024.0,30.3952464856929,2024,1.18,2024,-0.7488716176974922,0.22034113511977738,0.7159090909090909
MKD,North Macedonia,2023.0,0.0106411628250535,2024.0,-0.3802294622457384,2024.0,77.229493719316,91.5870835011346,-14.357589781818604,2020.0,79.2467,83.5401,-4.293399999999991,2021.0,97.2908884,,,,,-0.1653235866085476,0.2624901977081678,-1.3136462438916423,-0.9720798927736723,4,-0.5471398813914237,0.6263765969788856,-0.8603281798808664,A: all 4 core domains,True,False,-0.0370880869232592,Converging,3.0,"Work parity, access gaps",10.094239539019553,2024.0,-0.0323427,2024.0,37.4354623071467,2024,1.4,2024,-0.8928555680066672,0.5126261057609288,0.9431818181818182
LAO,Lao PDR,2024.0,-0.0683113204004461,2024.0,-0.3191226063241801,2024.0,43.5865025443192,31.7099790252873,11.876523519031904,,,,,2021.0,55.31766155,,,,,-0.6184918444906025,0.4176766386846191,2.4904793400870617,,3,0.7632213780936928,1.2925366098834556,0.116953073151965,B: 3 of 4 core domains,True,False,0.0112544120680995,Sticky,,Insufficient comparable data,9.059555219512887,2024.0,-0.5819014,2024.0,60.4447845598594,2024,2.397,2024,-0.3799156206496057,0.06079301432542561,0.4318181818181818
AGO,Angola,2023.0,-0.2354857466535673,2024.0,-0.4409074915186631,2014.0,22.3316464905364,36.1321313839668,-13.8004848934304,2014.0,20.1973,22.3886,-2.191300000000002,,,,,,,-1.5780328293027313,0.1083928011669715,-1.2328622305509491,-0.3223679145855269,4,-0.7562175433180591,0.6779282908773036,-1.095181688756711,A: all 4 core domains,False,False,0.0103668128122894,Sticky,3.0,"Work parity, access gaps",9.07712863922452,2024.0,-0.785190899999999,2024.0,29.3448620963565,2024,5.048,2024,-0.9909387530145088,0.5500312614958458,0.9488636363636364
GTM,Guatemala,2024.0,0.0600117609851389,2024.0,-1.5101998734704982,2024.0,32.5013354493048,44.6496505663004,-12.148315116995605,2021.0,48.5503,53.3763,-4.8260000000000005,2017.0,93.30239955,,,,,0.118051768348938,-2.607172852077422,-0.9932863301370322,-1.1366946111900245,4,-1.1547755062638851,0.9690140599982692,-1.6392825362630197,A: all 4 core domains,True,False,0.0183037731370498,Sticky,2.0,Compounded exclusion,9.444936817679896,2024.0,-0.9093696,2024.0,44.0452972725237,2024,2.287,2024,-0.9787434182412464,-0.5314564552292518,0.13636363636363635
MEX,Mexico,2024.0,0.454371670421389,2024.0,-0.9026091198853572,2024.0,47.4017009910959,59.1387643464686,-11.737063355372698,2024.0,82.2767,84.0676,-1.7908999999999935,2017.0,88.27274437,,,,,2.38158276619387,-1.0641406473094963,-0.9336520162227404,-0.1986132520734961,4,0.0462942126470342,1.3880663244497256,-0.6477389495778285,A: all 4 core domains,True,False,-0.0068228876548952,Sticky,0.0,"Education-led, work lagging",9.99744918897775,2024.0,-0.2199329,2024.0,20.2461194023882,2024,1.892,2024,-0.8919424388637232,-0.010666681021634039,0.3806818181818182
LBN,Lebanon,2024.0,0.2538618082409679,2023.0,-1.324792095596042,2024.0,15.3395918766117,31.0250951995699,-15.6855033229582,,,,,2021.0,96.77246781,,,,,1.2307043996078595,-2.136312868467328,-1.5062027758098429,,3,-0.8039370815564371,1.461525264891223,-1.5346997140020484,B: 3 of 4 core domains,True,False,0.0211721359939817,Widening,,Insufficient comparable data,9.256194907276136,2024.0,-1.1301199,2024.0,9.296304215446,2024,2.227,2024,-1.1627601430532413,-0.16203195254280067,0.25
ISL,Iceland,2023.0,-0.1663895890750618,2024.0,-0.1852890031098775,2024.0,99.7045440269947,100.0,-0.2954559730053034,2021.0,99.6842,99.6897,-0.0054999999999978,2021.0,100.0,,,,,-1.181437509219344,0.7575592959194005,0.7254591900893986,0.3532138569399275,4,0.1636987084323456,0.7927093842755645,-0.2326559837054366,A: all 4 core domains,True,False,0.0044517751753486,Sticky,1.0,"Near-parity, broad inclusion",11.130644857009893,2024.0,1.645973,2024.0,5.81809600834779,2024,1.56,2024,-0.3937970197577946,0.20850801664791707,0.6988636363636364
MDV,Maldives,2023.0,0.3578641152477901,2024.0,-1.1459710357000152,2017.0,74.1815888482305,85.4688374776546,-11.2872486294241,2022.0,95.4996,76.3672,19.132400000000004,,,,,,,1.827652619049985,-1.6821804566717655,-0.8684258091309247,6.268309650368866,4,1.3863390009040402,3.1035532515928583,-0.165437624892389,A: all 4 core domains,False,False,0.0166241996008474,Sticky,0.0,"Education-led, work lagging",10.044744456919563,2024.0,-0.221286999999999,2024.0,58.0017847282615,2024,1.56,2024,-0.5065494334034137,-0.6394216022966015,0.10227272727272728
GUY,Guyana,2024.0,0.0112270089285471,2024.0,-0.5691364345711478,,,,,,,,,,,,,,,-0.1619609709280639,-0.2172563097614589,,,2,-0.1896086403447614,0.0276476694166974,-0.2034324750531101,C: fewer than 3 core domains,False,False,-0.0412379531967507,Converging,,Insufficient comparable data,11.163604879810158,2024.0,-0.0982402,2024.0,73.522282011443,2024,2.395,2024,-0.37755667649277624,-0.19157975807837158,0.22727272727272727
MDG,Madagascar,2021.0,0.0706766828667393,2024.0,-0.2399924042124457,2024.0,20.2965184252509,28.9510608133895,-8.654542388138601,,,,,2017.0,80.48374292,,,,,0.1792658539873758,0.6186350132282358,-0.4866654251331213,,3,0.1037451473608301,0.4543858841759073,-0.1234477947271235,B: 3 of 4 core domains,True,False,0.0039556799391693,Sticky,,Insufficient comparable data,7.414060887473933,2024.0,-0.8631928,2024.0,67.5660106660156,2024,3.912,2024,-0.7252190877834929,0.48522668357104715,0.9261363636363636
HKG,"Hong Kong SAR, China",2024.0,-0.1143017857754807,2024.0,-0.2182184602737018,2024.0,96.7510977577504,97.9944921224797,-1.2433943647292978,2024.0,94.9381,96.6662,-1.7280999999999975,2021.0,97.95981965,2013.0,10.83333,3.33333,7.5,-0.8824660505160584,0.6739319322877276,0.5880016497243518,-0.1792031801310514,4,0.0500660878412423,0.632606482521167,-0.2662371534193411,A: all 4 core domains,True,True,-0.004954592639584,Sticky,1.0,"Near-parity, broad inclusion",11.10022491703762,2024.0,1.6374532,2024.0,0.0,2024,0.841,2024,-0.4245158454409891,0.2062973851672873,0.6931818181818182
ISR,Israel,2024.0,0.0122959798347402,2024.0,-0.1740724762267433,2024.0,88.0997205658934,90.4755385428348,-2.3758179769413914,2024.0,88.3355,88.022,0.3134999999999905,2021.0,98.62815921,,,,,-0.1558253351190857,0.7860446902480619,0.4237924925207063,0.4518096045456607,4,0.3764553630488358,0.3387496214521291,0.2070805523227712,A: all 4 core domains,True,False,-0.0106995759916441,Sticky,1.0,"Near-parity, broad inclusion",10.766139582086527,2024.0,1.1726244,2024.0,8.463811156182,2024,2.87,2024,-0.4921326341543296,0.31806015792758635,0.8465909090909091
BDI,Burundi,2020.0,0.2503223561678482,2024.0,-0.0386461159059963,,,,,2017.0,1.49482,3.90705,-2.41223,,,,,,,1.2103887962942628,1.1299722996074684,,-0.39065242404802,3,0.6499028906179037,0.7365157728089146,0.2816450042134464,B: 3 of 4 core domains,False,False,-0.0080009753963354,Sticky,,Insufficient comparable data,6.954691889221289,2024.0,-1.0060869,2024.0,75.1697161348975,2024,4.789,2024,-0.5067638597600184,0.46811774385402205,0.9147727272727273
GEO,Georgia,2024.0,-0.2157224673758224,2024.0,-0.3117259882101282,2024.0,81.2949686953077,75.9235668308751,5.371401864432599,2024.0,84.4147,83.0962,1.3185000000000002,2021.0,97.00836821,,,,,-1.4645963612596389,0.4364610258547779,1.5471922760507553,0.76243257114054,4,0.3203723779466085,1.106807825562732,-0.2330315348347574,A: all 4 core domains,True,False,-0.0055337923127764,Sticky,1.0,"Near-parity, broad inclusion",10.091899831949856,2024.0,0.4562672,2024.0,38.9210394906267,2024,1.802,2024,-0.37815256384196816,0.06642657563183996,0.4431818181818182
SWE,Sweden,2024.0,0.6015353017110745,2024.0,-0.1547140926589072,2024.0,97.6051609665946,99.501175617033,-1.8960146504384028,2024.0,94.5407,96.5139,-1.9732000000000056,2021.0,100.0,,,,,3.2262666024788915,0.8352070731532778,0.4933672514880289,-0.2549580946707594,4,1.0749707081123596,1.303124497793342,0.4234084592156886,A: all 4 core domains,True,False,0.0023414530951265,Sticky,0.0,"Education-led, work lagging",11.04385590474783,2024.0,1.7746948,2024.0,11.1440251653772,2024,1.43,2024,-0.4054236134619622,0.250709520803055,0.7443181818181818
BRN,Brunei Darussalam,2023.0,0.1087275563726541,2024.0,-0.5506402296123667,,,,,2024.0,98.8749,93.9843,4.890599999999992,,,,,,,0.3976687129362969,-0.1702835081692962,,1.8664885900196992,3,0.6979579315955666,0.8581920360550804,0.2688619135680264,B: 3 of 4 core domains,False,False,-0.0163775098638947,Sticky,,Insufficient comparable data,11.278110736920862,2024.0,0.8351988,2024.0,25.1016866126303,2024,1.731,2024,-0.38478570603162043,-0.16585452358074626,0.24431818181818182
SVN,Slovenia,2023.0,0.0617758816442677,2024.0,-0.2688772730936262,2024.0,98.9427575733679,98.5393342994632,0.4034232739046928,2024.0,90.9991,90.5411,0.4579999999999984,2021.0,96.7315142,,,,,0.1281773964879266,0.5452792508978026,0.8268014536068736,0.4964713146680111,4,0.4991823539151535,0.2485514164934592,0.3749066456684238,A: all 4 core domains,True,False,-0.0033346540560267,Sticky,1.0,"Near-parity, broad inclusion",10.79257205895993,2024.0,1.0893351,2024.0,44.2422291594083,2024,1.52,2024,-0.38390156474769055,0.11502429165406436,0.5397727272727273
BTN,Bhutan,2024.0,0.520381822281015,2024.0,-0.7135620221789587,2014.0,27.6818789274225,38.994018411564,-11.3121394841415,2021.0,86.2535,84.7856,1.4679000000000002,,,2015.0,15.0,5.90278,9.09722,2.7604651559385824,-0.584038278638402,-0.8720351530470576,0.8086087613985246,4,0.5282501214129118,1.43695591982976,-0.1902278385019681,A: all 4 core domains,False,True,0.041023711434206,Widening,0.0,"Education-led, work lagging",9.655275337188884,2024.0,0.5808357,2024.0,57.4354750196588,2024,1.449,2024,-0.5788274750485736,-0.13473454713038513,0.26704545454545453
USA,United States,2022.0,0.0443623114573146,2024.0,-0.278593609933624,2024.0,97.1092143262693,96.9368554605958,0.1723588656735017,2015.0,74.8821,74.2101,0.671999999999997,,,,,,,0.0282276932899941,0.5206037261831417,0.7932955364516452,0.5626139165101037,4,0.4761852181087211,0.278687917664269,0.3368412592765866,A: all 4 core domains,False,False,-0.0091415072166386,Sticky,1.0,"Near-parity, broad inclusion",11.234509361664903,2024.0,1.3599787,2024.0,19.8752201952816,2024,1.6265,2024,-0.4061289189958307,0.12753530906220673,0.5625
SVK,Slovak Republic,2024.0,0.0492089429560211,2024.0,-0.258066262329385,2024.0,91.0941403563605,93.4077744964987,-2.3136341401382055,2024.0,88.8341,90.8342,-2.000099999999989,2021.0,99.76016944,,,,,0.0560461920013273,0.5727348000102354,0.4328095735167424,-0.2632722815378212,4,0.1995795709976209,0.3272899048611607,0.0359346185670406,A: all 4 core domains,True,False,-0.0231225013061402,Converging,1.0,"Near-parity, broad inclusion",10.604167575584547,2024.0,0.6575804,2024.0,46.8080297014316,2024,1.46,2024,-0.5396675870191442,0.2816013246897592,0.7897727272727273
BWA,Botswana,2010.0,0.2239137416296619,2024.0,-0.6075758577376994,2024.0,59.6866154697314,63.5502088098335,-3.863593340102099,2024.0,57.9562,56.895,1.0611999999999997,2017.0,97.2114788,,,,,1.058809702712525,-0.314876735234869,0.2080549046972455,0.6829069101406774,4,0.4087236955788947,0.5151829284162438,0.1511322313707728,A: all 4 core domains,True,False,0.029388495779803,Widening,0.0,"Education-led, work lagging",9.804087816795771,2024.0,0.4168893,2024.0,32.5376462161582,2024,2.703,2024,-0.5562188881260379,-0.051356969611661474,0.3465909090909091
SUR,Suriname,2022.0,0.1736146237285504,2024.0,-0.7296512934723033,,,,,,,,,,,,,,,0.7701048678418098,-0.6248984523826357,,,2,0.072603207729587,0.6975016601122228,-0.2761476223265244,C: fewer than 3 core domains,False,False,-0.0135575189232795,Sticky,,Insufficient comparable data,9.861576519348576,2024.0,-0.454291699999999,2024.0,34.2358142799115,2024,2.231,2024,-0.5422511504000453,-0.18740014307225794,0.23295454545454544
CAF,Central African Republic,2017.0,-0.2005917418048448,2024.0,-0.6557668534678616,2017.0,9.71761748965302,18.0825013448328,-8.36488385517978,,,,,,,,,,,-1.377749636908899,-0.4372621697608304,-0.4446629597473113,,3,-0.7532249221390135,0.4416159964206543,-0.9740329203493406,B: 3 of 4 core domains,False,False,0.0037404531432644,Sticky,,Insufficient comparable data,7.013213264639556,2024.0,-1.57655,2024.0,55.8756444361096,2024,5.954,2024,-0.853415103427372,0.19764824995951047,0.6875
AUS,Australia,2024.0,-0.1941311358797606,2024.0,-0.2139764990125194,2024.0,97.7243209573911,98.3026509430008,-0.5783299856096988,2017.0,86.1214,87.0186,-0.8972000000000122,,,2024.0,17.91667,12.63889,5.27778,-1.340667313309642,0.6847047802923428,0.6844405264871412,0.0776093800119119,4,0.0265218433704384,0.8273267036958319,-0.3871415084774775,A: all 4 core domains,False,True,-0.0089011516883949,Sticky,1.0,"Near-parity, broad inclusion",11.007246295083624,2024.0,1.8090452,2024.0,12.3978530009554,2024,1.481,2024,-0.32772458020328116,0.11374808119076177,0.5340909090909091
STP,Sao Tome and Principe,2017.0,0.2962098987694467,2024.0,-0.0591934357653891,,,,,,,,,,,,,,,1.473772250363239,1.0777905044145173,,,2,1.275781377388878,0.1979908729743607,1.1767859409016976,C: fewer than 3 core domains,False,False,0.003284717542764,Sticky,,Insufficient comparable data,8.614660652559992,2024.0,-0.718673799999999,2024.0,31.1289829815116,2024,3.596,2024,-0.5561478638680646,0.4969544281026755,0.9318181818181818
CAN,Canada,2023.0,0.0341581496114873,2024.0,-0.2025368656507261,2024.0,98.7513672334689,98.0567378578269,0.6946293756419948,2022.0,94.0,95.0,-1.0,2021.0,96.48911459,2023.0,16.45833,11.625,4.83333,-0.0303417406011819,0.7137567738979551,0.8690283270340636,0.0458362049214149,4,0.3995698913130629,0.396565301117425,0.2012872407543504,A: all 4 core domains,True,True,-0.002792400998296,Sticky,1.0,"Near-parity, broad inclusion",10.960132947066562,2024.0,1.7591249,2024.0,17.2997434233367,2024,1.25,2024,-0.3271055961027229,0.12456873045199679,0.5568181818181818
SRB,Serbia,2024.0,-0.0138271775695026,2024.0,-0.3845187562260516,2024.0,81.0618186013879,85.6546923214992,-4.5928737201112995,2024.0,85.2017,90.278,-5.076300000000003,2021.0,99.62841519,,,,,-0.3057659734324857,0.2515971439408296,0.1023042692680401,-1.214056729138978,4,-0.2914803223406485,0.5703838061295144,-0.5766722254054057,A: all 4 core domains,True,False,-0.0106063822571852,Sticky,3.0,"Work parity, access gaps",10.19990913153209,2024.0,0.1019486,2024.0,37.6169970195823,2024,1.64,2024,-0.6618006091377897,0.2772818529117381,0.7670454545454546
BRB,Barbados,2024.0,0.1173370372047533,2024.0,-0.1441646905135992,,,,,,,,,,,,,,,0.4470850614861958,0.8619982432874641,,,2,0.6545416523868299,0.2074565909006341,0.5508133569365129,C: fewer than 3 core domains,False,False,0.0223619285527038,Widening,,Insufficient comparable data,9.978480344747888,2024.0,0.60457,2024.0,40.4602967570826,2024,1.708,2024,-0.3737662264490887,0.2296015359354895,0.7272727272727273
CHE,Switzerland,2024.0,-0.0948395086719147,2024.0,-0.2996206327913613,2024.0,97.6132030221954,99.2322131762524,-1.619010154056994,2023.0,96.4868,98.2155,-1.7287000000000037,2021.0,95.1256209,,,,,-0.7707572625321449,0.4672036814187451,0.5335347951544464,-0.179388626678274,4,0.0126481468406931,0.5311651796346578,-0.2529344429766358,A: all 4 core domains,True,False,-0.007161227716416,Sticky,1.0,"Near-parity, broad inclusion",11.355663968071475,2024.0,1.8402935,2024.0,14.5384629979236,2024,1.29,2024,-0.36466186556999025,0.06504123277862894,0.4375
CHL,Chile,2024.0,-0.0791036938102627,2024.0,-0.5863104949820972,2024.0,83.1703645529934,87.0892601301665,-3.918895577173089,2024.0,94.836,96.395,-1.5589999999999975,2021.0,99.16641604,,,,,-0.6804374712363817,-0.2608714045343114,0.2000357026575034,-0.1269381615726497,4,-0.2170528336714599,0.3157249161644316,-0.3749152917536757,A: all 4 core domains,True,False,-0.0129021555816292,Sticky,1.0,"Near-parity, broad inclusion",10.31783456918808,2024.0,0.964461,2024.0,11.0049091520804,2024,1.14,2024,-0.5749360050660808,-0.011374489916016417,0.375
UZB,Uzbekistan,2024.0,-0.0235650282582855,2024.0,-0.9344824156043574,2024.0,60.7039265407325,58.5397971163848,2.1641294243477063,2023.0,87.1292,90.9056,-3.7764000000000095,2021.0,92.11011256,,,,,-0.3616588934758931,-1.1450857925018965,1.0821158694576194,-0.81228678458507,4,-0.30922890027631,0.8500460504730156,-0.7342519255128178,A: all 4 core domains,True,False,0.0086497778460354,Sticky,4.0,"Connected, but work lagging",9.305393312257658,2024.0,-0.1435922,2024.0,49.0013313293457,2024,3.486,2024,-0.5092254271436704,-0.42525698846068705,0.1590909090909091
SLV,El Salvador,2024.0,0.064564759231111,2024.0,-0.968968622810625,2024.0,34.4359210784078,54.692513354909,-20.2565922765012,2020.0,52.3743,57.1996,-4.825299999999999,2021.0,96.63297861,2017.0,20.21275,7.02928,13.18347,0.1441848828372337,-1.232666665030948,-2.169041890492313,-1.136478256884933,4,-1.0985004823927402,0.8230687546207271,-1.510034859703104,A: all 4 core domains,True,True,-0.0080731472785407,Sticky,2.0,Compounded exclusion,9.362805928324004,2024.0,-0.1831795,2024.0,24.9325094897801,2024,1.768,2024,-1.0621135442302483,0.09314492141962327,0.4943181818181818
CHN,China,2012.0,0.0786540887911245,2024.0,-0.2516252761768282,2024.0,89.2021200745424,89.5550580073499,-0.3529379328074924,2023.0,77.3218,77.6366,-0.3148000000000053,2021.0,99.61708298,2018.0,15.34722,5.90278,9.44444,0.2250542446431372,0.5890922725445283,0.7171239133680904,0.2576161618475917,4,0.4472216481008369,0.2111179187402763,0.3416626887306987,A: all 4 core domains,True,True,-0.0077737899546809,Sticky,1.0,"Near-parity, broad inclusion",10.07918207035862,2024.0,0.8957842,2024.0,34.1053019001675,2024,1.013,2024,-0.4251203347642796,0.17349505858745135,0.6420454545454546
SLE,Sierra Leone,2023.0,0.2613630131976677,2024.0,-0.1096217935653729,2024.0,35.9347203423534,41.4790318962968,-5.544311553943402,,,,,2021.0,64.0728981,,,,,1.2737595112822446,0.9497230845932064,-0.0356607141007188,,3,0.7292739605915773,0.5568325265076307,0.450857697337762,B: 3 of 4 core domains,True,False,-0.0027241170160352,Sticky,,Insufficient comparable data,8.03875824775114,2024.0,-0.9671017,2024.0,54.6373176843629,2024,3.703,2024,-0.7424791171668806,0.6328573236015077,0.9602272727272727
CIV,Cote d'Ivoire,2024.0,-0.0564202189326408,2024.0,-0.6285147091261032,2024.0,53.8175498364075,61.2027446506055,-7.385194814198002,2024.0,38.2892,44.5221,-6.232900000000001,2021.0,67.73556868,,,,,-0.5502397830440579,-0.3680528605009511,-0.3026013584115604,-1.5715358566649813,4,-0.6981074646553876,0.5123726985879686,-0.954293813949372,A: all 4 core domains,True,False,-0.009261459844083,Sticky,3.0,"Work parity, access gaps",8.816858867967543,2024.0,-0.3157177,2024.0,46.0266886059858,2024,4.23,2024,-0.7849550587870157,0.15644034966091247,0.6022727272727273
SLB,Solomon Islands,2012.0,-0.1180147015221615,2024.0,-0.2950430519428537,,,,,,,,,,,,,,,-0.9037772935808333,0.4788288660146235,,,2,-0.2124742137831048,0.6913030797977284,-0.558125753681969,C: fewer than 3 core domains,False,False,0.0024317587331768,Sticky,,Insufficient comparable data,7.76367993608623,2024.0,-0.868619199999999,2024.0,69.3382811437806,2024,3.513,2024,-0.4690143807565861,0.1739713288137324,0.6477272727272727
CMR,Cameroon,2023.0,-0.1617352194755408,2024.0,-0.6918608694345002,2024.0,52.8996933484284,69.3553577956512,-16.4556644472228,2017.0,19.2,27.4,-8.2,2021.0,79.67242738,2014.0,15.82086,4.56784,11.25302,-1.1547225475514518,-0.5289262194641917,-1.6178813983347289,-2.1795223617284445,4,-1.370263131769704,0.606325170734112,-1.67342571713676,A: all 4 core domains,True,True,0.0122055553298904,Sticky,3.0,"Work parity, access gaps",8.500440350988468,2024.0,-0.800788699999999,2024.0,44.5968251390922,2024,4.261,2024,-1.0268373110980373,0.33497644166353713,0.8522727272727273
SGP,Singapore,2023.0,-0.02280605649514,2024.0,-0.2964638021051533,2024.0,97.6078339751686,98.3229188456466,-0.7150848704779946,2024.0,93.8107,94.959,-1.148300000000006,2021.0,97.70875424,,,,,-0.3573025781627449,0.4752207412325693,0.6646101342685988,0.0,4,0.1956320743346058,0.4006616034130483,-0.0046987273719183,A: all 4 core domains,True,False,-0.0142746212399781,Sticky,1.0,"Near-parity, broad inclusion",11.809681970965949,2024.0,2.2796267,2024.0,0.0,2024,0.97,2024,-0.35310125591398234,0.056637453808829064,0.42045454545454547
COD,"Congo, Dem. Rep.",2017.0,-0.6957851262402661,2024.0,-0.1781696201026508,2024.0,33.4561427829617,44.5944458590314,-11.138303076069704,,,,,,,,,,,-4.220040520887596,0.7756396192182786,-0.8468276867306167,,3,-1.4304095294666448,2.0808060683207112,-2.4708125636270006,B: 3 of 4 core domains,False,False,-0.0057759474447627,Sticky,,Insufficient comparable data,7.378826629513212,2024.0,-1.6934449,2024.0,55.2544195591247,2024,5.981,2024,-0.9185373145929686,0.7403676944903178,0.9772727272727273
SEN,Senegal,2023.0,0.3904383726968954,2024.0,-1.0181560770841016,2024.0,73.5941345823606,79.6122559003812,-6.018121318020604,,,,,2021.0,79.40909646,,,,,2.014621019497268,-1.3575826970256462,-0.1043663655856717,,3,0.1842239856286499,1.3917381864759963,-0.5116451076093482,B: 3 of 4 core domains,True,False,0.0129376477055727,Sticky,,Insufficient comparable data,8.406891012129275,2024.0,0.2344127,2024.0,44.7631830942696,2024,3.765,2024,-0.5257774644480793,-0.49237861263602234,0.14204545454545456
COG,"Congo, Rep.",2006.0,-0.2457005015684297,2024.0,-0.4817055582538901,2024.0,50.5916393453064,60.5586391455265,-9.9669998002201,,,,,2021.0,59.28866205,,,,,-1.6366630648614946,0.0047823849562765,-0.6769807127864627,,3,-0.7696204642305603,0.6733114107863138,-1.106276169623717,B: 3 of 4 core domains,True,False,0.0090106024429729,Sticky,,Insufficient comparable data,8.724624361841009,2024.0,-1.110638,2024.0,36.1133888300096,2024,4.109,2024,-0.9064788804691712,0.42477332221528113,0.8920454545454546
SOM,"Somalia, Fed. Rep.",2009.0,-0.1362173656004333,2024.0,-1.2282589374192685,2014.0,33.662557005539,43.5679330453218,-9.9053760397828,,,,,,,,,,,-1.0082562058602955,-1.8911580977342268,-0.668044846688297,,3,-1.189153050094273,0.5154572451790707,-1.4468816726838083,B: 3 of 4 core domains,False,False,0.0048651898767385,Sticky,,Insufficient comparable data,7.25087318580447,2024.0,-1.95005229999999,2024.0,45.3823534475479,2024,6.013,2024,-0.9686957885916269,-0.25956314882764164,0.20454545454545456
SWZ,Eswatini,2016.0,0.0191615314758319,2024.0,-0.4314999923209934,2024.0,65.3509471878412,64.809563032207,0.5413841556342049,,,,,,,,,,,-0.1164187205391917,0.1322840044854543,0.8468067236061643,,3,0.2875573358508089,0.4082753724609784,0.0834196496203197,B: 3 of 4 core domains,False,False,0.0105014053529829,Sticky,,Insufficient comparable data,9.248234683901735,2024.0,-0.7811414,2024.0,73.7501538741361,2024,2.718,2024,-0.5525609957027069,0.1210610033817135,0.5511363636363636
BRA,Brazil,2024.0,0.1036443029322304,2024.0,-0.6274978666059845,2024.0,82.2763902255203,90.853585329865,-8.577195104344696,2024.0,83.7948,85.1736,-1.3787999999999982,2021.0,97.58126644,2022.0,11.78285,5.69492,6.08793,0.368492061210341,-0.3654704960616268,-0.4754495407707511,-0.0712423818906632,4,-0.135917589378175,0.3265686991483008,-0.2992019389523254,A: all 4 core domains,True,True,-0.0146771685594994,Sticky,4.0,"Connected, but work lagging",9.88595299168932,2024.0,-0.224002999999999,2024.0,12.1041450466854,2024,1.614,2024,-0.8436270130319088,0.2161291464259243,0.7102272727272727
BEL,Belgium,2023.0,0.616244887610433,2024.0,-0.1887809078532272,2024.0,97.9206258791414,98.5689342561123,-0.6483083769709026,2024.0,95.1235,96.4296,-1.3060999999999865,2021.0,99.62150048,2014.0,16.41479,10.34418,6.07061,3.3106960864400214,0.7486912849380328,0.6742931818504083,-0.04877244191907,4,1.1712270278273482,1.2738922894262878,0.5342808831142043,A: all 4 core domains,True,True,-0.0029723027962612,Sticky,0.0,"Education-led, work lagging",11.055818739054605,2024.0,1.1947395,2024.0,12.3873442989473,2024,1.44,2024,-0.46911437023655755,0.28033346238333035,0.7840909090909091
TZA,Tanzania,2021.0,0.0755180379040101,2024.0,-0.3694755130152336,2024.0,54.9346318215236,65.3362469372565,-10.401615115732902,,,,,2021.0,58.75418526,,,,,0.2070540670795757,0.2898008338447377,-0.74000290156681,,3,-0.0810493335474988,0.4671734941514824,-0.3146360806232401,B: 3 of 4 core domains,True,False,-0.0009898460777298,Sticky,,Insufficient comparable data,8.219666267574178,2024.0,-0.2924507,2024.0,63.8315541137008,2024,4.541,2024,-0.6793618858477205,0.3098863728324869,0.8295454545454546
BEN,Benin,2022.0,-0.2455325126183307,2024.0,-0.1510370267703024,2024.0,49.0557470327837,55.0161875100971,-5.960440477313398,,,,,2021.0,41.71650772,,,,,-1.63569884870578,0.8445453177721958,-0.0960022497749585,,3,-0.2957185935695142,1.0223560191443442,-0.8068966031416863,B: 3 of 4 core domains,True,False,-0.0018551321289924,Sticky,,Insufficient comparable data,8.269071744839303,2024.0,-0.1854211,2024.0,47.4544645181577,2024,4.48,2024,-0.6313337890876413,0.48029676231733887,0.9204545454545454
TUR,Turkiye,2023.0,-0.1043448338786792,2024.0,-1.2229429288146272,2024.0,71.6675500449687,91.6080831238213,-19.940533078852596,2024.0,83.9343,90.6883,-6.754000000000005,2021.0,97.24223494,,,,,-0.8253155422539997,-1.87765760841739,-2.1232111484337333,-1.7325961829262662,4,-1.6396951205078472,0.4904739034313423,-1.8849320722235183,A: all 4 core domains,True,False,-0.0057301806387412,Sticky,2.0,Compounded exclusion,10.49555643665154,2024.0,-0.0707153,2024.0,10.6556877126113,2024,1.48,2024,-1.1307930507676796,-0.09214987804694763,0.29545454545454547
TUN,Tunisia,2013.0,0.1794188130223058,2024.0,-1.3003295752601014,2024.0,26.6074987294777,49.5665996567354,-22.959100927257698,2019.0,61.1126,72.462,-11.349400000000005,2021.0,98.89602473,,,,,0.8034195179099572,-2.074188064122594,-2.560924100550972,-3.1529312880905382,4,-1.7461559837135368,1.5207567298450475,-2.5065343486360607,A: all 4 core domains,True,False,-0.042000354237633,Converging,2.0,Compounded exclusion,9.45523882849852,2024.0,-0.2393469,2024.0,29.6414644308045,2024,1.818,2024,-1.2098355737594821,-0.09049400150061926,0.3068181818181818
BFA,Burkina Faso,2024.0,0.2034642137779352,2024.0,-0.5612734849982537,2024.0,43.9890405155106,59.7853698647921,-15.7963293492815,2019.0,6.61695,12.2789,-5.66195,2021.0,80.49428687,,,,,0.9414343329650092,-0.1972876312655283,-1.5222733064686202,-1.395068013105434,4,-0.5432986544686433,1.0010067534390976,-1.043802031188192,A: all 4 core domains,True,False,0.0274010309760059,Widening,3.0,"Work parity, access gaps",7.84326120173373,2024.0,-0.8748674,2024.0,71.6647485103338,2024,4.11,2024,-0.9375228481330988,0.37624936313484514,0.8863636363636364
TTO,Trinidad and Tobago,2024.0,0.1691651140052484,2024.0,-0.4879284468471828,2024.0,73.2927431144278,75.869999628906,-2.577256514478208,2011.0,45.7803,41.9404,3.8399,2017.0,93.88908915,,,,,0.7445657525744789,-0.0110212089092908,0.3945825289341644,1.541740778078173,4,0.6674669626693813,0.5712072830552486,0.381863321141757,A: all 4 core domains,True,False,-0.0013192719071049,Sticky,0.0,"Education-led, work lagging",10.372245308782375,2024.0,0.1112932,2024.0,46.038943318049,2024,1.536,2024,-0.5910699131470549,0.10314146629987214,0.5227272727272727
BGD,Bangladesh,2024.0,0.3888944493114226,2024.0,-1.256535087173844,2024.0,33.346000280938,53.5110284170371,-20.165028136099103,2024.0,50.0558,56.8579,-6.802100000000003,2021.0,86.91284559,,,,,2.005759270729978,-1.9629679622535636,-2.1557644648334344,-1.7474628144618014,4,-0.9651089927047054,1.721301739783044,-1.8257598625962277,A: all 4 core domains,True,False,-0.0300385593167647,Converging,2.0,Compounded exclusion,9.046265521673549,2024.0,-0.618974599999999,2024.0,67.3216803676693,2024,2.138,2024,-1.009307012477467,-0.2472280746963771,0.21022727272727273
TON,Tonga,2024.0,0.3153044257452621,2024.0,-0.5676999742665685,,,,,,,,,,,,,,,1.5833702410939148,-0.2136082876384131,,,2,0.6848809767277508,0.8984892643661639,0.2356363445446688,C: fewer than 3 core domains,False,False,-0.0286668303310721,Converging,,Insufficient comparable data,8.879192178119757,2024.0,-0.0372776,2024.0,78.8494728874479,2024,3.1,2024,-0.2804968159898556,-0.2872031582767129,0.19318181818181818
UKR,Ukraine,2024.0,0.0155747253267953,2021.0,-0.4024208513249331,2024.0,83.8855969447319,91.5174220952965,-7.631825150564595,2021.0,76.8126,82.0031,-5.1905,2021.0,98.91217437,,,,,-0.1370061248552423,0.2061331385928262,-0.3383644414476854,-1.2493533886266737,4,-0.3796477040841938,0.5385411816002417,-0.6489182948843146,A: all 4 core domains,True,False,0.0374641708040316,Widening,3.0,"Work parity, access gaps",9.703293718184032,2024.0,-0.5988431,2024.0,30.4684356799852,2024,0.988,2024,-0.8666190366094977,0.4641981852845646,0.9090909090909091
BGR,Bulgaria,2024.0,-0.0645501145235523,2024.0,-0.3133936662598813,2024.0,85.0429744458305,84.369484033824,0.6734904120065011,2024.0,81.648,83.2561,-1.6081000000000074,2021.0,98.99274346,2023.0,18.20158,8.90219,9.29939,-0.5969034276969275,0.432225805152735,0.8659630329468428,-0.14211387068689,4,0.1397928849289401,0.555660186760162,-0.1380372084511409,A: all 4 core domains,True,True,-0.0019485765715127,Sticky,1.0,"Near-parity, broad inclusion",10.44060606953679,2024.0,0.0428203,2024.0,26.0500643117519,2024,1.72,2024,-0.6097242910512941,0.2963306247914128,0.8181818181818182
TLS,Timor-Leste,2020.0,0.3085070079254071,2024.0,-0.4207721033202768,,,,,,,,,,,,,,,1.544354698255039,0.1595284582886204,,,2,0.8519415782718296,0.6924131199832091,0.505735018280225,C: fewer than 3 core domains,False,False,-0.0205590137524415,Converging,,Insufficient comparable data,8.266410562242568,2024.0,-0.898562299999999,2024.0,71.3358925820426,2024,2.627,2024,-0.48783939983016844,0.06706729650989163,0.44886363636363635
AZE,Azerbaijan,2024.0,-0.1057679628284239,2024.0,-0.3176654081334351,2024.0,46.1732591791453,67.0043773076741,-20.831118128528807,2023.0,85.3964,92.6833,-7.286900000000003,2017.0,98.9539047,2008.0,25.41667,8.88889,16.52778,-0.8334839600231453,0.4213773265633954,-2.2523520625302043,-1.8973036246162251,4,-1.140440580151545,1.0419556556180716,-1.6614184079605807,A: all 4 core domains,True,True,-0.0090699485888017,Sticky,3.0,"Work parity, access gaps",10.002904279951494,2024.0,0.1661183,2024.0,41.426204162283,2024,1.43,2024,-1.1255816215431935,0.8079162134097584,0.9886363636363636
BHR,Bahrain,2024.0,-0.1257661352306618,2024.0,-1.4117506684473906,2024.0,83.0178852537418,81.9582393316251,1.059645922116701,2024.0,100.0,100.0,0.0,,,,,,,-0.9482686580859436,-2.357152105401974,0.9219582190070073,0.3549137836227843,4,-0.5071371902145315,1.265167748612247,-1.139721064520655,A: all 4 core domains,False,False,-0.0051366015160384,Sticky,4.0,"Connected, but work lagging",10.986312234133646,2024.0,0.6002525,2024.0,0.0,2024,1.805,2024,-0.505530419469499,-0.9062202489778917,0.056818181818181816
TKM,Turkmenistan,2024.0,0.0164029210803378,2024.0,-0.0790604883024593,2017.0,35.5171080941356,45.7125533660727,-10.195445271937096,,,,,2017.0,98.2188405,,,,,-0.1322524804923889,1.0273363102095687,-0.7101068662621561,,3,0.0616589878183412,0.7224395896423251,-0.2995608070028213,B: 3 of 4 core domains,True,False,4.507250431345121e-05,Sticky,,Insufficient comparable data,9.823943345532014,2024.0,-1.0591384,2024.0,52.9124746089706,2024,2.661,2024,-0.8990183294951614,0.8199578411927021,0.9943181818181818
BHS,"Bahamas, The",2024.0,0.3216631938943088,2024.0,-0.0251709696198065,,,,,2010.0,67.0357,62.2767,4.7590000000000074,,,,,,,1.6198680403607113,1.164193664170476,,1.8258139806626037,3,1.5366252283979305,0.2764445515305483,1.3984029526326562,B: 3 of 4 core domains,False,False,-0.0111810718933064,Sticky,,Insufficient comparable data,10.49803050921972,2024.0,0.7092986,2024.0,18.6750737033519,2024,1.374,2024,-0.3750015983897384,0.3498306287699319,0.8636363636363636
TJK,Tajikistan,2015.0,-0.4881793690728513,2024.0,-0.8506201074171186,2024.0,46.9005362710827,62.5557724693504,-15.6552361982677,,,,,2021.0,84.09328143,,,,,-3.0284334243364293,-0.9321098024369828,-1.501813836032531,,3,-1.8207856876019808,0.8850425464362851,-2.2633069608201235,B: 3 of 4 core domains,True,False,0.0023157573943579,Sticky,,Insufficient comparable data,8.467148163314203,2024.0,-0.6009336,2024.0,73.8211936348452,2024,3.036,2024,-0.8432584377841443,-0.007361669632974244,0.38636363636363635
BIH,Bosnia and Herzegovina,2023.0,0.1575575555649149,2024.0,-0.8263331774617428,2024.0,75.7475848321622,79.2625398663884,-3.5149550342261904,2024.0,84.716,87.3019,-2.5859000000000094,2021.0,95.99280521,,,,,0.6779411598856556,-0.8704309258988523,0.2586098399347381,-0.4443299271410897,4,-0.094552463304887,0.6012074669414108,-0.3951561967755925,A: all 4 core domains,True,False,-0.0100319035428961,Sticky,4.0,"Connected, but work lagging",9.932002098308402,2024.0,-0.6353163,2024.0,47.8775697245065,2024,1.492,2024,-0.7313110312182468,-0.09502214624349603,0.2897727272727273
THA,Thailand,2024.0,0.1623442145225788,2024.0,-0.4664446955884793,2024.0,92.7000685235119,90.918244759467,1.7818237640449013,2024.0,89.9092,91.9062,-1.997,2021.0,99.76496507,,,,,0.7054154306406949,0.0435387393384365,1.0266789379105323,-0.2623141410438503,4,0.3783297417114534,0.5123112647346408,0.1221741093441329,A: all 4 core domains,True,False,-0.0076161111137444,Sticky,1.0,"Near-parity, broad inclusion",9.993429451026335,2024.0,0.2536395,2024.0,38.1310661608679,2024,1.204,2024,-0.49280200933192164,0.026357313743442357,0.4034090909090909
TGO,Togo,2023.0,-0.3228227000521912,2024.0,-0.2518043155909139,2024.0,45.3494825153525,69.9999828165192,-24.65050030116671,2017.0,8.61106,16.31,-7.698939999999999,2021.0,36.00412402,,,,,-2.0793259286893484,0.5886375856023278,-2.806188560501454,-2.024655950144336,4,-1.5803832134332023,1.289725946978836,-2.2252461869226208,A: all 4 core domains,True,False,-0.0006736178188947,Sticky,3.0,"Work parity, access gaps",8.117088668996463,2024.0,-0.8014589,2024.0,56.1851508394004,2024,4.121673,2024,-1.3175535727360628,1.065749257145149,1.0
BLR,Belarus,2024.0,0.0014678690524748,2024.0,-0.3214663476186032,2017.0,81.3381714403097,80.9341710313571,0.4040004089525979,2024.0,94.6534,93.6995,0.9539000000000044,2017.0,99.22858053,2015.0,19.16667,9.51389,9.65278,-0.2179760857843705,0.4117244936336945,0.8268851421301322,0.649742885946022,4,0.4175941089813695,0.3954099547687993,0.2198891315969698,A: all 4 core domains,True,True,0.0059434210464124,Sticky,1.0,"Near-parity, broad inclusion",10.27972796622721,2024.0,-0.7015463,2024.0,20.8448984789152,2024,1.217,2024,-0.762135103282531,0.44066875566392777,0.8977272727272727
TCD,Chad,2024.0,-0.3035941798944046,2024.0,-0.7650016180179027,2024.0,20.1401531546613,21.6937637839192,-1.5536106292579,,,,,2017.0,21.03345255,,,,,-1.968958849332688,-0.7146738298073259,0.5430181728701405,,3,-0.7135381687566245,1.025510639409546,-1.2262934884613974,B: 3 of 4 core domains,True,False,0.011053644945625,Sticky,,Insufficient comparable data,7.795948130172703,2024.0,-1.1005006,2024.0,73.0684707610503,2024,6.028,2024,-0.6158047651532481,-0.14919685286465456,0.2556818181818182
URY,Uruguay,2023.0,0.4592360049896504,2024.0,-0.5457314536669806,2024.0,73.2856919264603,74.2464297281832,-0.9607378017228996,2024.0,92.4471,91.4919,0.9552000000000048,2021.0,100.0,,,,,2.40950287626512,-0.1578172233796949,0.6289887816499148,0.6501446867983339,4,0.8827047803334184,0.9397146469866314,0.4128474568401026,A: all 4 core domains,True,False,-0.0004065904608234,Sticky,0.0,"Education-led, work lagging",10.37815155765276,2024.0,0.6904799,2024.0,4.4018048411819,2024,1.397,2024,-0.5573954349625356,0.011663981295555015,0.39204545454545453
BLZ,Belize,2024.0,0.0642171111243682,2024.0,-1.1410056622710356,2024.0,65.1819147470622,71.0650824980445,-5.8831677509823095,2024.0,81.712,78.2689,3.443100000000001,,,,,,,0.1421894663480694,-1.6695704374040172,-0.084797176753857,1.4190987948494698,4,-0.0482698382400837,1.0976560630939385,-0.597097869787053,A: all 4 core domains,False,False,-0.0036593101507327,Sticky,4.0,"Connected, but work lagging",9.443149714354249,2024.0,-0.129095,2024.0,58.2467892661776,2024,2.021,2024,-0.5824345215610289,-0.5585711407100067,0.125
BOL,Bolivia,2024.0,-0.0131299091073358,2024.0,-0.4650469968770676,2024.0,53.4638307501513,60.3300944738612,-6.866263723709899,2021.0,63.7076,68.3228,-4.6152000000000015,2021.0,98.21409101,2001.0,23.11926,12.13362,10.98564,-0.3017638202212466,0.0470883228558701,-0.2273528064590246,-1.071541057599776,4,-0.3883923403560443,0.4152631123401643,-0.5960238965261264,A: all 4 core domains,True,True,-0.0353700969148772,Converging,3.0,"Work parity, access gaps",9.335134488567771,2024.0,-0.6104172,2024.0,28.7638546226012,2024,2.523,2024,-0.8382952583817243,0.3732482615046567,0.8806818181818182
SYR,Syrian Arab Republic,2024.0,0.1883238972478853,2024.0,-1.749795992867407,2011.0,19.5879996886851,26.7666466636967,-7.178646975011599,,,,,,,,,,,0.8545325588167627,-3.2156490775390147,-0.272650511193902,,3,-0.8779223433053845,1.715878809102912,-1.7358617478568406,B: 3 of 4 core domains,False,False,0.0045700329573133,Sticky,,Insufficient comparable data,8.42933194131403,2022.0,-1.6726478,2024.0,27.9238654241746,2024,2.7,2024,-0.9003048160982977,-0.8494911767691092,0.07954545454545454
AUT,Austria,2024.0,-0.0541135719005319,2024.0,-0.2520321213933116,2024.0,99.1873269882702,99.8378902484104,-0.6505632601402027,2024.0,94.4392,95.4042,-0.9650000000000034,,,2022.0,15.78507,8.62597,7.159099999999999,-0.5370001840550802,0.588059051963594,0.6739662083920395,0.0566539201759618,4,0.1954197491191287,0.4844758119901406,-0.0468181568759415,A: all 4 core domains,False,True,-0.0073335779379085,Sticky,1.0,"Near-parity, broad inclusion",11.06332019416424,2024.0,1.5145106,2024.0,30.5341818903212,2024,1.31,2024,-0.3701448262837295,0.11811270489041792,0.5454545454545454
COL,Colombia,2022.0,0.142339677443944,2024.0,-0.8187788351126305,2024.0,50.9915484901848,63.6600565851691,-12.668508094984304,2024.0,80.067,78.5814,1.485599999999991,2021.0,97.29957979,2021.0,17.64085,5.23624,12.404610000000002,0.5905942008667084,-0.8512459836301595,-1.068717864394709,0.814079434541536,4,-0.128822553154156,0.8384395376768525,-0.5480423219925823,A: all 4 core domains,True,True,-0.0252815924374206,Converging,4.0,"Connected, but work lagging",9.824543771688672,2024.0,-0.111099099999999,2024.0,21.4789188133885,2024,1.634,2024,-0.8675971892609552,0.048818354148324694,0.4147727272727273
MWI,Malawi,2023.0,0.033259861022691,2024.0,-0.456993901255137,2024.0,46.2797708427249,54.8354765985818,-8.555705755856899,2023.0,16.123,18.8351,-2.7120999999999995,2021.0,86.79785249,,,,,-0.0354977009741759,0.0675398946077322,-0.4723334384871334,-0.4833355175731994,4,-0.2309066906066941,0.2496308398070862,-0.3557221105102373,A: all 4 core domains,True,False,-0.0022281582302279,Sticky,3.0,"Work parity, access gaps",7.398937183656944,2024.0,-0.7257604,2024.0,82.731496468787,2024,3.59,2024,-0.6948311440237871,0.2378372427686501,0.7329545454545454
SAU,Saudi Arabia,2024.0,-0.0163598639669639,2024.0,-1.863385285395948,2024.0,73.461901464919,81.8127654266595,-8.350863961740501,2024.0,100.0,100.0,0.0,2021.0,97.30706608,,,,,-0.3203029839939018,-3.5041194590485034,-0.4426299794553763,0.3549137836227843,4,-0.9780346597187493,1.4897252343059109,-1.7228972768717048,A: all 4 core domains,True,False,-0.1165247781170932,Converging,4.0,"Connected, but work lagging",11.05397149481383,2024.0,0.7833016,2024.0,15.5445979788557,2024,2.308,2024,-0.660713208484649,-1.202672076911299,0.028409090909090908
RWA,Rwanda,2024.0,0.2805456495529295,2024.0,-0.5853047014743851,2017.0,44.9605015327419,55.7454646924848,-10.7849631597429,,,,,2017.0,91.54041673,,,,,1.3838632286519772,-0.2583171000710048,-0.7955909858699816,,3,0.1099850475703303,0.9270886409498272,-0.3535592729045834,B: 3 of 4 core domains,True,False,0.0115031453114542,Sticky,,Insufficient comparable data,8.109227267925817,2024.0,0.3489076,2024.0,70.1150285705917,2024,3.645,2024,-0.49442346279186045,-0.09088123868252462,0.30113636363636365
PAK,Pakistan,2024.0,-0.1500147329604377,2024.0,-1.8959655646928897,2024.0,11.9121696598431,42.2935435576169,-30.3813738977738,2020.0,13.6127,24.039,-10.4263,2021.0,77.08974377,,,,,-1.0874497748837524,-3.5868600535998163,-3.637204368712295,-2.867621775191304,4,-2.794783993096792,1.0316675881862014,-3.310617787189893,A: all 4 core domains,True,False,0.0048932340563722,Sticky,2.0,Compounded exclusion,8.612880320533261,2024.0,-0.6003273,2024.0,60.8265631639095,2024,3.547,2024,-1.305505368233653,-0.5904601964592366,0.11931818181818182
ECU,Ecuador,2023.0,0.0954473723697419,2024.0,-0.908359441743133,2024.0,63.5126837380937,65.5985687316865,-2.085884993592799,2024.0,78.153,76.1506,2.0024000000000086,2021.0,97.37560756,2017.0,18.19095,6.57955,11.6114,0.3214436519491189,-1.0787441147947627,0.4658347550872819,0.9738107272144092,4,0.1705862548640118,0.7609082659351403,-0.2098678781035583,A: all 4 core domains,True,True,-0.0021500634575983,Sticky,4.0,"Connected, but work lagging",9.541255932979174,2024.0,-0.2196127,2024.0,36.7623067602398,2024,1.806,2024,-0.5962119715247557,-0.3121474702183773,0.18181818181818182
OMN,Oman,2024.0,-0.0421913935092482,2024.0,-2.0931359240865928,2024.0,67.0832725695516,70.7083967351425,-3.625124165590904,2020.0,97.1535,94.4048,2.7486999999999995,,,,,,,-0.4685697485448242,-4.0875921871534535,0.2426345635309561,1.2044753241992383,4,-0.7772630119920207,2.0013151099033855,-1.7779205669437137,A: all 4 core domains,False,False,0.0225135749922882,Widening,4.0,"Connected, but work lagging",10.51110626845289,2024.0,0.5675096,2024.0,20.5559697185286,2024,2.508,2024,-0.5397374707070783,-1.5533984533795144,0.005681818181818182
EGY,"Egypt, Arab Rep.",2024.0,-0.0779466632977765,2024.0,-1.9762454488449723,2024.0,40.2142182329493,45.9509692862618,-5.736751053312503,2022.0,65.188,79.2587,-14.070700000000002,2021.0,97.69595206,2015.0,22.36111,2.43056,19.93055,-0.6737963944742716,-3.7907381506754714,-0.06356575569762,-3.9940241030105743,4,-2.1305311009644843,1.7764652656477766,-3.0187637337883726,A: all 4 core domains,True,True,-0.0424966984905497,Converging,2.0,Compounded exclusion,9.729024134209451,2024.0,-0.0970579,2024.0,57.1995636061596,2024,2.735,2024,-0.696017087245537,-1.2802283615994354,0.017045454545454544
NZL,New Zealand,2024.0,0.2655833374474297,2024.0,-0.2489151734187757,2024.0,98.5351611403082,97.163339063554,1.371822076754199,2012.0,82.1509,81.1568,0.9940999999999888,,,,,,,1.2979831570730884,0.5959748259889818,0.9672258933112918,0.6621678046098123,4,0.8808379202457935,0.2785842029081529,0.7415458187917171,A: all 4 core domains,False,False,-0.0079990319338776,Sticky,0.0,"Education-led, work lagging",10.785711859114071,2024.0,1.8491848,2024.0,16.0629341166868,2024,1.57,2024,-0.27399032364086356,0.025075150222087866,0.3977272727272727
ERI,Eritrea,2021.0,-0.2380929065498831,2024.0,-0.5312393561473497,,,,,,,,,,,,,,,-1.592997299829376,-0.1210132182899527,,,2,-0.8570052590596644,0.7359920407697117,-1.2250012794445202,C: fewer than 3 core domains,False,False,0.0024077000315363,Sticky,,Insufficient comparable data,,,-1.45617889999999,2024.0,65.4634475708008,2024,3.68,2024,-0.8218561162109714,0.2906167600636217,0.8011363636363636
ARE,United Arab Emirates,2024.0,-0.0593467495986541,2024.0,-1.2700405502349412,2021.0,86.6829485997078,85.3945542078018,1.288394391905996,2024.0,100.0,100.0,0.0,2021.0,94.09222013,,,,,-0.5670373649487057,-1.997266319035019,0.955128309272388,0.3549137836227843,4,-0.3135653977721381,1.113052668189902,-0.8700917318670891,A: all 4 core domains,True,False,0.0167914166319857,Sticky,4.0,"Connected, but work lagging",11.151981218163929,2024.0,1.2599659,2024.0,14.1828911720209,2024,1.213,2024,-0.400010188983644,-0.8700303612512972,0.07386363636363637
ESP,Spain,2024.0,0.1494824864709369,2024.0,-0.3624460852951126,2024.0,97.8029322469363,98.9857786260021,-1.1828463790658077,2024.0,96.1585,95.3514,0.8071000000000055,2021.0,96.18096885,,,,,0.6315922061340229,0.3076527074771682,0.5967815211337426,0.6043702973926613,4,0.5350991830343987,0.1319526438425427,0.4691228611131274,A: all 4 core domains,True,False,-0.0116516559444012,Sticky,1.0,"Near-parity, broad inclusion",10.788500007702954,2024.0,1.110811,2024.0,19.684800178793,2024,1.1,2024,-0.4638104653049977,0.10136438000988512,0.5170454545454546
NPL,Nepal,2024.0,0.0445171763929808,2024.0,-1.0032573663957958,2024.0,59.7778342772083,60.2270903422122,-0.449256065003901,,,,,2021.0,86.24354622,,,,,0.0291165807604797,-1.31974606066157,0.7031571264335565,,3,-0.1958241178225112,0.8410244009536457,-0.6163363182993341,B: 3 of 4 core domains,True,False,0.0016567831784982,Sticky,,Insufficient comparable data,8.52663339023894,2024.0,-0.8845295,2024.0,33.227656836971,2024,1.961,2024,-0.6378328785070678,-0.36542448788872794,0.16477272727272727
EST,Estonia,2024.0,0.1690402678450738,2024.0,-0.2417884242318693,2024.0,99.7660187107038,97.9279393113948,1.8380793993090097,2024.0,92.9141,91.563,1.3511000000000024,2021.0,99.09222846,2010.0,17.22222,10.76389,6.45833,0.7438491656528492,0.6140738563738463,1.0348363891991272,0.7725085002062053,4,0.7913169778580071,0.1527447051786878,0.7149446252686632,A: all 4 core domains,True,True,-0.0183193898224251,Sticky,1.0,"Near-parity, broad inclusion",10.625849661550165,2024.0,1.2969908,2024.0,29.3018838458039,2024,1.18,2024,-0.3214622009681898,0.07967377673632048,0.4772727272727273
NOR,Norway,2024.0,-0.0627246937912793,2024.0,-0.1674462576985008,2024.0,97.8239340560655,99.2709876923463,-1.447053636280799,2023.0,99.0,99.0,0.0,2021.0,100.0,,,,,-0.5864259518867839,0.8028725773160887,0.5584696645400682,0.3549137836227843,4,0.2824575183980393,0.526123306286445,0.0193958652548168,A: all 4 core domains,True,False,0.0073184653467839,Sticky,1.0,"Near-parity, broad inclusion",11.4595634057759,2024.0,1.843057,2024.0,16.6706262071531,2024,1.45,2024,-0.3563486167941574,0.1889023590956566,0.6704545454545454
UGA,Uganda,2007.0,-0.1742491553001919,2024.0,-0.479273748763263,2024.0,66.3670902474203,80.2678606568995,-13.900770409479208,2024.0,7.58792,10.5867,-2.99878,2021.0,72.8189922,,,,,-1.2265495283534111,0.0109581872339721,-1.247404315237738,-0.5719418778353081,4,-0.7587343835481213,0.5208088434239447,-1.0191388052600936,A: all 4 core domains,True,False,0.0128241365128262,Sticky,3.0,"Work parity, access gaps",7.965431015493433,2024.0,-0.3501362,2024.0,68.7222301786443,2024,4.165,2024,-0.7956025466324639,0.3163287978692009,0.8409090909090909
ETH,Ethiopia,2015.0,-0.0522264678182935,2024.0,-0.7346955962404742,2024.0,41.6159713320994,56.5265673875994,-14.9105960555,2021.0,13.7072,19.7244,-6.017199999999999,2017.0,54.12181149,,,,,-0.5261686606570436,-0.6377089199151984,-1.3938359301100036,-1.5048678229390953,4,-1.0156453334053352,0.4372613970807305,-1.2342760319457005,A: all 4 core domains,True,False,0.0072088131706116,Sticky,3.0,"Work parity, access gaps",7.969780413531821,2024.0,-0.645991,2024.0,76.3777160644531,2024,3.909,2024,-0.890632878417489,0.15593728217701475,0.5965909090909091
NIC,Nicaragua,2012.0,0.189375114738038,2024.0,-1.0027334301857938,2024.0,21.2320804665929,25.9574488414034,-4.7253683748105,,,,,2021.0,87.85515243,,,,,0.8605662942891105,-1.3184154768096814,0.0830916395175498,,3,-0.124919181001007,0.901643597653681,-0.5757409798278476,B: 3 of 4 core domains,True,False,-0.0112326801809415,Sticky,,Insufficient comparable data,8.943910085580924,2024.0,-1.0529768,2024.0,40.7371597290039,2024,2.206,2024,-0.7372896170702938,-0.2654438131154999,0.19886363636363635
FIN,Finland,2024.0,0.5625283049681253,2024.0,-0.0509711545196377,2024.0,99.6891240901934,100.0,-0.3108759098065974,2024.0,92.8562,94.6186,-1.7623999999999995,,,,,,,3.0023758261910074,1.0986717385083404,0.723223193948937,-0.1898045410805089,4,1.158616554391944,1.1630615269977462,0.5770857908930709,A: all 4 core domains,False,False,-0.0146547619535531,Sticky,0.0,"Education-led, work lagging",10.93134327656839,2024.0,1.8171611,2024.0,25.7362809536364,2024,1.25,2024,-0.3365085963144295,0.2855374417947918,0.7954545454545454
NGA,Nigeria,2023.0,0.0213519877507388,2024.0,-0.4261303357512646,2024.0,52.2155914465012,74.302879584059,-22.0872881375578,,,,,,,,,,,-0.1038460285412562,0.145920737708838,-2.434505292348687,,3,-0.7974768610603684,1.1620362653593554,-1.378494993740046,B: 3 of 4 core domains,False,False,-0.0086077299358966,Sticky,,Insufficient comparable data,8.986451235871227,2024.0,-1.0065889,2024.0,37.0244324426341,2024,4.382,2024,-1.1652095613400357,0.7390792255887711,0.9715909090909091
FJI,Fiji,2024.0,0.0583982978243262,2024.0,-1.1679744015638662,,,,,,,,,,,,,,,0.1087908780023476,-1.7380600136611986,,,2,-0.8146345678294254,0.9234254458317732,-1.276347290745312,C: fewer than 3 core domains,False,False,0.010254774913502,Sticky,,Insufficient comparable data,9.517270770608802,2024.0,0.6089609,2024.0,40.9233397707543,2024,2.27,2024,-0.27531650380660416,-0.8926578977572621,0.06818181818181818
VNM,Viet Nam,2022.0,-0.1799382334363086,2024.0,-0.3449130317472141,2024.0,69.8844155477409,71.2493314689508,-1.3649159212098994,2024.0,82.2272,86.08,-3.852800000000002,2021.0,96.93062469,,,,,-1.25920346807226,0.3521794981050588,0.5703801941519318,-0.8359003115978523,4,-0.2931360218532804,0.7729766750150118,-0.6796243593607864,A: all 4 core domains,True,False,-0.0127021819343567,Sticky,1.0,"Near-parity, broad inclusion",9.574734964195445,2024.0,-0.0922968,2024.0,61.5099296569824,2024,1.895,2024,-0.610297524178004,0.2653844924307899,0.7556818181818182
NER,Niger,2024.0,-0.0403253721637704,2024.0,-0.540394752226963,2024.0,12.2030464030006,17.6139562058255,-5.410909802824898,2017.0,5.28571,15.9925,-10.70679,2017.0,32.01019819,,,,,-0.4578592349833231,-0.1442641827177213,-0.0163165491747784,-2.9543149452412507,4,-0.8931887280292684,1.2007857680924336,-1.4935816120754852,A: all 4 core domains,True,False,-0.0511239697501189,Converging,3.0,"Work parity, access gaps",7.4931238386675165,2024.0,-0.7696662,2024.0,81.9502601549197,2024,5.935,2024,-0.7354016840846057,0.19500693185764273,0.6818181818181818
FRA,France,2024.0,0.0337648096307707,2024.0,-0.2010229399946154,2024.0,99.848494933374,98.4892614438192,1.3592334895547964,2024.0,88.0992,89.2591,-1.1599000000000077,2021.0,94.24904834,,,,,-0.0325994174535691,0.7176015263554593,0.9654004621986708,-0.0035852999129363,4,0.4117043177969061,0.4387549994770448,0.1923268180583837,A: all 4 core domains,True,False,-0.0055740313333715,Sticky,1.0,"Near-parity, broad inclusion",10.91143357996281,2024.0,1.2007009,2024.0,21.2000249035884,2024,1.61,2024,-0.3732011297341648,0.1721781897395494,0.6363636363636364
NAM,Namibia,2024.0,0.3067182683029169,2024.0,-0.2317526111236547,2024.0,75.0382248106692,70.659277654642,4.378947156027209,,,,,2021.0,91.79267126,,,,,1.534087763189636,0.639560720246664,1.4032795657605748,,3,1.1923093497322916,0.3944836132442342,0.9950675431101744,B: 3 of 4 core domains,True,False,0.0106003442553051,Sticky,,Insufficient comparable data,9.237602231723974,2024.0,0.0993430999999999,2024.0,49.5911969747845,2024,3.211,2024,-0.327783850514863,0.09603123939120828,0.5
GBR,United Kingdom,2023.0,0.11379972085731,2024.0,-0.1782481510241031,2024.0,99.2689870562959,99.3005630735761,-0.0315760172802015,2020.0,94.4143,95.242,-0.8277000000000072,,,,,,,0.4267817167241292,0.7754401827716967,0.7637235857318648,0.0990902717316586,4,0.5162589392398375,0.2785899938807117,0.3769639422994816,A: all 4 core domains,False,False,-0.0027433897256055,Sticky,1.0,"Near-parity, broad inclusion",10.885791930447674,2024.0,1.1849099,2024.0,16.7570455583915,2024,1.551,2024,-0.4295938330105687,0.25134568198646556,0.75
MYS,Malaysia,2024.0,0.1463762731387139,2024.0,-0.7040338192630144,2024.0,88.2264701684302,89.1413579480248,-0.9148877795946078,2024.0,97.6373,98.3628,-0.7254999999999967,2021.0,95.67312756,,,,,0.6137632889566734,-0.5598405372045284,0.6356373479728546,0.1306780002749419,4,0.2050595249999854,0.4855514248484168,-0.037716187424223,A: all 4 core domains,True,False,0.0082269023266294,Sticky,4.0,"Connected, but work lagging",10.437528555438917,2024.0,0.9147725,2024.0,23.0829703351008,2024,1.543,2024,-0.48374622012478175,-0.2202875991382327,0.2215909090909091
NLD,Netherlands,2023.0,0.1848429426835764,2024.0,-0.2396411164843382,2024.0,99.2546198217458,99.0871076242509,0.1675121974949007,2023.0,95.944,98.09,-2.146000000000001,2021.0,96.80080701,,,,,0.834552717129339,0.619527140493852,0.7925927364673715,-0.3083667002703546,4,0.484576473455052,0.4648461973353056,0.2521533747873992,A: all 4 core domains,True,False,-0.0015161034974107,Sticky,1.0,"Near-parity, broad inclusion",11.163281532891904,2024.0,1.7519974,2024.0,4.3603482920664,2024,1.43,2024,-0.39427568924879614,0.15463457276445794,0.5909090909090909
PAN,Panama,2017.0,0.1341156396296624,2024.0,-0.8258516512858887,2024.0,58.1187550543733,70.391512048608,-12.272756994234705,2019.0,63.8115,63.4338,0.3777000000000043,2021.0,98.05144752,,,,,0.5433902025021522,-0.869208046201626,-1.011331252162594,0.4716523850982929,4,-0.2163741776909437,0.7260804491654004,-0.5794144022736438,A: all 4 core domains,True,False,-0.0069495759517797,Sticky,4.0,"Connected, but work lagging",10.502184580619572,2024.0,0.2451472,2024.0,34.0041552314512,2024,2.106,2024,-0.7742676418437624,-0.051584009442126266,0.3409090909090909
DZA,Algeria,2024.0,0.1111662657685425,2024.0,-1.8718574508481969,2024.0,18.0709885603285,51.8629151446207,-33.7919265842922,2018.0,42.8598,55.1302,-12.270400000000002,2021.0,97.26585432,2012.0,21.66667,3.75,17.91667,0.4116663181193902,-3.5256352969045026,-4.131757799259206,-3.4375917380744996,4,-2.670829629029704,1.7996325489150844,-3.570645903487246,A: all 4 core domains,True,True,0.0110810537449462,Sticky,2.0,Compounded exclusion,9.648719146876848,2024.0,-0.2511914,2024.0,24.7207092809382,2024,2.723,2024,-1.3985139775287068,-0.4733434733194901,0.14772727272727273
PER,Peru,2024.0,0.0828084924491274,2024.0,-0.6135576211488645,2024.0,56.1785669335632,62.4782758669515,-6.2997089333883025,2024.0,80.225,83.6948,-3.4698000000000064,2021.0,98.42273502,,,,,0.2488995220976653,-0.330067969680534,-0.145198492803674,-0.7175235989552292,4,-0.235972634835443,0.3478815231206142,-0.4099133963957501,A: all 4 core domains,True,False,0.0102937671482246,Sticky,4.0,"Connected, but work lagging",9.661978441036132,2024.0,-0.2004128,2024.0,14.8087270399645,2024,1.965,2024,-0.8231688336785047,0.2096112125296402,0.7045454545454546
COM,Comoros,2021.0,0.1275928466963622,2024.0,-0.709238956976391,2024.0,41.8394427057053,49.6024719511375,-7.7630292454322,,,,,,,,,,,0.5059509404378232,-0.5730594597681133,-0.3573899312092337,,3,-0.1414994835131746,0.4662062311845459,-0.3746025991054476,B: 3 of 4 core domains,False,False,-0.0042390077565099,Sticky,,Insufficient comparable data,8.176402402644054,2024.0,-1.2085975,2024.0,66.4607784326699,2024,3.822,2024,-0.7678078302408755,0.058568873264484456,0.42613636363636365
RUS,Russian Federation,2023.0,-0.0564619543051081,2024.0,-0.4293834012363561,2024.0,77.2673546557224,81.6495846664745,-4.382230010752096,2024.0,94.214,94.5366,-0.3226000000000084,2021.0,99.41901543,,,,,-0.5504793340405609,0.1376592808349525,0.1328490456318573,0.2552053567337199,4,-0.0061914127100077,0.3180420111680349,-0.1652124182940252,A: all 4 core domains,True,False,0.0034466047264198,Sticky,1.0,"Near-parity, broad inclusion",10.642830388603498,2024.0,-0.3215539,2024.0,24.8880863822933,2024,1.418,2024,-0.7824591939397031,0.353075792703347,0.8693181818181818
CPV,Cabo Verde,2022.0,0.4880566045470355,2024.0,-0.4908746466001088,,,,,2019.0,60.965,62.9212,-1.9561999999999955,,,,,,,2.5749261835375923,-0.0185033522329336,,-0.249703775832833,3,0.7689063518239418,1.2805322157539143,0.1286402439469846,B: 3 of 4 core domains,False,False,0.0047681376758338,Sticky,,Insufficient comparable data,9.192739796678376,2024.0,0.4151952,2024.0,23.2278528995646,2024,1.511,2024,-0.44309223722403845,-0.04778240937607037,0.3522727272727273
ROU,Romania,2023.0,0.0165493430788962,2024.0,-0.4946152607488351,2024.0,69.8503015757801,72.9467014858712,-3.096399910091108,2024.0,90.9136,91.6748,-0.7612000000000023,2021.0,99.55121561,,,,,-0.1314120534495459,-0.0280029834617462,0.3193031912886803,0.1196439307153012,4,0.0698830212731723,0.1694018494214731,-0.0148179034375642,A: all 4 core domains,True,False,0.0055130896496413,Sticky,1.0,"Near-parity, broad inclusion",10.609151873935936,2024.0,0.4181246,2024.0,47.8325221071232,2024,1.39,2024,-0.5720696734866213,0.0774544127377862,0.4659090909090909
ARM,Armenia,2024.0,-0.0659473641307565,2024.0,-0.598231976893015,2024.0,67.9879799098157,75.5669244748589,-7.578944565043187,2023.0,81.8635,77.8794,3.984099999999998,2021.0,72.7982489167147,2008.0,21.65833,4.37083,17.2875,-0.6049233042664159,-0.2911470965335095,-0.3306963954203307,1.5863097649269096,4,0.0898857421766633,0.8723703092042335,-0.3462994124254534,A: all 4 core domains,True,True,0.0320534344018232,Widening,1.0,"Near-parity, broad inclusion",9.907419058950993,2024.0,-0.3640294,2024.0,34.1886328550099,2024,1.7,2024,-0.7649589776013641,0.16672700070834912,0.625
CRI,Costa Rica,2024.0,0.3210331965654389,2024.0,-0.7658639489786866,2024.0,68.2829497651369,74.5207849178286,-6.2378351526917015,2023.0,85.8248,84.9168,0.9080000000000013,2021.0,93.99869186,2022.0,21.64683,10.30754,11.339290000000002,1.6162520072692768,-0.7168637980315076,-0.1362263720604966,0.6355562250836282,4,0.3496795155652252,0.8745785472434305,-0.08760975805649,A: all 4 core domains,True,True,-0.0363947134010432,Converging,0.0,"Education-led, work lagging",10.21555903482369,2024.0,0.2868975,2024.0,20.6892327602033,2024,1.318,2024,-0.6859843315453346,-0.07987961743335203,0.3125
QAT,Qatar,2024.0,0.0131147213055541,2024.0,-0.9832733251093372,2011.0,61.5695319524117,68.5700117626632,-7.000479810251498,2020.0,99.3193,100.0,-0.6807000000000016,,,,,,,-0.1511259560644103,-1.2689947628439733,-0.246815055582491,0.1445246758007617,4,-0.3806027746725282,0.5328128020106143,-0.6470091756778353,A: all 4 core domains,False,False,-0.0247710146655268,Converging,4.0,"Connected, but work lagging",11.620112564610382,2024.0,1.1342702,2024.0,0.678010827160605,2024,1.717,2024,-0.6355736288632275,-0.34769969624610964,0.17613636363636365
CUB,Cuba,2024.0,0.0540169444515583,2024.0,-0.6708581854062652,,,,,2019.0,75.1128,60.7326,14.380199999999997,,,2016.0,21.0,12.47024,8.52976,0.0836429637887814,-0.4755879853799722,,4.799511180864215,3,1.4691887197576747,2.365934710967329,0.2862213642740101,B: 3 of 4 core domains,False,True,0.0258730697807966,Widening,,Insufficient comparable data,,,-0.2695183,2024.0,22.8335070771725,2024,1.445,2024,-0.5933737346466255,-0.07748445075963972,0.3181818181818182
VEN,"Venezuela, RB",2024.0,0.2973519922919999,2024.0,-0.879206198800818,2024.0,87.7033336249902,86.9300365024269,0.7732971225632923,2012.0,50.6182,47.4759,3.1422999999999988,2021.0,99.03793218,,,,,1.4803275923969474,-1.0047067920277832,0.880435687567479,1.326128259176097,4,0.670546186778185,0.9919752925445382,0.1745585405059159,A: all 4 core domains,True,False,0.0418998719366569,Widening,0.0,"Education-led, work lagging",,,-1.46624969999999,2024.0,10.714140116799,2024,2.077,2024,-1.0411363662365958,0.16193016743577782,0.6193181818181818
PRY,Paraguay,2024.0,0.1152027936449087,2024.0,-0.8225901656182862,2024.0,60.1097092799532,61.7674730808885,-1.6577638009352995,2024.0,82.1252,81.0022,1.1230000000000049,2021.0,99.43507761,,,,,0.4348350169480349,-0.8609252055053113,0.5279152517046032,0.7020079045044236,4,0.2009582419129376,0.6205333295715532,-0.1093084228728389,A: all 4 core domains,True,False,-0.0191009175046313,Sticky,4.0,"Connected, but work lagging",9.70305257475221,2024.0,-0.3545101,2024.0,30.1377414113039,2024,2.416,2024,-0.6433764213404627,-0.17921374427782355,0.23863636363636365
CYP,Cyprus,2024.0,0.0091946152948976,2024.0,-0.3158979266342964,2024.0,98.030865941963,94.2661652599799,3.7647006819831006,2024.0,90.8158,88.3126,2.5031999999999925,2021.0,87.26324463,,,,,-0.1736264213947829,0.4258660072393437,1.3142096322742332,1.12859677862805,4,0.6737614991867109,0.5908822652345873,0.3783203665694172,A: all 4 core domains,True,False,-0.0066148247876491,Sticky,1.0,"Near-parity, broad inclusion",10.87543691963043,2024.0,0.8696373,2024.0,33.3175740807517,2024,1.38,2024,-0.3626894192451779,0.0467914926108815,0.4090909090909091
PRT,Portugal,2023.0,0.0492408741340431,2024.0,-0.231574894844362,2024.0,88.166050754656,94.7574332041775,-6.591382449521504,2024.0,88.5941,88.3722,0.2218999999999908,2021.0,96.36310724,,,,,0.0562294692805868,0.6400120469672272,-0.1874931445102886,0.4234980983366154,4,0.2330616175185352,0.3201603589493936,0.0729814380438384,A: all 4 core domains,True,False,-0.0077411021997569,Sticky,1.0,"Near-parity, broad inclusion",10.650842529753197,2024.0,0.9474847,2024.0,38.6718092658668,2024,1.41,2024,-0.5728580377266318,0.3412831428822698,0.8579545454545454
KEN,Kenya,2023.0,0.0034617027969671,2024.0,-0.5425246792716837,2024.0,86.5155344015748,93.8895090496553,-7.373974648080505,2024.0,32.1852,37.8239,-5.6387,2021.0,88.8577921,,,,,-0.2065319598039706,-0.1496733269557099,-0.3009743577008988,-1.3878819594006273,4,-0.5112654009653017,0.5089917021791245,-0.765761252054864,A: all 4 core domains,True,False,0.0113608833037955,Sticky,3.0,"Work parity, access gaps",8.672759781515058,2024.0,-0.2978904,2024.0,68.1062168278401,2024,3.167,2024,-0.7281023122072233,0.18557763293553964,0.6534090909090909
CZE,Czechia,2023.0,0.0394443887162367,2024.0,-0.3896217820691184,2024.0,89.6799815747657,94.9873961522011,-5.307414577435395,2024.0,87.3604,88.0524,-0.6920000000000073,2021.0,99.90886079,,,,,0.0,0.2386375437968954,-0.0013090347141663,0.1410320991614345,4,0.0945901520610408,0.1013045611108594,0.0439378715056111,A: all 4 core domains,True,False,-0.0134710015332001,Sticky,1.0,"Near-parity, broad inclusion",10.778383870212473,2024.0,1.1773279,2024.0,27.2052015407815,2024,1.36,2024,-0.5387674374670192,0.14914565539790076,0.5852272727272727
DEU,Germany,2024.0,-0.180948251283983,2024.0,-0.2796934184253991,2024.0,98.873065264332,97.6782654275893,1.1947998367427033,2024.0,92.9785,94.0199,-1.04140000000001,2021.0,95.94574003,,,,,-1.265000727509346,0.5178106620822273,0.941556459607233,0.0330403931631751,4,0.0568516968358223,0.828107253748155,-0.3572019300382551,A: all 4 core domains,True,False,0.0020589710367259,Sticky,1.0,"Near-parity, broad inclusion",11.045392417546726,2024.0,1.5462994,2024.0,17.9788567420875,2024,1.36,2024,-0.3500495020505092,0.07035608362511014,0.45454545454545453
PRI,Puerto Rico (US),2024.0,0.1183023391970647,2024.0,-0.2073243443536184,2014.0,66.0932528622377,73.7037716208942,-7.610518758656497,2022.0,87.6573,86.8838,0.7735000000000127,,,,,,,0.4526256626720563,0.7015985345327008,-0.3352748691175528,0.5939852907482975,4,0.3532336547088754,0.407198415511077,0.1496344469533369,A: all 4 core domains,False,False,0.0232089899868862,Widening,1.0,"Near-parity, broad inclusion",10.69685179391544,2024.0,-0.2552121,2024.0,5.7460494800564,2024,0.92,2024,-0.8199581511334297,0.6126338067798114,0.9545454545454546
POL,Poland,2024.0,-0.0388013338902283,2024.0,-0.3581929943998965,2024.0,86.3296733689659,85.9243017950635,0.4053715739024,2024.0,88.4958,88.6795,-0.1837000000000017,2021.0,98.84940103,,,,,-0.4491116219741913,0.3184538202037858,0.8270839704116746,0.2981362324153422,4,0.2486406002641528,0.4551863902256294,0.0210474051513381,A: all 4 core domains,True,False,-0.0151045600421729,Sticky,1.0,"Near-parity, broad inclusion",10.717812975782484,2024.0,0.6734027,2024.0,40.0294531304899,2024,1.14,2024,-0.45083078997006876,0.09263779557017227,0.48863636363636365
PNG,Papua New Guinea,2023.0,-0.1408311510173985,2024.0,-0.1751846064486065,,,,,,,,,,,,,,,-1.0347382240848024,0.783220333988351,,,2,-0.1257589450482257,0.9089792790365768,-0.5802485845665141,C: fewer than 3 core domains,False,False,0.0063957383936895,Sticky,,Insufficient comparable data,8.364673992669696,2024.0,-0.900446699999999,2024.0,84.5938183596667,2024,3.072,2024,-0.46591959063128674,0.29073498418268023,0.8068181818181818
ARG,Argentina,2023.0,0.1935903909490464,2024.0,-0.5715227126407906,2024.0,84.2497432521024,78.939553062565,5.310190189537408,2024.0,89.1403,90.222,-1.081699999999998,2021.0,98.20745158,2010.0,17.5,6.59722,10.90278,0.8847609655520581,-0.2233164808375716,1.5383161651703685,0.0205845667415137,4,0.5550863041565921,0.7012541167333338,0.2044592457899252,A: all 4 core domains,True,True,-0.0116247746961823,Sticky,1.0,"Near-parity, broad inclusion",10.195110565460457,2024.0,0.1837479,2024.0,7.7257684027048,2024,1.504,2024,-0.5472970777563891,-0.024225634884401437,0.36363636363636365
DNK,Denmark,2024.0,-0.0461176139292618,2024.0,-0.230912661515173,2024.0,98.1098068895589,99.1898637549239,-1.080056865365009,2024.0,99.8625,99.6764,0.1860999999999961,2021.0,98.38032467,2009.0,15.625,11.25,4.375,-0.4911053091137902,0.6416938489827776,0.6116867025801177,0.412433121019108,4,0.2936770908670533,0.4615821127081401,0.0628860345129832,A: all 4 core domains,True,True,-0.0040366828577456,Sticky,1.0,"Near-parity, broad inclusion",11.170922065164149,2024.0,1.9128986,2024.0,11.3039447311595,2024,1.47,2024,-0.36672074848008107,0.13580808696490806,0.5738636363636364
PHL,Philippines,2024.0,0.0497516870606746,2024.0,-0.7476671863959719,2024.0,57.1016109576105,43.0424000013443,14.0592109562662,2024.0,69.9401,64.6093,5.330799999999996,,,,,,,0.0591614125787359,-0.6706514576988625,2.8069839242745025,2.002544540164043,4,1.0495096048296046,1.408610591541347,0.3452043090589312,A: all 4 core domains,False,False,-0.0211057992296028,Converging,1.0,"Near-parity, broad inclusion",9.247460011183415,2024.0,0.1445214,2024.0,44.5479016784523,2024,1.894,2024,-0.12106132001448344,-0.6266058663814884,0.10795454545454546
DOM,Dominican Republic,2024.0,0.2605232997112619,2024.0,-0.7654957090917103,2024.0,61.4376464055556,68.2420115558674,-6.80436515031181,2024.0,91.2981,90.6907,0.6073999999999984,2021.0,90.85925283,2021.0,14.49101,5.90428,8.58673,1.268939757903903,-0.7159286192103491,-0.2183770906048195,0.5426475049259957,4,0.2193203882536825,0.75374250153519,-0.1575508625139124,A: all 4 core domains,True,True,-0.0129582588705526,Sticky,0.0,"Education-led, work lagging",10.095342252813438,2024.0,0.0746487,2024.0,27.5878125247849,2024,2.222,2024,-0.7077821528867766,-0.05771355620493368,0.32954545454545453
VCT,St. Vincent and the Grenadines,2024.0,0.0896003090162496,2024.0,-0.28918830340894,,,,,,,,,,,,,,,0.2878829150935069,0.4936975345803322,,,2,0.3907902248369196,0.1029073097434126,0.3393365699652133,C: fewer than 3 core domains,False,False,-0.0077422085878469,Sticky,,Insufficient comparable data,9.837037811479576,2024.0,0.2682296,2024.0,52.1512949543251,2024,1.761,2024,-0.3609881346414921,0.07179983123255212,0.4602272727272727
ZWE,Zimbabwe,2013.0,-0.1497194734887049,2024.0,-0.5083530284140707,2024.0,46.9940182067327,52.4013370486159,-5.407318841883203,2020.0,29.6914,28.8779,0.8135000000000012,2021.0,86.92933259,,,,,-1.0857550565549297,-0.062891298999793,-0.0157958353152051,0.6063483938963488,4,-0.1395234492433947,0.6068072325630625,-0.4429270655249259,A: all 4 core domains,True,False,0.0132775095531494,Sticky,1.0,"Near-parity, broad inclusion",8.558699282617862,2024.0,-0.9876299,2024.0,60.1066283179304,2024,3.674,2024,-0.7747236750353192,0.26637064662124854,0.7613636363636364
