series,iso3,country,region,kappa_median,kappa_lo95,kappa_hi95,p_kappa_pos,half_life,gap_latest,year_latest,p_halve_2030,p_halve_2050,p_wider_2030
infra_gap,AFG,Afghanistan,"Middle East, North Africa, Afghanistan & Pakistan",0.02987781446456283,-0.009523364440274991,0.06942440070561083,0.936,23.19939369668642,19.9530151403068,2024,0.239,0.484,0.418
infra_gap,AGO,Angola,Sub-Saharan Africa ,0.0033446477298757797,-0.01149563688544536,0.01831928773597047,0.672,,50.70406619960431,2022,0.002,0.08,0.451
infra_gap,ALB,Albania,Europe & Central Asia,0.03421401238606904,0.0028191310680304787,0.06276443061239992,0.987,20.25916085896359,0.5335493097945042,2024,,,0.374
infra_gap,ARG,Argentina,Latin America & Caribbean ,0.04653425514246012,0.028245557638938542,0.06631777795254172,1.0,14.895417976240132,7.5017408624979005,2016,0.645,0.748,0.146
infra_gap,ARM,Armenia,Europe & Central Asia,0.046463150218186054,0.024899434649907883,0.06696374910743198,1.0,14.918213192712917,5.818568296709766,2024,0.363,0.678,0.189
infra_gap,AZE,Azerbaijan,Europe & Central Asia,0.0754688048810005,0.06971008633879412,0.08193185908319273,1.0,9.184552235230205,2.2377800410263355,2024,0.58,0.686,0.243
infra_gap,BDI,Burundi,Sub-Saharan Africa ,-0.0004524206064234499,-0.03514546148493992,0.033909408353046955,0.491,,31.042102992267004,2024,0.031,0.217,0.517
infra_gap,BEN,Benin,Sub-Saharan Africa ,0.009001983347258885,-0.014074555187756126,0.03166585186369838,0.768,,19.982860679159295,2024,0.041,0.301,0.435
infra_gap,BFA,Burkina Faso,Sub-Saharan Africa ,-0.012947109533797293,-0.031222478371796536,0.006346372833958665,0.095,,49.04523996033516,2024,0.0,0.018,0.761
infra_gap,BGD,Bangladesh,South Asia,0.05161455012155669,0.018747778330361373,0.08913848625244816,0.997,13.42929811317786,-0.044691021815898,2024,,,0.472
infra_gap,BGR,Bulgaria,Europe & Central Asia,0.01731437427140573,0.0007605574258674188,0.033432119062920915,0.982,40.03304824619975,1.7485119094061663,2024,,,0.35
infra_gap,BIH,Bosnia and Herzegovina,Europe & Central Asia,-0.006987596138302296,-0.020721011149159137,0.008936063206276488,0.19,,14.5309192228741,2023,0.025,0.332,0.448
infra_gap,BLR,Belarus,Europe & Central Asia,0.05410554829103159,0.03249470197614316,0.07390566725244346,1.0,12.81101850833364,0.3598793991858002,2024,,,0.359
infra_gap,BLZ,Belize,Latin America & Caribbean ,0.033487667959674144,0.012119187027695823,0.053788193249078686,0.998,20.698580187627076,8.283710127135231,2024,0.237,0.572,0.31
infra_gap,BOL,Bolivia,Latin America & Caribbean ,0.03612969108561207,0.026168860034610077,0.04582705903746503,1.0,19.184973901865916,19.05736553351333,2024,0.054,0.68,0.079
infra_gap,BRA,Brazil,Latin America & Caribbean ,0.04008499812483407,0.03181989212113314,0.0484840527503972,1.0,17.291934962833793,9.863197833420267,2024,0.22,0.722,0.122
infra_gap,BTN,Bhutan,South Asia,0.06919682963314283,0.04477134478980989,0.09114926464397351,1.0,10.017036679783843,-1.6016809617227967,2024,,,0.447
infra_gap,BWA,Botswana,Sub-Saharan Africa ,0.009176718528774584,-0.013030684169805393,0.03141699327801897,0.792,,29.72193612650153,2024,0.038,0.333,0.389
infra_gap,CAF,Central African Republic,Sub-Saharan Africa ,0.0054035479970880405,-0.02015708939426032,0.03153765519412484,0.657,,25.43402884841609,2024,0.011,0.211,0.46
infra_gap,CHL,Chile,Latin America & Caribbean ,0.043665509140144776,0.018794298921173493,0.06855649983582264,1.0,15.874020347164263,5.171366138153199,2024,0.467,0.711,0.269
infra_gap,CHN,China,East Asia & Pacific,0.03516400992502264,0.01845248485000067,0.049803778134746485,1.0,19.71183553974324,2.2171534216351367,2024,0.532,0.648,0.347
infra_gap,CIV,Cote d'Ivoire,Sub-Saharan Africa ,0.008166981178113182,-0.008517852707800026,0.02546548632801175,0.846,,33.801204498194295,2024,0.004,0.207,0.381
infra_gap,CMR,Cameroon,Sub-Saharan Africa ,0.007072533810913623,-0.013530096159033425,0.025310895588358976,0.762,,38.41900391237687,2024,0.009,0.21,0.421
infra_gap,COD,"Congo, Dem. Rep.",Sub-Saharan Africa ,-0.012737566583895079,-0.03681369236646508,0.012146262328441411,0.158,,36.687873967126734,2024,0.002,0.033,0.716
infra_gap,COG,"Congo, Rep.",Sub-Saharan Africa ,-0.010752929126733736,-0.013837588558766831,-0.00736436607058969,0.0,,41.43346187480144,2021,0.0,0.009,0.846
infra_gap,COL,Colombia,Latin America & Caribbean ,0.03304834381544447,0.014511261764711523,0.05113431188006574,0.998,20.973734249158262,10.801704257683866,2024,0.274,0.643,0.268
infra_gap,COM,Comoros,Sub-Saharan Africa ,0.02466914217802637,0.0008918011006841119,0.04641144320604807,0.979,28.097741524930473,5.907187601675965,2024,0.235,0.472,0.401
infra_gap,CPV,Cabo Verde,Sub-Saharan Africa ,0.028672167950078882,0.009602522989492235,0.047636506966803355,0.995,24.17491351776343,6.43286216002033,2024,0.396,0.643,0.312
infra_gap,CRI,Costa Rica,Latin America & Caribbean ,0.043796960444202906,0.02793844159313319,0.0622440729509586,1.0,15.826376386165224,0.4981947503297685,2024,,,0.352
infra_gap,DJI,Djibouti,"Middle East, North Africa, Afghanistan & Pakistan",-0.0006219905643685814,-0.02296109091061093,0.027673609249112035,0.475,,32.373818181053025,2023,0.004,0.178,0.452
infra_gap,DOM,Dominican Republic,Latin America & Caribbean ,0.03894957570094647,0.020772268756704015,0.05630463475024986,1.0,17.796013642918886,4.938252511333862,2024,0.399,0.621,0.279
infra_gap,DZA,Algeria,"Middle East, North Africa, Afghanistan & Pakistan",0.023157030888846054,0.006216112906697232,0.0412191644562146,0.995,29.932472081030493,6.029659574143466,2024,0.242,0.551,0.319
infra_gap,ECU,Ecuador,Latin America & Caribbean ,0.034389521284606414,0.023132057976894535,0.04450821714999049,1.0,20.155767067051755,9.481602920677298,2024,0.19,0.652,0.16
infra_gap,EGY,"Egypt, Arab Rep.","Middle East, North Africa, Afghanistan & Pakistan",0.10945811067526595,0.06355599014162705,0.15225642656622815,1.0,6.332533754545925,2.473884819238672,2024,0.563,0.668,0.242
infra_gap,EST,Estonia,Europe & Central Asia,0.005415642556117952,-0.03539179752296187,0.04331300762040324,0.6,,-0.0872177804032361,2024,,,0.353
infra_gap,ETH,Ethiopia,Sub-Saharan Africa ,0.010359138919142077,-0.016815102805724572,0.036710388255483485,0.778,,34.92437634209739,2024,0.067,0.318,0.415
infra_gap,FJI,Fiji,East Asia & Pacific,0.03293364956450409,0.005301447648445659,0.061977190067651906,0.986,21.046777072256813,4.4526469260790025,2024,0.407,0.573,0.405
infra_gap,GAB,Gabon,Sub-Saharan Africa ,0.009405814859317681,-0.013681159869562077,0.029535523334877262,0.802,,42.2922284982155,2024,0.025,0.304,0.402
infra_gap,GEO,Georgia,Europe & Central Asia,0.033054492338709746,0.022736958729705915,0.0424258862531017,1.0,20.96983288859071,7.968597860705533,2024,0.244,0.632,0.232
infra_gap,GHA,Ghana,Sub-Saharan Africa ,0.0128625876234955,-0.014842998029447035,0.04336726701027752,0.819,,17.469439401461766,2024,0.197,0.439,0.386
infra_gap,GIN,Guinea,Sub-Saharan Africa ,-0.006444794473190963,-0.03407592301832245,0.022865017060348165,0.326,,40.28515915401863,2024,0.004,0.109,0.56
infra_gap,GMB,"Gambia, The",Sub-Saharan Africa ,-0.0009755095153980298,-0.0329653345098442,0.030954409733335783,0.486,,32.27979215700393,2024,0.041,0.249,0.507
infra_gap,GNB,Guinea-Bissau,Sub-Saharan Africa ,-0.006390361117388116,-0.032152912049604444,0.01891978945964708,0.316,,28.828463926241167,2024,0.003,0.162,0.567
infra_gap,GNQ,Equatorial Guinea,Sub-Saharan Africa ,-0.013141422830960647,-0.019710689608531052,-0.006596291627663522,0.0,,43.88747409063257,2017,0.0,0.006,0.89
infra_gap,GTM,Guatemala,Latin America & Caribbean ,0.032211503472592315,0.01835059699214588,0.04563348488276794,1.0,21.518622412323005,15.7879253925866,2024,0.099,0.637,0.154
infra_gap,GUY,Guyana,Latin America & Caribbean ,0.04481021824969908,0.018542793028360694,0.07125103754979065,1.0,15.468507131509007,3.966765511640034,2024,0.35,0.532,0.389
infra_gap,HND,Honduras,Latin America & Caribbean ,0.03603358680594154,0.014365783143642754,0.05686329238303963,0.999,19.236141666742235,8.792702596851532,2024,0.321,0.571,0.38
infra_gap,HRV,Croatia,Europe & Central Asia,0.018975407268341522,-0.03817539836774588,0.07113558782832087,0.772,,0.0288373620680317,2023,,,0.419
infra_gap,HTI,Haiti,Latin America & Caribbean ,0.03864832562056383,0.011136349343319614,0.06727980489510352,0.996,17.934727298797615,36.551715713640895,2024,0.256,0.601,0.297
infra_gap,HUN,Hungary,Europe & Central Asia,0.005616710271384141,-0.034664474917413764,0.04026540460625407,0.622,,-0.2715849816274366,2024,,,0.399
infra_gap,IDN,Indonesia,East Asia & Pacific,0.027309518858482998,0.006998178873735341,0.0466811779313314,0.998,25.381156810261306,6.49368903990927,2024,0.329,0.582,0.325
infra_gap,IND,India,South Asia,0.041917345600716346,0.017068889749318458,0.06406050004723146,1.0,16.536046608545263,2.880437808469504,2024,0.486,0.596,0.388
infra_gap,IRL,Ireland,Europe & Central Asia,0.017386253863754184,-0.025942115137754577,0.05848170148050511,0.784,,-2.261351550306699,2024,,,0.422
infra_gap,IRN,"Iran, Islamic Rep.","Middle East, North Africa, Afghanistan & Pakistan",0.03704924813088244,0.02745041415597353,0.04740104118924414,1.0,18.708805590636853,4.8131907110757295,2024,0.4,0.681,0.214
infra_gap,IRQ,Iraq,"Middle East, North Africa, Afghanistan & Pakistan",0.08000383895590064,0.06180168742452444,0.09620913857154734,1.0,8.663924001722203,2.0578310417367667,2024,0.533,0.629,0.3
infra_gap,JAM,Jamaica,Latin America & Caribbean ,0.049435165633092096,0.03160759445462663,0.06799373445694064,1.0,14.021338285877004,1.8364025665757235,2024,,,0.303
infra_gap,JOR,Jordan,"Middle East, North Africa, Afghanistan & Pakistan",0.06597001291809776,0.008095223435068008,0.13226495424409737,0.987,10.507003862807977,1.1604791139427657,2024,,,0.31
infra_gap,KAZ,Kazakhstan,Europe & Central Asia,0.06152118929052908,0.03915095719133002,0.0831185608316665,1.0,11.266803983365977,-0.5292574205613695,2024,,,0.506
infra_gap,KEN,Kenya,Sub-Saharan Africa ,0.010198158291155782,-0.010461404961175421,0.030496180724552208,0.821,,20.86740629953493,2024,0.022,0.306,0.402
infra_gap,KGZ,Kyrgyz Republic,Europe & Central Asia,0.04505393996359065,0.01529316139488607,0.06975644082788628,0.999,15.38482940937234,1.4289471810442318,2024,,,0.416
infra_gap,KHM,Cambodia,East Asia & Pacific,0.02812172768077877,0.0011575442472668163,0.051231793964125305,0.981,24.648100871615796,9.92426901101507,2024,0.361,0.546,0.383
infra_gap,KIR,Kiribati,East Asia & Pacific,0.030682120148225706,0.0005771335551000226,0.05745004712802119,0.979,22.591241322677266,19.926902273469832,2023,0.192,0.601,0.245
infra_gap,LAO,Lao PDR,East Asia & Pacific,0.04090724965747412,0.02039877010661578,0.057192122246016656,1.0,16.944360385110883,9.556504040698297,2024,0.273,0.627,0.266
infra_gap,LBR,Liberia,Sub-Saharan Africa ,-0.00932328889911597,-0.03856943486133468,0.017001717732001695,0.236,,28.85287898116917,2024,0.002,0.128,0.6
infra_gap,LCA,St. Lucia,Latin America & Caribbean ,0.04846870187460724,0.02140529227639502,0.08257714634833592,1.0,14.300923147336967,2.350312683932496,2023,0.529,0.614,0.328
infra_gap,LKA,Sri Lanka,South Asia,0.0475142829416439,0.007295106454424555,0.08765334210991574,0.994,14.588185649592038,3.6801948849754353,2024,0.449,0.591,0.408
infra_gap,LSO,Lesotho,Sub-Saharan Africa ,0.005044217517368189,-0.018806205635203972,0.02820594831424826,0.686,,21.250557917240094,2024,0.073,0.358,0.439
infra_gap,LTU,Lithuania,Europe & Central Asia,0.04101264405403636,0.028602829456481908,0.05272920282587205,1.0,16.90081672487847,1.7026570531413323,2024,,,0.322
infra_gap,LVA,Latvia,Europe & Central Asia,-0.0009797473821945599,-0.021683656009300358,0.02184618486635625,0.463,,3.795825151708333,2024,0.367,0.58,0.362
infra_gap,MAR,Morocco,"Middle East, North Africa, Afghanistan & Pakistan",0.050864382942858166,0.022612465066496886,0.08089621303899823,1.0,13.627358486559004,14.210416264017796,2024,0.312,0.723,0.208
infra_gap,MDA,Moldova,Europe & Central Asia,0.06753357673962773,0.058734820136245196,0.07615610181563578,1.0,10.263741593790286,5.4553326585149335,2024,0.46,0.728,0.15
infra_gap,MDG,Madagascar,Sub-Saharan Africa ,0.003319785998793145,-0.030566308552203544,0.03714063351007541,0.588,,33.3265417451473,2024,0.087,0.305,0.452
infra_gap,MDV,Maldives,South Asia,0.08068578098066427,0.05663791958206103,0.10419531095224428,1.0,8.590698040414987,-0.0969493731715308,2024,,,0.418
infra_gap,MEX,Mexico,Latin America & Caribbean ,0.04254587888560017,0.01989519816960677,0.06221092569209709,1.0,16.291758419745417,2.6033238173406,2024,0.505,0.63,0.377
infra_gap,MHL,Marshall Islands,East Asia & Pacific,0.029865663302027914,-0.0024531416045619455,0.06259720080186627,0.963,23.208832616581457,2.468024950202571,2024,0.503,0.561,0.444
infra_gap,MKD,North Macedonia,Europe & Central Asia,0.025065643541564785,-0.01328565822436576,0.06609250744013324,0.895,,0.7569384104944987,2024,,,0.42
infra_gap,MLI,Mali,Sub-Saharan Africa ,0.008192517262198148,-0.023261157742348628,0.04274934315732148,0.69,,29.96913891191093,2024,0.177,0.352,0.49
infra_gap,MMR,Myanmar,East Asia & Pacific,0.011913213314170064,-0.006108036564388407,0.02974194368754084,0.899,,14.769765352737869,2024,0.107,0.462,0.35
infra_gap,MNE,Montenegro,Europe & Central Asia,0.03342462960768028,-0.010868863730130355,0.0759627592531158,0.937,20.737617400573217,1.8126551062030007,2024,,,0.391
infra_gap,MNG,Mongolia,East Asia & Pacific,0.028664322149304176,0.004084373616690509,0.04976357808022079,0.991,24.18153050853747,21.4837383119237,2024,0.188,0.569,0.284
infra_gap,MOZ,Mozambique,Sub-Saharan Africa ,-0.014173795872833368,-0.03190805009588173,0.0057425851853267285,0.076,,48.64337872664,2024,0.001,0.014,0.765
infra_gap,MRT,Mauritania,Sub-Saharan Africa ,-0.0024347580557745334,-0.018461883594106308,0.013193476252664328,0.376,,47.46975468939774,2023,0.0,0.065,0.543
infra_gap,MUS,Mauritius,Sub-Saharan Africa ,0.0400843538603783,0.011457976932820505,0.06694338929462973,0.997,17.292212891202226,0.480461663294534,2024,,,0.394
infra_gap,MWI,Malawi,Sub-Saharan Africa ,0.00811088113053915,-0.01789933515702447,0.03586698400014154,0.745,,22.5065219427435,2024,0.044,0.327,0.424
infra_gap,MYS,Malaysia,East Asia & Pacific,0.027344423997038105,-0.007799899150356176,0.06441367593257567,0.951,25.348757780929144,1.2138763506838046,2024,,,0.362
infra_gap,NAM,Namibia,Sub-Saharan Africa ,0.017597429257506424,0.0029905966975029515,0.03265366558596147,0.991,39.389115899657554,27.959543008609497,2024,0.016,0.408,0.273
infra_gap,NER,Niger,Sub-Saharan Africa ,-0.007571985392176509,-0.025878386927128304,0.01172480365583848,0.202,,47.85616050392225,2024,0.0,0.032,0.689
infra_gap,NGA,Nigeria,Sub-Saharan Africa ,-0.008845744490149712,-0.02698810617044955,0.012017694943493085,0.192,,38.49127674308887,2024,0.0,0.041,0.669
infra_gap,NPL,Nepal,South Asia,0.04537003164344829,0.011358179951673718,0.07602123429535527,0.996,15.277643754080122,-0.1431375542535704,2024,,,0.441
infra_gap,OMN,Oman,"Middle East, North Africa, Afghanistan & Pakistan",0.02686453921097829,0.0033050968590833335,0.05186398282501706,0.987,25.801565964574156,6.158121002620703,2024,0.276,0.568,0.314
infra_gap,PAK,Pakistan,"Middle East, North Africa, Afghanistan & Pakistan",0.024036452305583343,0.017724808273298517,0.03017010038694494,1.0,28.83733305346965,8.671370345796864,2024,0.108,0.475,0.348
infra_gap,PAN,Panama,Latin America & Caribbean ,0.03618920535589562,0.012123232646997734,0.06002330998390132,1.0,19.153423617438563,14.255769467154105,2024,0.223,0.619,0.257
infra_gap,PER,Peru,Latin America & Caribbean ,0.03401817202633413,0.024610758354193973,0.043943725113111086,1.0,20.375791504122166,16.606286372780165,2024,0.098,0.714,0.117
infra_gap,PHL,Philippines,East Asia & Pacific,0.033048750352893244,0.005887246950355248,0.05890534065872454,0.99,20.973476248225644,5.101894704373199,2024,0.425,0.597,0.363
infra_gap,PLW,Palau,East Asia & Pacific,0.027673728200098318,0.009427576733012285,0.045343580489603144,0.999,25.047119620025853,0.4161909528953676,2024,,,0.347
infra_gap,PNG,Papua New Guinea,East Asia & Pacific,0.02020533010029958,0.009858408473302308,0.030692597237767,1.0,34.305164880709775,30.952913803261,2024,0.001,0.386,0.222
infra_gap,POL,Poland,Europe & Central Asia,0.010380802493326128,-0.028608364942170096,0.04625023814470209,0.729,,4.480140829530531,2024,0.335,0.591,0.336
infra_gap,PRY,Paraguay,Latin America & Caribbean ,0.04508444052159294,0.023016091900493734,0.06911643605851968,1.0,15.374421253557895,0.1894864297537708,2024,,,0.463
infra_gap,PSE,West Bank and Gaza,"Middle East, North Africa, Afghanistan & Pakistan",0.0611868962111185,0.011830052713050643,0.11318905646927249,0.991,11.328359885559792,-0.2463397188590666,2024,,,0.396
infra_gap,ROU,Romania,Europe & Central Asia,0.01646357001521266,-0.004152835797756702,0.036754830791862196,0.954,42.10187583370215,5.7415415022945,2024,0.282,0.557,0.314
infra_gap,RUS,Russian Federation,Europe & Central Asia,-0.01985044664748357,-0.0686580888108904,0.022807876540648427,0.187,,12.528844684806904,2024,0.05,0.3,0.541
infra_gap,RWA,Rwanda,Sub-Saharan Africa ,0.012375919088899782,-0.02134107378110272,0.045396135890961746,0.758,,8.228688565020933,2024,0.336,0.445,0.478
infra_gap,SDN,Sudan,Sub-Saharan Africa ,0.008304029027944401,-0.008742126337312457,0.02615958280183245,0.835,,24.114970049732733,2024,0.004,0.24,0.444
infra_gap,SEN,Senegal,Sub-Saharan Africa ,0.022563152677839836,0.0005462794012093577,0.04201616518665465,0.976,30.720316015089175,20.13465839154944,2024,0.144,0.502,0.335
infra_gap,SLB,Solomon Islands,East Asia & Pacific,0.01936081188908114,-0.003572810118756989,0.0417230700677079,0.949,35.801555458056875,27.52936499249627,2024,0.046,0.393,0.337
infra_gap,SLE,Sierra Leone,Sub-Saharan Africa ,0.004216889401717904,-0.02748627976286507,0.034584095004746386,0.616,,25.861680419624765,2024,0.063,0.305,0.456
infra_gap,SLV,El Salvador,Latin America & Caribbean ,0.03493228896973133,0.02257567858993894,0.04735837527735856,1.0,19.84259265576768,10.653960885357131,2024,0.223,0.704,0.154
infra_gap,SOM,"Somalia, Fed. Rep.",Sub-Saharan Africa ,0.014120473940670838,-0.0044598100193606015,0.033630105213395434,0.924,49.08809601379535,27.885933300953702,2024,0.006,0.262,0.389
infra_gap,SRB,Serbia,Europe & Central Asia,0.03022137712997297,-0.006136284540088668,0.06807566334458497,0.951,22.935658344718362,1.476353785943464,2024,,,0.393
infra_gap,STP,Sao Tome and Principe,Sub-Saharan Africa ,0.014046991704129172,-0.016510528680080776,0.04612211637028382,0.8,,7.057124796054301,2024,0.32,0.518,0.434
infra_gap,SUR,Suriname,Latin America & Caribbean ,0.04491873610142195,0.026663609615563508,0.06228795703329043,1.0,15.431137220666434,5.50457956518233,2024,0.377,0.665,0.255
infra_gap,SWZ,Eswatini,Sub-Saharan Africa ,0.02052423471851838,-0.009734804719102066,0.049622268543541084,0.911,33.77213280135313,1.6467578325223329,2024,,,0.455
infra_gap,SYR,Syrian Arab Republic,"Middle East, North Africa, Afghanistan & Pakistan",0.033915042580297275,-0.020248422472611372,0.0909367106760607,0.889,,14.6145054980999,2024,0.213,0.581,0.283
infra_gap,TCD,Chad,Sub-Saharan Africa ,0.01134156086296409,-0.02334662082726781,0.045038893966214896,0.739,,6.6688721105140685,2024,0.4,0.439,0.532
infra_gap,TGO,Togo,Sub-Saharan Africa ,-0.0032755954035749196,-0.018016789785888443,0.012134352090351089,0.361,,34.10519140289514,2024,0.0,0.095,0.533
infra_gap,THA,Thailand,East Asia & Pacific,0.050163220775700595,0.021646133387013794,0.08288520878920624,1.0,13.817836451516497,0.2681565941137999,2024,,,0.401
infra_gap,TJK,Tajikistan,Europe & Central Asia,0.05501061494160447,0.045311393614341854,0.06419496478113111,1.0,12.600244176432916,4.832800639952374,2023,0.403,0.618,0.268
infra_gap,TKM,Turkmenistan,Europe & Central Asia,0.06802063097611956,0.021681162201178963,0.10668252203993006,0.998,10.190249202529346,-0.1674262751027034,2024,,,0.512
infra_gap,TLS,Timor-Leste,East Asia & Pacific,0.03605514830234166,0.017954557126586747,0.05417925396156827,1.0,19.22463817781406,11.3303932093983,2024,0.232,0.599,0.242
infra_gap,TON,Tonga,East Asia & Pacific,0.05075887733675988,0.0361977362736079,0.0650306374039813,1.0,13.655683831643062,1.5142324606445356,2024,,,0.412
infra_gap,TUN,Tunisia,"Middle East, North Africa, Afghanistan & Pakistan",0.061150037413910244,0.04957558040959893,0.07278734261917628,1.0,11.33518816788606,1.4059726130129633,2024,,,0.294
infra_gap,TUR,Turkiye,Europe & Central Asia,0.0389154574719836,0.013658529533690606,0.06682888479114846,0.996,17.81161588705369,1.5103925965432647,2024,,,0.353
infra_gap,TUV,Tuvalu,East Asia & Pacific,-0.0006258295118871644,-0.03633828169164899,0.03005297944346373,0.478,,-1.3328420647049957,2024,,,0.48
infra_gap,TZA,Tanzania,Sub-Saharan Africa ,-0.00808732569230701,-0.029789292667038555,0.015549732687819116,0.253,,38.80800718709063,2024,0.002,0.067,0.639
infra_gap,UGA,Uganda,Sub-Saharan Africa ,0.012406873698884612,-0.007575039458194482,0.03247496965657722,0.888,,22.93685820380033,2024,0.019,0.312,0.364
infra_gap,UKR,Ukraine,Europe & Central Asia,0.03358448224657271,0.011379181469905384,0.05450016742282088,0.998,20.63891220567144,-2.650951723618832,2024,,,0.421
infra_gap,URY,Uruguay,Latin America & Caribbean ,0.0493179182794163,0.030480183609233633,0.0683494781507001,1.0,14.054672312664147,1.5790401742877027,2024,,,0.286
infra_gap,UZB,Uzbekistan,Europe & Central Asia,0.03632576135681185,-0.0037211130364654147,0.07684741522816353,0.96,19.081421962542446,-0.2822590792106609,2024,,,0.492
infra_gap,VCT,St. Vincent and the Grenadines,Latin America & Caribbean ,0.04869140637863785,0.026074336845672938,0.07469951216804781,1.0,14.235513658608276,2.198393110897399,2018,0.561,0.606,0.327
infra_gap,VNM,Viet Nam,East Asia & Pacific,0.03693853861621693,0.018515853909552446,0.05474562384429621,1.0,18.764878268780144,1.8808387282972017,2024,,,0.367
infra_gap,VUT,Vanuatu,East Asia & Pacific,0.027489380525611878,0.0064322658332338,0.04918305145101532,0.992,25.215089147394192,16.425215849079027,2024,0.114,0.492,0.325
infra_gap,WSM,Samoa,East Asia & Pacific,0.026264578987679914,0.0017954280486310844,0.05031692757915377,0.983,26.39094960879,0.3991144648751685,2024,,,0.563
infra_gap,ZAF,South Africa,Sub-Saharan Africa ,0.03483804867868023,0.012447247740836779,0.056942414244027205,0.997,19.896268787985512,9.416378761993135,2024,0.271,0.646,0.24
infra_gap,ZMB,Zambia,Sub-Saharan Africa ,0.015337160767602024,0.00898979656110259,0.022345618663721544,1.0,45.193969800729896,30.61613773766706,2024,0.0,0.285,0.18
infra_gap,ZWE,Zimbabwe,Sub-Saharan Africa ,0.019306996277513026,0.001991972625813007,0.03571106674715951,0.983,35.90134739743323,28.79513861897913,2024,0.032,0.428,0.307
cooking_gap,AFG,Afghanistan,"Middle East, North Africa, Afghanistan & Pakistan",-0.017830761878491773,-0.031100333989841,-0.004856587359144167,0.009,,66.6,2023,0.001,0.038,0.832
cooking_gap,AGO,Angola,Sub-Saharan Africa ,0.006581343258074048,0.004979559190471487,0.008136326712274714,1.0,105.32001650416674,66.6,2023,0.0,0.189,0.383
cooking_gap,ALB,Albania,Europe & Central Asia,0.02102442508655627,0.012177294904739086,0.02982705631489028,0.998,32.968662767533516,22.700000000000003,2023,0.172,0.555,0.273
cooking_gap,ARG,Argentina,Latin America & Caribbean ,0.11246292737731717,0.10041347910711985,0.12199202277475797,1.0,6.163339304110514,1.7000000000000028,2023,,,0.421
cooking_gap,ARM,Armenia,Europe & Central Asia,0.12788548386721815,0.11820518043157775,0.13751990525099428,1.0,5.420061445594803,2.450000000000003,2023,0.59,0.614,0.329
cooking_gap,AZE,Azerbaijan,Europe & Central Asia,0.12379189741828919,0.11677378105045319,0.13029920593955302,1.0,5.599293613036896,1.9000000000000057,2023,,,0.341
cooking_gap,BEN,Benin,Sub-Saharan Africa ,-0.008936959959424253,-0.035283276669270454,0.014134924102479903,0.244,,7.700000000000001,2023,0.288,0.435,0.521
cooking_gap,BFA,Burkina Faso,Sub-Saharan Africa ,-0.05425127332181395,-0.05824538907212901,-0.050160535364427175,0.0,,43.0,2023,0.0,0.004,0.984
cooking_gap,BGD,Bangladesh,South Asia,-0.020692809848976958,-0.02537202797700259,-0.01573364873012792,0.0,,52.400000000000006,2023,0.0,0.056,0.805
cooking_gap,BIH,Bosnia and Herzegovina,Europe & Central Asia,-0.0013606345421273043,-0.003969975131294025,0.001318867337479067,0.147,,46.05,2023,0.005,0.274,0.432
cooking_gap,BLR,Belarus,Europe & Central Asia,0.11634413852567646,0.10407122239883085,0.1287259812606949,1.0,5.957731857776159,0.5,2023,,,0.429
cooking_gap,BLZ,Belize,Latin America & Caribbean ,0.010565621026370861,0.004493745360677118,0.016774818867906525,1.0,65.60401691769096,20.700000000000003,2023,0.14,0.471,0.368
cooking_gap,BOL,Bolivia,Latin America & Caribbean ,0.03249262266628512,0.025699137922888606,0.03993126382696436,1.0,21.33244791221997,28.200000000000003,2023,0.152,0.574,0.192
cooking_gap,BRA,Brazil,Latin America & Caribbean ,0.036927864999086214,0.03259450155546807,0.04103599268484398,1.0,18.770302062604955,15.5,2023,0.313,0.594,0.27
cooking_gap,BTN,Bhutan,South Asia,0.0494671536554601,0.03625265688441214,0.06242904307087581,1.0,14.012271362685063,10.599999999999994,2023,0.467,0.654,0.251
cooking_gap,BWA,Botswana,Sub-Saharan Africa ,-0.00753863053092124,-0.009826212608351073,-0.0053051196066346415,0.0,,60.00000000000001,2023,0.0,0.102,0.634
cooking_gap,CAF,Central African Republic,Sub-Saharan Africa ,0.05773753439023972,0.002249018582885095,0.11596118004021488,0.979,12.00513994717999,1.9,2023,,,0.504
cooking_gap,CHN,China,East Asia & Pacific,0.02235701644444041,0.00838816378555036,0.0360631200716136,0.999,31.003563569517006,17.799999999999997,2023,0.272,0.571,0.29
cooking_gap,CIV,Cote d'Ivoire,Sub-Saharan Africa ,-0.036816914357523295,-0.047011100790531536,-0.027547692721252286,0.0,,66.10000000000001,2023,0.0,0.002,0.98
cooking_gap,CMR,Cameroon,Sub-Saharan Africa ,-0.025937266064112393,-0.032241244715837995,-0.019718015122596876,0.0,,44.8,2023,0.0,0.052,0.855
cooking_gap,COD,"Congo, Dem. Rep.",Sub-Saharan Africa ,0.002851683997835771,-0.013391639687508339,0.020027424461682746,0.652,,8.899999999999999,2023,0.248,0.417,0.516
cooking_gap,COG,"Congo, Rep.",Sub-Saharan Africa ,-0.05181695123489465,-0.059288885460678474,-0.044420919021424525,0.0,,50.2,2023,0.0,0.004,0.99
cooking_gap,COL,Colombia,Latin America & Caribbean ,0.01828628475508927,0.013010306626951662,0.023445430665780604,1.0,37.90530388448835,35.6,2023,0.031,0.494,0.241
cooking_gap,COM,Comoros,Sub-Saharan Africa ,-0.05787117078923927,-0.07359164900901966,-0.04160950344140728,0.0,,13.4,2023,0.072,0.226,0.744
cooking_gap,CPV,Cabo Verde,Sub-Saharan Africa ,0.015515789899497997,0.008637479093236188,0.021610798108564675,1.0,44.67366373544228,37.1,2023,0.035,0.465,0.244
cooking_gap,CRI,Costa Rica,Latin America & Caribbean ,0.024609225457475858,0.017501938634399247,0.03267897642351213,1.0,28.166151826179444,8.100000000000009,2023,0.409,0.545,0.388
cooking_gap,DJI,Djibouti,"Middle East, North Africa, Afghanistan & Pakistan",-0.03192995866917743,-0.04856765815800816,-0.017329713391629073,0.0,,12.2,2023,0.148,0.329,0.623
cooking_gap,DMA,Dominica,Latin America & Caribbean ,0.036705768453155534,0.02683646500152963,0.045558782829056434,1.0,18.883876016505425,16.39999999999999,2023,0.326,0.598,0.245
cooking_gap,DOM,Dominican Republic,Latin America & Caribbean ,0.01787433969219725,0.00892450984514127,0.02669477456114098,1.0,38.778897150675014,17.30000000000001,2023,0.256,0.539,0.325
cooking_gap,DZA,Algeria,"Middle East, North Africa, Afghanistan & Pakistan",0.10496379396359917,0.0924188043156037,0.11612563829692672,1.0,6.603678796141121,0.8000000000000114,2023,,,0.419
cooking_gap,ECU,Ecuador,Latin America & Caribbean ,0.04135599576647773,0.029999890338705607,0.052330278449937574,1.0,16.760500326818278,12.5,2023,0.367,0.598,0.293
cooking_gap,EGY,"Egypt, Arab Rep.","Middle East, North Africa, Afghanistan & Pakistan",0.26319945145787754,0.24093161427583004,0.28251509508178385,1.0,2.633543408698466,0.0,2023,,,0.446
cooking_gap,ETH,Ethiopia,Sub-Saharan Africa ,-0.051595885059234056,-0.07120953345345836,-0.030715221983161383,0.0,,23.3,2023,0.011,0.11,0.84
cooking_gap,FJI,Fiji,East Asia & Pacific,-0.007608259351885892,-0.011364479330586826,-0.003691254699173405,0.0,,42.00000000000001,2023,0.002,0.231,0.551
cooking_gap,FSM,"Micronesia, Fed. Sts.",East Asia & Pacific,-0.003907948193193927,-0.011303160004717188,0.0032868385657938374,0.148,,31.4,2023,0.022,0.297,0.505
cooking_gap,GAB,Gabon,Sub-Saharan Africa ,0.014935456665201246,0.010976766835390544,0.01923448085608209,1.0,46.40950699384628,44.95,2023,0.011,0.404,0.269
cooking_gap,GEO,Georgia,Europe & Central Asia,0.04208437572697192,0.025080222786327943,0.05974115967434353,1.0,16.47041612442659,10.800000000000011,2023,0.464,0.619,0.3
cooking_gap,GHA,Ghana,Sub-Saharan Africa ,-0.031737555391386355,-0.03927330601464793,-0.023153730405739745,0.0,,34.1,2023,0.001,0.096,0.815
cooking_gap,GIN,Guinea,Sub-Saharan Africa ,-0.039839357447994724,-0.07569535666662144,0.000821704308495404,0.029,,2.5,2023,0.384,0.435,0.551
cooking_gap,GMB,"Gambia, The",Sub-Saharan Africa ,0.05906045306914665,0.03547978196629482,0.08454533966992381,1.0,11.736232022270878,2.2,2023,0.488,0.525,0.435
cooking_gap,GNB,Guinea-Bissau,Sub-Saharan Africa ,0.06938240607275056,0.04949351815564236,0.08995152128035402,1.0,9.990244210227438,1.5,2023,,,0.478
cooking_gap,GNQ,Equatorial Guinea,Sub-Saharan Africa ,0.00075683997919913,-0.007923953123523486,0.01073886575592877,0.564,,24.6,2023,0.067,0.365,0.487
cooking_gap,GRD,Grenada,Latin America & Caribbean ,-0.10437149381370932,-0.1255227752945832,-0.08410310859901066,0.0,,9.0,2023,0.124,0.208,0.778
cooking_gap,GTM,Guatemala,Latin America & Caribbean ,-0.0012067757437162652,-0.0031674128041078585,0.0007936611089041622,0.103,,52.5,2023,0.001,0.219,0.441
cooking_gap,HND,Honduras,Latin America & Caribbean ,-0.00045249263185269216,-0.006648395102382581,0.006226043349155616,0.447,,47.900000000000006,2023,0.002,0.236,0.472
cooking_gap,HTI,Haiti,Latin America & Caribbean ,0.006967061607782732,-0.004406278528320921,0.018216672863170885,0.882,,4.800000000000001,2023,0.438,0.512,0.461
cooking_gap,IDN,Indonesia,East Asia & Pacific,0.0007792698026039961,-0.033203947729266124,0.03320860710769277,0.521,,11.900000000000006,2023,0.311,0.487,0.487
cooking_gap,IND,India,South Asia,0.008785657922824342,-0.008218491274471608,0.024761054840851865,0.854,,29.5,2023,0.093,0.439,0.394
cooking_gap,IRN,"Iran, Islamic Rep.","Middle East, North Africa, Afghanistan & Pakistan",0.05438080733554457,0.03554029010187025,0.07378665018256686,1.0,12.746173043791648,5.5,2023,0.483,0.565,0.358
cooking_gap,IRQ,Iraq,"Middle East, North Africa, Afghanistan & Pakistan",0.12104820728120956,0.10117274639765027,0.13995778041471138,1.0,5.726207732673652,0.1999999999999886,2023,,,0.461
cooking_gap,JAM,Jamaica,Latin America & Caribbean ,0.0690173934924661,0.0655137983941273,0.07254327508181799,1.0,10.043079656950662,6.799999999999997,2023,0.541,0.671,0.25
cooking_gap,KAZ,Kazakhstan,Europe & Central Asia,0.05981561038278505,0.05288682904704694,0.06678178909042412,1.0,11.588064990463312,6.799999999999997,2023,0.508,0.626,0.3
cooking_gap,KEN,Kenya,Sub-Saharan Africa ,-0.07888781069856445,-0.08716733163561295,-0.06941615289913518,0.0,,51.2,2023,0.0,0.0,0.999
cooking_gap,KGZ,Kyrgyz Republic,Europe & Central Asia,0.03848156738050945,0.03362681997172189,0.04346260341849468,1.0,18.01244667884858,22.5,2023,0.241,0.645,0.171
cooking_gap,KHM,Cambodia,East Asia & Pacific,-0.0099225567043385,-0.03500797469340565,0.017074181123917873,0.207,,31.40000000000001,2023,0.069,0.318,0.531
cooking_gap,KIR,Kiribati,East Asia & Pacific,-0.10914496182872174,-0.12113570526326446,-0.09759066796206864,0.0,,23.45,2023,0.0,0.008,0.986
cooking_gap,LAO,Lao PDR,East Asia & Pacific,-0.0679698425263386,-0.07785078346109678,-0.05842843411634492,0.0,,20.700000000000003,2023,0.019,0.108,0.869
cooking_gap,LCA,St. Lucia,Latin America & Caribbean ,0.13086417771783132,0.08710132307838464,0.1700322200476949,1.0,5.296691521300089,7.799999999999997,2023,0.632,0.727,0.164
cooking_gap,LKA,Sri Lanka,South Asia,-0.008523391325049371,-0.01180469500991388,-0.005264461802765935,0.0,,46.3,2023,0.001,0.2,0.558
cooking_gap,LSO,Lesotho,Sub-Saharan Africa ,-0.009362280376137533,-0.019682162409326406,0.0013833388561978474,0.045,,52.400000000000006,2023,0.0,0.116,0.674
cooking_gap,MAR,Morocco,"Middle East, North Africa, Afghanistan & Pakistan",0.09456551800663096,0.08894157825137826,0.09994786028687278,1.0,7.329808953315749,1.2999999999999972,2023,,,0.393
cooking_gap,MDA,Moldova,Europe & Central Asia,0.12762950206052256,0.11739028264099877,0.13664819360279698,1.0,5.430932263852689,1.0,2023,,,0.381
cooking_gap,MDG,Madagascar,Sub-Saharan Africa ,-0.02078228025118594,-0.060894225629800826,0.01627402945668779,0.142,,3.8,2023,0.386,0.458,0.522
cooking_gap,MDV,Maldives,South Asia,0.05862579747735805,0.016633772046745387,0.10151536185537799,0.998,11.823245233084405,0.1000000000000085,2023,,,0.449
cooking_gap,MEX,Mexico,Latin America & Caribbean ,0.020441185127682178,0.01625685003563759,0.025357737650507275,1.0,33.90934411240475,30.3,2023,0.087,0.534,0.236
cooking_gap,MHL,Marshall Islands,East Asia & Pacific,-0.02891669701162538,-0.05263267351009411,-0.004295833309990486,0.009,,85.4,2023,0.001,0.017,0.87
cooking_gap,MKD,North Macedonia,Europe & Central Asia,-0.003810400117717186,-0.014903513882603494,0.008239381150219483,0.261,,31.3,2023,0.043,0.351,0.453
cooking_gap,MLI,Mali,Sub-Saharan Africa ,0.060793492681802064,0.020364095994429787,0.10193028564723416,0.999,11.401667349298918,2.2,2023,0.446,0.486,0.477
cooking_gap,MMR,Myanmar,East Asia & Pacific,-0.04005654092212706,-0.06575969116142664,-0.01170602347537602,0.004,,49.7,2023,0.001,0.035,0.881
cooking_gap,MNE,Montenegro,Europe & Central Asia,0.015836671047393024,0.011696082833750251,0.02016215516044573,1.0,43.768490138213025,25.599999999999994,2023,0.12,0.502,0.307
cooking_gap,MNG,Mongolia,East Asia & Pacific,-0.015655115676525572,-0.019947898308531015,-0.011649414320199631,0.0,,53.900000000000006,2023,0.0,0.087,0.719
cooking_gap,MOZ,Mozambique,Sub-Saharan Africa ,-0.04555568381141964,-0.05377638397219114,-0.03804216764697028,0.0,,16.4,2023,0.051,0.19,0.765
cooking_gap,MRT,Mauritania,Sub-Saharan Africa ,-0.011044391751687749,-0.015979612454485162,-0.006910120869259033,0.0,,55.0,2023,0.0,0.095,0.679
cooking_gap,MUS,Mauritius,Sub-Saharan Africa ,0.08340693217502979,0.059916328409565185,0.1047547987858614,1.0,8.310426513534548,0.3000000000000113,2023,,,0.397
cooking_gap,MWI,Malawi,Sub-Saharan Africa ,0.03373954526963842,0.020538093881740202,0.04664538955472446,1.0,20.54405816736645,4.6,2023,0.442,0.527,0.419
cooking_gap,MYS,Malaysia,East Asia & Pacific,-0.08421233610700883,-0.09811230037877836,-0.07017203296278007,0.0,,15.699999999999989,2023,0.039,0.15,0.827
cooking_gap,NAM,Namibia,Sub-Saharan Africa ,0.0053758231517223335,0.0034470073432708273,0.007261306501504319,1.0,128.9378688616033,57.85,2023,0.0,0.231,0.377
cooking_gap,NER,Niger,Sub-Saharan Africa ,-0.09317403670729443,-0.10528471273196205,-0.0801742676775446,0.0,,24.2,2023,0.0,0.011,0.987
cooking_gap,NGA,Nigeria,Sub-Saharan Africa ,-0.11889390581095859,-0.1547727358699166,-0.08083851725871313,0.0,,39.0,2023,0.0,0.0,1.0
cooking_gap,NIC,Nicaragua,Latin America & Caribbean ,-0.020209723452904425,-0.02276003055684566,-0.017468514695101623,0.0,,78.8,2023,0.0,0.017,0.902
cooking_gap,NPL,Nepal,South Asia,-0.0046728692464387215,-0.028592306316108308,0.020831961686383585,0.345,,36.7,2023,0.042,0.277,0.519
cooking_gap,PAK,Pakistan,"Middle East, North Africa, Afghanistan & Pakistan",0.004575507337013158,-0.003601169976286518,0.012511382399097763,0.878,,55.1,2023,0.001,0.256,0.392
cooking_gap,PER,Peru,Latin America & Caribbean ,0.01428448966104615,-0.006204092614971767,0.03420860058247408,0.923,48.52446233694718,28.40000000000001,2023,0.164,0.473,0.342
cooking_gap,PHL,Philippines,East Asia & Pacific,-0.0041435896173269765,-0.007653193515031055,-0.0006300500123986894,0.009,,39.9,2023,0.002,0.247,0.518
cooking_gap,PNG,Papua New Guinea,East Asia & Pacific,0.013995058967067589,0.009459168126439179,0.01876635016371114,1.0,49.52799285740928,27.6,2023,0.077,0.464,0.327
cooking_gap,PRY,Paraguay,Latin America & Caribbean ,0.010253373999232457,0.006740038768747252,0.01355264862771382,1.0,67.60186262705648,42.95,2023,0.006,0.388,0.289
cooking_gap,RWA,Rwanda,Sub-Saharan Africa ,-0.2915345720386304,-0.3113256649776602,-0.2642417454976056,0.0,,37.85,2023,0.0,0.0,1.0
cooking_gap,SDN,Sudan,Sub-Saharan Africa ,-0.02122833962096674,-0.05678310091364984,0.015833872413843677,0.118,,17.799999999999997,2023,0.124,0.31,0.606
cooking_gap,SEN,Senegal,Sub-Saharan Africa ,0.009556690180524473,-0.00017156486085178067,0.019475827898955776,0.973,72.5300462258896,52.2,2023,0.005,0.328,0.309
cooking_gap,SLB,Solomon Islands,East Asia & Pacific,0.0034093874787461623,2.8704062507465117e-05,0.006589495983984571,0.975,203.30548665441142,32.2,2023,0.028,0.35,0.455
cooking_gap,SLE,Sierra Leone,Sub-Saharan Africa ,-0.025852800891543872,-0.0709187000341963,0.032953121698609845,0.17,,1.6,2023,,,0.53
cooking_gap,SLV,El Salvador,Latin America & Caribbean ,0.041376031593909554,0.02714801006663767,0.055292188603624656,1.0,16.752384263501355,10.099999999999994,2023,0.418,0.574,0.327
cooking_gap,SOM,"Somalia, Fed. Rep.",Sub-Saharan Africa ,-0.0842258896843694,-0.10429143960333856,-0.06135897504290843,0.0,,8.3,2023,0.11,0.205,0.785
cooking_gap,SRB,Serbia,Europe & Central Asia,0.03131524555632789,0.024421845422318973,0.038570053890335125,1.0,22.134496097536765,21.69999999999999,2023,0.235,0.615,0.201
cooking_gap,STP,Sao Tome and Principe,Sub-Saharan Africa ,-0.06919927811480694,-0.09587614229442466,-0.04036993624951771,0.0,,4.4,2023,0.317,0.384,0.602
cooking_gap,SUR,Suriname,Latin America & Caribbean ,0.05626728415147318,0.047264918285069554,0.0644906782044419,1.0,12.318831289137266,5.099999999999994,2023,0.505,0.6,0.33
cooking_gap,SWZ,Eswatini,Sub-Saharan Africa ,-0.009702832794369422,-0.011629505215796318,-0.00784348638529978,0.0,,61.3,2023,0.0,0.108,0.643
cooking_gap,SYR,Syrian Arab Republic,"Middle East, North Africa, Afghanistan & Pakistan",-0.08172225641772046,-0.10582947633452103,-0.05488246582486739,0.0,,9.599999999999994,2023,0.116,0.237,0.758
cooking_gap,TCD,Chad,Sub-Saharan Africa ,-0.09966600032796863,-0.10789241250866206,-0.0916770307407012,0.0,,40.0,2023,0.0,0.0,1.0
cooking_gap,TGO,Togo,Sub-Saharan Africa ,-0.08197909771088893,-0.09469632005034806,-0.06856654229492179,0.0,,25.3,2023,0.0,0.017,0.977
cooking_gap,THA,Thailand,East Asia & Pacific,0.04240617127779341,0.03572344509178223,0.04860294009849308,1.0,16.345431800935106,10.800000000000011,2023,0.436,0.622,0.278
cooking_gap,TJK,Tajikistan,Europe & Central Asia,0.04835877993726898,0.041606537474072974,0.055065817387348566,1.0,14.333429864423708,14.900000000000006,2023,0.364,0.625,0.223
cooking_gap,TLS,Timor-Leste,East Asia & Pacific,-0.07193380274184646,-0.08175090569443684,-0.06255331962559715,0.0,,30.700000000000003,2023,0.0,0.019,0.972
cooking_gap,TON,Tonga,East Asia & Pacific,0.046181821698064854,0.03311528906757952,0.05911227720972786,1.0,15.009091349659558,6.899999999999992,2023,0.451,0.589,0.351
cooking_gap,TUN,Tunisia,"Middle East, North Africa, Afghanistan & Pakistan",0.1554309394445259,0.1341991894735064,0.17304184357114571,1.0,4.459518697095265,0.1000000000000085,2023,,,0.437
cooking_gap,TUR,Turkiye,Europe & Central Asia,0.007188956194021715,0.0018909908480909034,0.012543750742911733,0.997,96.41833415765721,15.299999999999995,2023,0.206,0.487,0.411
cooking_gap,TUV,Tuvalu,East Asia & Pacific,-0.041024758252875916,-0.0751584639100617,-0.006458747278127124,0.012,,53.5,2023,0.001,0.034,0.874
cooking_gap,TZA,Tanzania,Sub-Saharan Africa ,-0.11708603104134563,-0.12885985041248238,-0.10470714698417315,0.0,,20.8,2023,0.002,0.011,0.987
cooking_gap,UGA,Uganda,Sub-Saharan Africa ,0.05780435790949885,0.0259350890734594,0.09070098425066592,1.0,11.991261656174233,2.9000000000000004,2023,0.468,0.522,0.432
cooking_gap,UKR,Ukraine,Europe & Central Asia,-0.013209651306931065,-0.021507560741452568,-0.004939081850096864,0.003,,11.5,2023,0.253,0.459,0.476
cooking_gap,UZB,Uzbekistan,Europe & Central Asia,0.0003281731169703257,-0.005972652759712536,0.006435823738325157,0.534,,25.89999999999999,2023,0.077,0.36,0.473
cooking_gap,VNM,Viet Nam,East Asia & Pacific,0.014764912469223736,-0.020821957568784494,0.04809392936326459,0.815,,0.7000000000000028,2023,,,0.474
cooking_gap,VUT,Vanuatu,East Asia & Pacific,0.018212290750369238,0.009362526330024965,0.02673545915296688,0.999,38.059307863064525,43.3,2023,0.015,0.445,0.241
cooking_gap,WSM,Samoa,East Asia & Pacific,0.005000023157487101,0.0011600984492251406,0.008760874818285176,0.99,138.62879405308703,32.099999999999994,2023,0.032,0.341,0.436
cooking_gap,ZAF,South Africa,Sub-Saharan Africa ,0.025859110669598354,0.0207790005818688,0.031082547668233717,1.0,26.804757109255657,26.099999999999994,2023,0.151,0.571,0.206
cooking_gap,ZMB,Zambia,Sub-Saharan Africa ,0.028597512512295947,0.01565710209156819,0.04203721013470635,1.0,24.238023508580188,14.5,2023,0.25,0.5,0.384
cooking_gap,ZWE,Zimbabwe,Sub-Saharan Africa ,0.007827199431878689,0.00682118588737056,0.00880498594127781,1.0,88.5562181713282,69.5,2023,0.0,0.225,0.305
water_gap,AFG,Afghanistan,"Middle East, North Africa, Afghanistan & Pakistan",0.027011145677125467,0.020727948538739945,0.03373151863188204,1.0,25.66152464783975,22.07801491039919,2024,0.0,0.323,0.127
water_gap,AGO,Angola,Sub-Saharan Africa ,0.003621943493503055,0.000806150828386364,0.006644059692283766,0.995,191.37437726549132,44.81340525541491,2024,0.0,0.003,0.551
water_gap,ALB,Albania,Europe & Central Asia,0.044837326330913,0.03522865939037579,0.05460801827373249,1.0,15.459155067461202,1.5724510577849031,2024,,,0.12
water_gap,ARG,Argentina,Latin America & Caribbean ,0.0675453993997289,0.05184287134547112,0.08342662395058484,1.0,10.261945102403635,6.611279462520102,2016,0.838,0.919,0.013
water_gap,ARM,Armenia,Europe & Central Asia,0.049948864754876074,0.027223724366815392,0.07281218182735438,0.999,13.877135826040558,-0.107035463925996,2024,,,0.234
water_gap,ATG,Antigua and Barbuda,Latin America & Caribbean ,-0.04826767121908282,-0.11796728506763114,0.027286330875098724,0.131,,-0.2464620099439969,2024,,,0.151
water_gap,AZE,Azerbaijan,Europe & Central Asia,0.04166668230178747,0.033558064340981464,0.04899388401058784,1.0,16.635526091075647,5.091476237966703,2024,0.513,0.885,0.074
water_gap,BDI,Burundi,Sub-Saharan Africa ,0.017200079357641476,0.015222305634176828,0.019463671942522305,1.0,40.299068751214854,29.8178254227576,2024,0.0,0.092,0.158
water_gap,BEN,Benin,Sub-Saharan Africa ,0.037722754662152656,0.03544406529493353,0.040162029397199206,1.0,18.374776358932817,12.791330518661,2024,0.003,0.445,0.115
water_gap,BFA,Burkina Faso,Sub-Saharan Africa ,-0.014937171953466985,-0.018176312742817682,-0.011657710797400538,0.0,,47.11913556295509,2024,0.0,0.0,0.992
water_gap,BGD,Bangladesh,South Asia,0.03927036725431328,0.029533501284778437,0.04913797240673809,1.0,17.650641667574757,-0.0311811984247896,2024,,,0.289
water_gap,BGR,Bulgaria,Europe & Central Asia,-0.18276016508155224,-0.2132982865848059,-0.1562355975062733,0.0,,2.180506489380093,2024,0.166,0.28,0.721
water_gap,BIH,Bosnia and Herzegovina,Europe & Central Asia,0.07907979317583869,0.05563929091326914,0.10341797235657471,1.0,8.765161778037163,-2.4572423313776994,2024,,,0.398
water_gap,BLZ,Belize,Latin America & Caribbean ,-0.030945396173318006,-0.03582870414829078,-0.02579341003313659,0.0,,7.583680415239399,2024,0.023,0.354,0.536
water_gap,BOL,Bolivia,Latin America & Caribbean ,0.023397662921268225,0.022545041866690204,0.024306744206597522,1.0,29.62463314786375,20.476576282988205,2024,0.0,0.595,0.017
water_gap,BRA,Brazil,Latin America & Caribbean ,0.04541743151967474,0.029835930609812513,0.06085762336220377,1.0,15.261699249982362,0.0,2024,,,0.298
water_gap,BTN,Bhutan,South Asia,0.06893429952106725,0.05577440205039431,0.08312752535560415,1.0,10.055185667740197,0.5441547906621054,2024,,,0.147
water_gap,BWA,Botswana,Sub-Saharan Africa ,0.02624006910942181,0.01758765370510636,0.03428401813189213,1.0,26.415600418943352,18.892514335443693,2024,0.005,0.628,0.072
water_gap,CAF,Central African Republic,Sub-Saharan Africa ,0.03686233392732194,0.0331219985162659,0.04078383674528342,1.0,18.803670487239348,20.691267842497695,2024,0.0,0.246,0.091
water_gap,CAN,Canada,North America,-0.15216966283511274,-0.2005263788333978,-0.11361039710709785,0.0,,-0.205390481719391,2024,,,0.117
water_gap,CHL,Chile,Latin America & Caribbean ,0.028254823332359284,0.025039219759052486,0.03151967631077572,1.0,24.531994852932154,6.214098414459599,2024,0.372,0.831,0.054
water_gap,CHN,China,East Asia & Pacific,0.03639985684814419,0.023922928088355444,0.047490545265773204,1.0,19.042579850016217,3.4983868247853,2024,0.633,0.861,0.118
water_gap,CIV,Cote d'Ivoire,Sub-Saharan Africa ,0.022260163770989973,0.02139735015813599,0.023208992748574617,1.0,31.138458265220528,24.788071381958,2024,0.0,0.272,0.062
water_gap,CMR,Cameroon,Sub-Saharan Africa ,0.03145614509801211,0.030168038700639256,0.0327054848795065,1.0,22.03535043471519,25.3131480083664,2024,0.0,0.474,0.011
water_gap,COD,"Congo, Dem. Rep.",Sub-Saharan Africa ,0.012981469100415194,0.011932138890801063,0.014191760239916052,1.0,53.39512617549396,45.485674484601496,2024,0.0,0.009,0.198
water_gap,COG,"Congo, Rep.",Sub-Saharan Africa ,0.021072686355554197,0.015323552912191198,0.027128250895921274,1.0,32.893156993116364,42.8945786428337,2021,0.0,0.331,0.02
water_gap,COL,Colombia,Latin America & Caribbean ,0.015786539593799248,0.014488786768345188,0.016974625026679315,1.0,43.90748057491996,16.244326210902997,2024,0.002,0.617,0.051
water_gap,COM,Comoros,Sub-Saharan Africa ,-0.021149792268408227,-0.025376295468578076,-0.014643436569321693,0.0,,7.009610521086898,2024,0.003,0.162,0.751
water_gap,CPV,Cabo Verde,Sub-Saharan Africa ,0.017585282917336326,0.006538894514481517,0.029339127849082772,0.999,39.41632237696961,8.869278201483894,2024,0.11,0.665,0.159
water_gap,CRI,Costa Rica,Latin America & Caribbean ,0.05521569146199387,0.04338280816228171,0.06562048880601308,1.0,12.55344562762658,0.2034028571429047,2024,,,0.175
water_gap,CZE,Czechia,Europe & Central Asia,-0.11268485398328135,-0.18305013563385672,-0.030121536395966462,0.005,,0.2909461777089035,2024,,,0.196
water_gap,DJI,Djibouti,"Middle East, North Africa, Afghanistan & Pakistan",0.017819349445052483,0.01646140567291412,0.019231071545232018,1.0,38.89856825005453,21.810393852303505,2024,0.0,0.434,0.062
water_gap,DMA,Dominica,Latin America & Caribbean ,-0.00523673808267232,-0.017527518637260934,0.005638742912839922,0.18,,0.5177836283369999,2024,,,0.188
water_gap,DOM,Dominican Republic,Latin America & Caribbean ,0.04139215074414175,0.036307754937217274,0.04624538806107925,1.0,16.74586046143173,3.1072217732086926,2024,0.505,0.757,0.166
water_gap,DZA,Algeria,"Middle East, North Africa, Afghanistan & Pakistan",0.0024106739295908447,-0.0004761460681911491,0.00514772025610386,0.946,287.5325327293811,9.872116451355597,2024,0.012,0.406,0.33
water_gap,ECU,Ecuador,Latin America & Caribbean ,0.004958782798945503,0.002254937529346318,0.00763180040758796,1.0,139.78171834978227,16.4329724854111,2024,0.0,0.44,0.186
water_gap,EGY,"Egypt, Arab Rep.","Middle East, North Africa, Afghanistan & Pakistan",-0.06006025840260106,-0.07234342513997581,-0.04742250062245194,0.0,,2.3820827291535096,2024,0.308,0.474,0.494
water_gap,EST,Estonia,Europe & Central Asia,0.030838475335497703,0.019892231716902284,0.04177150122780215,1.0,22.476700712958856,0.0,2024,,,0.132
water_gap,ETH,Ethiopia,Sub-Saharan Africa ,0.028509009498545644,0.0271149916643785,0.02984032668203755,1.0,24.313267726656917,36.521559379485005,2024,0.0,0.512,0.0
water_gap,FJI,Fiji,East Asia & Pacific,-0.017197381038944897,-0.020233525510169357,-0.014281084880077857,0.0,,7.641251833128493,2024,0.027,0.377,0.463
water_gap,GAB,Gabon,Sub-Saharan Africa ,0.005793216372903226,0.004644018435265769,0.006851635349502399,1.0,119.6480738751658,43.252252095886696,2024,0.0,0.016,0.188
water_gap,GEO,Georgia,Europe & Central Asia,-0.0010128721366574906,-0.003778936550393031,0.0015511221297681082,0.217,,5.88940032696209,2024,0.169,0.668,0.211
water_gap,GHA,Ghana,Sub-Saharan Africa ,0.0102934818470863,0.008545063790433648,0.011839413556198214,1.0,67.33845659388318,22.8002865277043,2024,0.0,0.216,0.203
water_gap,GIN,Guinea,Sub-Saharan Africa ,0.014006533090609126,0.012098348752207716,0.016063448966166984,1.0,49.4874196259655,31.0118363059774,2024,0.0,0.104,0.131
water_gap,GMB,"Gambia, The",Sub-Saharan Africa ,0.02957608394556677,0.02780654126680953,0.03161651732477618,1.0,23.436070232815347,13.374785681256512,2024,0.002,0.42,0.135
water_gap,GNB,Guinea-Bissau,Sub-Saharan Africa ,0.030361141254188817,0.027358715802713297,0.03345865948369076,1.0,22.830076602088017,20.111299779167098,2024,0.0,0.494,0.041
water_gap,GNQ,Equatorial Guinea,Sub-Saharan Africa ,-0.022071712019652565,-0.03292332058407537,-0.010568745842574367,0.001,,47.3026366630421,2017,0.0,0.001,0.991
water_gap,GTM,Guatemala,Latin America & Caribbean ,0.027320072581126766,0.025726405455667897,0.028721215618612402,1.0,25.37135208926146,7.51917431411151,2024,0.141,0.692,0.125
water_gap,GUY,Guyana,Latin America & Caribbean ,0.05252355961609685,0.043078432765669514,0.06388415140600126,1.0,13.196881278159164,-0.2271590955725031,2024,,,0.219
water_gap,HND,Honduras,Latin America & Caribbean ,0.028989204803141558,0.026914163822656226,0.031054643819483564,1.0,23.910527565931336,8.899808747529292,2024,0.068,0.648,0.11
water_gap,HRV,Croatia,Europe & Central Asia,-0.019075486892898043,-0.04581272413012271,0.006404156924569529,0.078,,0.0865120862040953,2024,,,0.154
water_gap,HTI,Haiti,Latin America & Caribbean ,0.01842875094222199,0.01793729177233092,0.01905114893401572,1.0,37.612271321757376,30.703688833894496,2024,0.0,0.334,0.01
water_gap,HUN,Hungary,Europe & Central Asia,0.021328960094853536,0.013633999967796838,0.027824919849135266,1.0,32.49793602113751,0.0,2024,,,0.155
water_gap,IDN,Indonesia,East Asia & Pacific,0.018193352549370517,0.010704419476211313,0.025034658359658145,1.0,38.09892534534147,14.586792646818507,2024,0.004,0.624,0.092
water_gap,IND,India,South Asia,0.04559404728373646,0.03907769482665835,0.05171404781345617,1.0,15.202580640547634,2.2065747860998077,2024,0.633,0.792,0.151
water_gap,IRL,Ireland,Europe & Central Asia,0.22307008984056448,0.18375381527702225,0.2820843307358666,1.0,3.107306681300753,-1.3562558712716992,2024,,,0.461
water_gap,IRN,"Iran, Islamic Rep.","Middle East, North Africa, Afghanistan & Pakistan",0.015046398729990742,0.011424846785952587,0.01814588190837283,1.0,46.06731437857966,3.939572133227188,2024,0.429,0.728,0.176
water_gap,IRQ,Iraq,"Middle East, North Africa, Afghanistan & Pakistan",0.06828276342645029,0.05684325840293836,0.08010614253257935,1.0,10.151129593730605,4.9775842460662005,2024,0.412,0.697,0.159
water_gap,JAM,Jamaica,Latin America & Caribbean ,0.002008354387310082,-0.004176041606088301,0.007853154546269295,0.736,,5.99856354748789,2024,0.205,0.715,0.156
water_gap,JOR,Jordan,"Middle East, North Africa, Afghanistan & Pakistan",0.03556143678994826,0.016330117317171565,0.053435008426830424,1.0,19.491540363067365,1.5856001350111055,2024,,,0.326
water_gap,KAZ,Kazakhstan,Europe & Central Asia,0.04652219002625401,0.03372600593405361,0.05898577835934116,1.0,14.899280970409592,0.4015088538088918,2024,,,0.315
water_gap,KEN,Kenya,Sub-Saharan Africa ,0.018516025442053774,0.018014578677627305,0.01906781360710813,1.0,37.43498747769393,33.295708987598005,2024,0.0,0.29,0.014
water_gap,KGZ,Kyrgyz Republic,Europe & Central Asia,0.03211106364723279,0.02596775895871385,0.03868800629547349,1.0,21.585930263000744,7.345702966869993,2024,0.181,0.706,0.12
water_gap,KHM,Cambodia,East Asia & Pacific,0.03113183071592894,0.0294432062300226,0.03305258761875165,1.0,22.264902661355183,15.150545143631206,2024,0.005,0.73,0.032
water_gap,KIR,Kiribati,East Asia & Pacific,0.008445206546685114,0.005512774235455123,0.011117697369950726,1.0,82.07581149474872,26.3806496137368,2024,0.0,0.149,0.232
water_gap,LAO,Lao PDR,East Asia & Pacific,0.038948113987758104,0.021342352339896467,0.055607557788735315,1.0,17.796681522956682,6.770580869098893,2024,0.356,0.712,0.232
water_gap,LBR,Liberia,Sub-Saharan Africa ,0.035596546082477656,0.03391393853778279,0.03773868976462386,1.0,19.472315627305928,15.709526547656012,2024,0.0,0.48,0.071
water_gap,LCA,St. Lucia,Latin America & Caribbean ,0.006616409272612077,-0.008211596718247343,0.02107156461030572,0.811,,-0.7490619482025096,2024,,,0.162
water_gap,LKA,Sri Lanka,South Asia,0.005814184226806367,0.0020646666929060526,0.009256673244868967,0.998,119.21658370647799,9.176043805424698,2024,0.045,0.626,0.161
water_gap,LSO,Lesotho,Sub-Saharan Africa ,-0.00637643956365186,-0.007771548148168862,-0.004711920126308277,0.0,,24.0747810692708,2024,0.0,0.032,0.624
water_gap,LTU,Lithuania,Europe & Central Asia,0.04438147494130583,0.03345193838511768,0.054496913743507756,1.0,15.61793927481291,0.2633239405931959,2024,,,0.141
water_gap,LVA,Latvia,Europe & Central Asia,-0.07775683664111468,-0.09946384621272047,-0.06167944191981878,0.0,,0.3257176547424905,2024,,,0.175
water_gap,MAR,Morocco,"Middle East, North Africa, Afghanistan & Pakistan",0.04002948456928308,0.03452180835124788,0.04548606035769486,1.0,17.315915706090227,17.639035532980387,2024,0.025,0.837,0.014
water_gap,MDA,Moldova,Europe & Central Asia,0.019374089404034393,0.01753500864424761,0.021079562355038904,1.0,35.77701981779885,9.191114280325197,2024,0.106,0.749,0.075
water_gap,MDG,Madagascar,Sub-Saharan Africa ,0.01303244997096311,0.012326817566217734,0.01415643054567493,1.0,53.18625293818957,38.9118555496642,2024,0.0,0.052,0.078
water_gap,MDV,Maldives,South Asia,0.04652828342933926,0.03272888298415602,0.05952906466362713,1.0,14.897329741652765,-0.3785541122165909,2024,,,0.158
water_gap,MEX,Mexico,Latin America & Caribbean ,0.052355562595546454,0.046814338427757736,0.05823218924654361,1.0,13.239227050516057,2.528559192454196,2024,0.632,0.792,0.145
water_gap,MHL,Marshall Islands,East Asia & Pacific,-0.00924654120258862,-0.014653958741639514,-0.0038478683506690285,0.0,,-8.1494684214032,2024,,,0.314
water_gap,MKD,North Macedonia,Europe & Central Asia,0.16080127109229045,0.0970017574407557,0.21198516766259323,0.999,4.310582720220661,0.1663587946126909,2024,,,0.157
water_gap,MLI,Mali,Sub-Saharan Africa ,0.047724656800432676,0.04168648992386668,0.05350749212533519,1.0,14.523879835499647,13.483813237683409,2024,0.003,0.425,0.121
water_gap,MMR,Myanmar,East Asia & Pacific,0.022351142347822144,0.01605863277119162,0.028691329249482176,1.0,31.011711606207204,15.27445860624691,2024,0.005,0.659,0.07
water_gap,MNE,Montenegro,Europe & Central Asia,-0.011262795612518741,-0.10640780580218298,0.0812046997906623,0.412,,-0.2836906620264017,2024,,,0.223
water_gap,MNG,Mongolia,East Asia & Pacific,0.021047949957137144,0.018960402165776175,0.022931058347647103,1.0,32.93181435586349,32.60197518631511,2024,0.0,0.536,0.004
water_gap,MOZ,Mozambique,Sub-Saharan Africa ,0.019867182879949,0.01730421016687934,0.022340452617971653,1.0,34.889052199721064,37.5307550964402,2024,0.0,0.12,0.045
water_gap,MRT,Mauritania,Sub-Saharan Africa ,0.015166054888680815,0.013013392502827117,0.01715776282539971,1.0,45.70385546192871,31.60000358882269,2024,0.0,0.095,0.124
water_gap,MWI,Malawi,Sub-Saharan Africa ,0.03898600940262033,0.0364991994018143,0.0416773623776273,1.0,17.7793826857631,15.8886814317392,2024,0.0,0.609,0.028
water_gap,MYS,Malaysia,East Asia & Pacific,-0.011848397105161033,-0.020563948777386976,-0.004796648344284065,0.0,,3.4655417310675034,2024,0.423,0.718,0.22
water_gap,NAM,Namibia,Sub-Saharan Africa ,0.01601508317068448,0.01517602805783239,0.01683040224527523,1.0,43.28089796178813,21.84220814697639,2024,0.0,0.353,0.084
water_gap,NER,Niger,Sub-Saharan Africa ,0.02701042135673521,0.02607012709477433,0.028214935716019636,1.0,25.66221279576984,40.9044696390855,2024,0.0,0.171,0.001
water_gap,NGA,Nigeria,Sub-Saharan Africa ,0.01802453146242202,0.016694720303171325,0.01928286706062362,1.0,38.45576690883951,28.52661777707389,2024,0.0,0.162,0.092
water_gap,NPL,Nepal,South Asia,0.06868329468479537,0.05583229762541305,0.08133536142597068,1.0,10.09193259788962,-1.6995057512869067,2024,,,0.497
water_gap,OMN,Oman,"Middle East, North Africa, Afghanistan & Pakistan",0.0017745560059642534,-0.0014900524094068229,0.004422582774854193,0.856,,18.449220086033407,2024,0.0,0.298,0.242
water_gap,PAK,Pakistan,"Middle East, North Africa, Afghanistan & Pakistan",0.0596621749833008,0.04536043141571316,0.07368398617638354,1.0,11.61786644140872,3.603380370096289,2024,0.351,0.613,0.252
water_gap,PAN,Panama,Latin America & Caribbean ,0.015774055151023203,0.0129800419105018,0.01828220349025416,1.0,43.94223133643497,10.698569390096113,2024,0.039,0.67,0.09
water_gap,PER,Peru,Latin America & Caribbean ,0.0399596754228836,0.03457373236551253,0.04505270398148736,1.0,17.34616643465033,10.480425925888,2024,0.118,0.802,0.042
water_gap,PHL,Philippines,East Asia & Pacific,0.034745487830495754,0.03318045847423169,0.03638758654701262,1.0,19.94927180016673,4.665775429019092,2024,0.391,0.766,0.114
water_gap,PNG,Papua New Guinea,East Asia & Pacific,0.02111658702183336,0.016700976350339212,0.02598724111232646,1.0,32.824773238368024,36.0646146595704,2024,0.0,0.382,0.016
water_gap,POL,Poland,Europe & Central Asia,-0.10861277657918726,-0.12871579319363338,-0.08768399333422183,0.0,,13.9053134540802,2024,0.0,0.0,1.0
water_gap,PRT,Portugal,Europe & Central Asia,-0.21718166599800648,-0.26368885850485035,-0.1597107737742152,0.0,,2.203368730905794,2024,0.173,0.268,0.728
water_gap,PRY,Paraguay,Latin America & Caribbean ,0.06793783025923696,0.05213599479563307,0.08512852746759636,1.0,10.202668791673748,0.7755210040271976,2024,,,0.35
water_gap,PSE,West Bank and Gaza,"Middle East, North Africa, Afghanistan & Pakistan",0.0972751515347261,0.05410543242483593,0.13206422316787547,1.0,7.125634549255879,-1.5772266666667036,2024,,,0.7
water_gap,RUS,Russian Federation,Europe & Central Asia,-0.03884477261149813,-0.04461046185445043,-0.03543395044127644,0.0,,8.755138705583704,2024,0.006,0.301,0.564
water_gap,RWA,Rwanda,Sub-Saharan Africa ,0.001621434206310888,5.669816314963577e-05,0.0034623408749642755,0.977,427.49016757023054,32.2760416943199,2024,0.0,0.012,0.464
water_gap,SDN,Sudan,Sub-Saharan Africa ,0.025612778166366652,0.018997263570169974,0.031679818170111576,1.0,27.06255354486104,14.280819719224796,2024,0.0,0.337,0.223
water_gap,SEN,Senegal,Sub-Saharan Africa ,0.043381227415136864,0.03814647190731597,0.04848575617206657,1.0,15.978044464414758,14.826812200592911,2024,0.015,0.679,0.036
water_gap,SLB,Solomon Islands,East Asia & Pacific,-0.017512921575137397,-0.02384169023204726,-0.010635254918148622,0.0,,26.73090452779931,2024,0.0,0.002,0.933
water_gap,SLE,Sierra Leone,Sub-Saharan Africa ,0.02549362959542801,0.022203622539301755,0.028560829176578827,1.0,27.189034733769464,24.679500844063305,2024,0.0,0.405,0.046
water_gap,SLV,El Salvador,Latin America & Caribbean ,0.015472418419998394,-0.0024125921570759793,0.03306756737220082,0.955,44.798890628761654,14.793129517178995,2024,0.065,0.572,0.222
water_gap,SOM,"Somalia, Fed. Rep.",Sub-Saharan Africa ,0.04211701381945203,0.03135259330130788,0.052126073572447244,1.0,16.457652566047088,16.065079088493306,2024,0.03,0.349,0.264
water_gap,SRB,Serbia,Europe & Central Asia,0.13776350101770604,0.10232454380129938,0.17206547722384494,1.0,5.03142832055973,0.1900312805708921,2024,,,0.183
water_gap,STP,Sao Tome and Principe,Sub-Saharan Africa ,0.04241863622775739,0.0373154052755288,0.04787598889365073,1.0,16.340628605744097,5.977430482533194,2024,0.127,0.541,0.231
water_gap,SUR,Suriname,Latin America & Caribbean ,0.06048669137764566,0.049093143326866116,0.0730436203262021,1.0,11.459499019913574,2.1394412451289924,2024,0.623,0.757,0.193
water_gap,SVK,Slovak Republic,Europe & Central Asia,-0.04188003640923172,-0.11938556935760616,0.03897882811620002,0.156,,-0.3949059373826031,2024,,,0.159
water_gap,SWZ,Eswatini,Sub-Saharan Africa ,0.024025727722518354,0.022356034853512643,0.0257124640816327,1.0,28.85020543666139,23.696201609218704,2024,0.0,0.611,0.01
water_gap,SYR,Syrian Arab Republic,"Middle East, North Africa, Afghanistan & Pakistan",0.04035665717726401,0.03629099007974025,0.04520209342192034,1.0,17.175535067618238,3.520174449592403,2024,0.307,0.581,0.297
water_gap,TCD,Chad,Sub-Saharan Africa ,0.021698918390728312,0.01951112545665693,0.023817323056900007,1.0,31.94385858680029,34.0604102975808,2024,0.0,0.094,0.081
water_gap,TGO,Togo,Sub-Saharan Africa ,0.04489707008727249,0.03883301474151729,0.051683804002893,1.0,15.43858383659739,16.111062498112496,2024,0.017,0.657,0.049
water_gap,THA,Thailand,East Asia & Pacific,0.009730931003070042,0.001006808159858853,0.017208063857021096,0.986,71.23133237110221,0.0,2024,,,0.147
water_gap,TJK,Tajikistan,Europe & Central Asia,0.05416855502357218,0.04475070011454614,0.06301210242790024,1.0,12.796117235512613,7.971028080600391,2024,0.25,0.732,0.109
water_gap,TKM,Turkmenistan,Europe & Central Asia,0.060053682067620504,0.05041892662852356,0.07060271259468305,1.0,11.542126255963138,-0.1431394765880043,2024,,,0.37
water_gap,TLS,Timor-Leste,East Asia & Pacific,0.03208931783745534,0.025993018506373117,0.03786623720527522,1.0,21.60055829391577,15.388660082897502,2024,0.013,0.698,0.04
water_gap,TON,Tonga,East Asia & Pacific,-0.034670163983099425,-0.07387986728300104,0.01648946012364149,0.101,,1.2418962467717023,2024,,,0.409
water_gap,TUN,Tunisia,"Middle East, North Africa, Afghanistan & Pakistan",0.034214191569025956,0.023620497156491855,0.044311986222372576,1.0,20.25905475982224,5.426132400274199,2024,0.375,0.751,0.152
water_gap,TUR,Turkiye,Europe & Central Asia,0.01822796210700741,0.006023264808255401,0.030784466766872142,0.997,38.02658665246388,1.9045868868171996,2024,,,0.191
water_gap,TUV,Tuvalu,East Asia & Pacific,-0.0320449653139792,-0.0766185279946,0.018969555327532587,0.106,,-1.7262714056134882,2024,,,0.446
water_gap,TZA,Tanzania,Sub-Saharan Africa ,0.019086550088281782,0.017152376628899717,0.021130246193469093,1.0,36.31600144362936,34.911642366544704,2024,0.0,0.151,0.031
water_gap,UGA,Uganda,Sub-Saharan Africa ,0.03361970501721819,0.029087804210524742,0.037927997346925285,1.0,20.617289182191005,23.3866593401954,2024,0.0,0.521,0.023
water_gap,UKR,Ukraine,Europe & Central Asia,-0.003915538548784363,-0.04228807895505209,0.035857983315877744,0.435,,-8.858170561632704,2024,,,0.221
water_gap,URY,Uruguay,Latin America & Caribbean ,0.03770284591410074,0.020631615401967302,0.05532891633683681,1.0,18.38447904275339,4.519323012123095,2024,0.503,0.813,0.149
water_gap,USA,United States,North America,-0.014207442128983491,-0.04064352934869478,0.011160441543433479,0.143,,-0.0234154995411017,2024,,,0.153
water_gap,UZB,Uzbekistan,Europe & Central Asia,0.05036078242864939,0.04202074009174586,0.058369250902460965,1.0,13.763630093356646,1.6823593612274124,2024,,,0.359
water_gap,VCT,St. Vincent and the Grenadines,Latin America & Caribbean ,-0.05264710773027932,-0.15927255982977737,0.029843803244502823,0.153,,1.4141192696047966,2018,,,0.291
water_gap,VNM,Viet Nam,East Asia & Pacific,0.04451800419959244,0.03522734402308243,0.05403550464949859,1.0,15.57004167240478,0.6934774868866072,2024,,,0.184
water_gap,VUT,Vanuatu,East Asia & Pacific,0.009925579707224332,0.007873826540108764,0.011987008995902078,1.0,69.834427913106,13.683567281550792,2024,0.0,0.266,0.349
water_gap,WSM,Samoa,East Asia & Pacific,0.012412022955819006,-0.012936244465378968,0.03954779731851682,0.845,,0.6770016283058027,2024,,,0.501
water_gap,ZAF,South Africa,Sub-Saharan Africa ,0.007462112014231807,-0.004378435369164072,0.019630647157770915,0.903,92.88887371805312,24.847217427495,2024,0.0,0.315,0.191
water_gap,ZMB,Zambia,Sub-Saharan Africa ,0.026597662705226052,0.02546166563731628,0.027801958875636423,1.0,26.060454568579516,31.874122417377293,2024,0.0,0.4,0.006
water_gap,ZWE,Zimbabwe,Sub-Saharan Africa ,0.0026664353829581973,0.0021603650390763086,0.0032321661591643565,1.0,259.9527387725233,39.2889407827833,2024,0.0,0.007,0.379
sanitation_gap,AFG,Afghanistan,"Middle East, North Africa, Afghanistan & Pakistan",-0.027576601645802952,-0.033488235375232704,-0.0220296621028741,0.0,,25.3810305105212,2024,0.0,0.003,0.983
sanitation_gap,AGO,Angola,Sub-Saharan Africa ,0.0035683583860480744,0.002463806552445594,0.004595800786366931,1.0,194.2481963891524,39.291499584507605,2022,0.0,0.018,0.41
sanitation_gap,ALB,Albania,Europe & Central Asia,0.07308824137114121,0.05751441171521416,0.087360618663446,1.0,9.483703090352828,0.0281968715986096,2024,,,0.338
sanitation_gap,ARG,Argentina,Latin America & Caribbean ,0.004351658077808773,-0.0037270032922533795,0.013117929603482318,0.848,,19.695683987471497,2016,0.093,0.435,0.233
sanitation_gap,ARM,Armenia,Europe & Central Asia,-0.013026217056981163,-0.014965193019989765,-0.010907654335743979,0.0,,17.562740354055293,2024,0.0,0.135,0.594
sanitation_gap,ATG,Antigua and Barbuda,Latin America & Caribbean ,0.028509873182731047,0.01130718967289803,0.046920382223993105,1.0,24.312531175333227,-1.6200109317763065,2024,,,0.52
sanitation_gap,AZE,Azerbaijan,Europe & Central Asia,0.05171428778270233,0.039124863658467436,0.06265613816657685,1.0,13.403397983019168,1.6218638851123046,2024,,,0.26
sanitation_gap,BDI,Burundi,Sub-Saharan Africa ,0.003997100322156735,-0.02107677658277356,0.029396976982621476,0.635,,-3.0915164459566,2024,,,0.524
sanitation_gap,BEN,Benin,Sub-Saharan Africa ,-0.0044226402735107265,-0.0056642286598096465,-0.0032797792871426894,0.0,,20.557251518816894,2024,0.0,0.075,0.626
sanitation_gap,BFA,Burkina Faso,Sub-Saharan Africa ,0.021971566692990586,0.01854029642235034,0.02519158639725116,1.0,31.547462693275964,24.9165843180504,2024,0.0,0.422,0.065
sanitation_gap,BGD,Bangladesh,South Asia,0.0564959031986188,0.04274142927954858,0.07082891293700323,1.0,12.268981312204088,-0.0028918670229103,2024,,,0.43
sanitation_gap,BGR,Bulgaria,Europe & Central Asia,-0.026448237354705622,-0.0350479827205128,-0.019560535810069682,0.0,,3.065029238838406,2024,0.248,0.455,0.475
sanitation_gap,BIH,Bosnia and Herzegovina,Europe & Central Asia,-0.02093704874697417,-0.02550899795460669,-0.016105703413095335,0.0,,6.728077496515496,2018,0.222,0.392,0.507
sanitation_gap,BLR,Belarus,Europe & Central Asia,0.06127193874857957,0.019047738554904745,0.09855459274841025,0.997,11.312636660709778,1.0687336916027022,2024,,,0.25
sanitation_gap,BLZ,Belize,Latin America & Caribbean ,-0.04465685357162713,-0.05442479246139714,-0.03352641698070206,0.0,,16.9674499661663,2024,0.0,0.005,0.979
sanitation_gap,BOL,Bolivia,Latin America & Caribbean ,0.011772221452201238,0.008516239507885805,0.015158228321267295,1.0,58.87989648974337,25.595520317551795,2024,0.0,0.348,0.11
sanitation_gap,BRA,Brazil,Latin America & Caribbean ,0.015037740479069164,0.014052312858176276,0.015828798317574805,1.0,46.09383846760275,28.8895935002608,2024,0.0,0.42,0.038
sanitation_gap,BTN,Bhutan,South Asia,0.06714828652814975,0.048783381216340564,0.08411864162450318,1.0,10.322633925578515,-5.349197675830496,2024,,,0.664
sanitation_gap,BWA,Botswana,Sub-Saharan Africa ,0.028031563705322574,0.02473839962864293,0.03153514051349951,1.0,24.7273818844552,19.473294044060907,2024,0.001,0.581,0.039
sanitation_gap,CAF,Central African Republic,Sub-Saharan Africa ,0.021461864357922626,0.017134019740220104,0.02560176548428426,1.0,32.29669002656196,18.810818702750588,2024,0.0,0.385,0.148
sanitation_gap,CHL,Chile,Latin America & Caribbean ,0.06086896003297117,0.03988442050233039,0.07906606963685725,1.0,11.387531184769463,0.0,2024,,,0.325
sanitation_gap,CHN,China,East Asia & Pacific,0.04698852324217578,0.03377983385875085,0.060579261008328104,1.0,14.751414446193808,3.15307344012011,2024,0.511,0.693,0.26
sanitation_gap,CIV,Cote d'Ivoire,Sub-Saharan Africa ,0.0032431754871063783,0.002290688697893416,0.004198808740497455,1.0,213.72484570003462,30.0155421126249,2024,0.0,0.071,0.426
sanitation_gap,CMR,Cameroon,Sub-Saharan Africa ,-0.007133690007720414,-0.00847695375780351,-0.005765552396396797,0.0,,37.0438637287642,2024,0.0,0.003,0.781
sanitation_gap,COD,"Congo, Dem. Rep.",Sub-Saharan Africa ,-0.031570101968358556,-0.051491899996055544,-0.011053858726077597,0.003,,10.577947416778702,2024,0.0,0.062,0.856
sanitation_gap,COG,"Congo, Rep.",Sub-Saharan Africa ,-0.022618270173627095,-0.030970496829238657,-0.014027305697896104,0.0,,20.93926885637204,2021,0.0,0.02,0.911
sanitation_gap,COL,Colombia,Latin America & Caribbean ,0.01733190355561308,0.015467605096817995,0.019027263507282288,1.0,39.99255929020352,11.460786562148598,2024,0.041,0.611,0.132
sanitation_gap,COM,Comoros,Sub-Saharan Africa ,0.06209412198883729,0.048104607140566004,0.07481662897857447,1.0,11.162846954894585,0.4119522839409981,2024,,,0.464
sanitation_gap,CPV,Cabo Verde,Sub-Saharan Africa ,0.0387415602435329,0.0306104043652718,0.047305191199727356,1.0,17.891565961792974,9.529308278577105,2024,0.205,0.787,0.081
sanitation_gap,CRI,Costa Rica,Latin America & Caribbean ,0.037819994722271676,0.030730411455409588,0.044893559159924344,1.0,18.327532450758394,0.7911813938464007,2024,,,0.306
sanitation_gap,CZE,Czechia,Europe & Central Asia,0.03695686996413809,-0.009260977516318542,0.08498467531980158,0.935,18.755570513210557,-0.4059753533496035,2024,,,0.373
sanitation_gap,DJI,Djibouti,"Middle East, North Africa, Afghanistan & Pakistan",-0.009998974068666708,-0.014600398952560777,-0.0056712816106102735,0.0,,57.42138563292311,2023,0.0,0.0,0.86
sanitation_gap,DOM,Dominican Republic,Latin America & Caribbean ,0.004365196167961952,0.0021512075336808595,0.006272549817513281,1.0,158.78946876368352,10.6075357607929,2024,0.015,0.425,0.314
sanitation_gap,DZA,Algeria,"Middle East, North Africa, Afghanistan & Pakistan",0.02910072827249633,0.02269870904695708,0.035431494047851606,1.0,23.818894636222982,8.216862271074802,2024,0.115,0.66,0.154
sanitation_gap,ECU,Ecuador,Latin America & Caribbean ,0.03655645351201617,0.033841216934756384,0.03948104095284021,1.0,18.961007263248515,7.911836276620804,2024,0.174,0.71,0.117
sanitation_gap,EGY,"Egypt, Arab Rep.","Middle East, North Africa, Afghanistan & Pakistan",0.011175291252330126,0.00718293628107956,0.015357746202044692,1.0,62.02497679113458,5.039571728562507,2024,0.149,0.489,0.382
sanitation_gap,ETH,Ethiopia,Sub-Saharan Africa ,-0.00783895074601083,-0.011947029569417626,-0.0036025816292471523,0.0,,17.951569646807172,2024,0.0,0.071,0.68
sanitation_gap,FJI,Fiji,East Asia & Pacific,0.06078539961876743,0.041014676400945846,0.08039411156319337,1.0,11.403185385095943,0.0166889451085126,2024,,,0.384
sanitation_gap,GAB,Gabon,Sub-Saharan Africa ,-0.02120045794515868,-0.024149579347599346,-0.01858002119229787,0.0,,35.9244333987598,2024,0.0,0.0,0.985
sanitation_gap,GEO,Georgia,Europe & Central Asia,0.014702511938808147,0.01372746524697108,0.015611592547476995,1.0,47.14481331114192,18.01639325515451,2024,0.0,0.417,0.156
sanitation_gap,GHA,Ghana,Sub-Saharan Africa ,-0.015520518922808034,-0.018670324302858723,-0.011979213550797202,0.0,,13.608031676681,2024,0.0,0.145,0.665
sanitation_gap,GIN,Guinea,Sub-Saharan Africa ,-0.01080995937010724,-0.01275344498333336,-0.008900428867699473,0.0,,25.6436411560785,2024,0.0,0.017,0.803
sanitation_gap,GMB,"Gambia, The",Sub-Saharan Africa ,-0.03129664525813432,-0.06556090230768057,0.008876669198921746,0.047,,37.0645907897553,2024,0.0,0.018,0.829
sanitation_gap,GNB,Guinea-Bissau,Sub-Saharan Africa ,-0.023956313222596146,-0.03020986851537914,-0.01800112941698269,0.0,,25.6740919995564,2024,0.0,0.005,0.939
sanitation_gap,GNQ,Equatorial Guinea,Sub-Saharan Africa ,0.039969307816113075,0.03293465376405406,0.04673935159093693,1.0,17.34198609965701,12.647259699488195,2017,0.372,0.68,0.078
sanitation_gap,GRC,Greece,Europe & Central Asia,0.02035602015687878,-0.00043699779177371344,0.0405152134171398,0.971,34.0512131162198,1.0650860681904106,2024,,,0.304
sanitation_gap,GTM,Guatemala,Latin America & Caribbean ,0.021223303336579992,0.019764123129171363,0.02254597624593751,1.0,32.659721701534224,21.044601863648296,2024,0.0,0.504,0.062
sanitation_gap,GUY,Guyana,Latin America & Caribbean ,0.054805208071775455,0.04872825963113151,0.06054296351839856,1.0,12.64746919037635,2.627455630492605,2024,0.295,0.48,0.406
sanitation_gap,HND,Honduras,Latin America & Caribbean ,0.033048367000435286,0.03134399011004475,0.03478557595350183,1.0,20.973719535092783,8.2782990430253,2024,0.14,0.683,0.118
sanitation_gap,HRV,Croatia,Europe & Central Asia,-0.0476159183060606,-0.06482861057684515,-0.029737204233281557,0.0,,4.205424011307514,2021,0.167,0.317,0.651
sanitation_gap,HTI,Haiti,Latin America & Caribbean ,0.02683978807721829,0.02198196796907864,0.03150226340364193,1.0,25.825359669970386,8.351458307028203,2024,0.141,0.691,0.135
sanitation_gap,IDN,Indonesia,East Asia & Pacific,0.04622695185421649,0.03535081327892182,0.0564908019274596,1.0,14.994438368895425,4.594274472909305,2024,0.391,0.674,0.244
sanitation_gap,IND,India,South Asia,0.05193958849565802,0.04391568215347403,0.06027278510650999,1.0,13.345257454588614,6.334738639308711,2024,0.348,0.71,0.167
sanitation_gap,IRL,Ireland,Europe & Central Asia,-0.005636109432547519,-0.01350187113611303,0.001586903809172518,0.067,,-5.427798779648398,2024,,,0.417
sanitation_gap,IRN,"Iran, Islamic Rep.","Middle East, North Africa, Afghanistan & Pakistan",0.03359176510897925,0.027530266814909884,0.03932557978486087,1.0,20.63443758645072,10.5,2024,0.1,0.721,0.09
sanitation_gap,IRQ,Iraq,"Middle East, North Africa, Afghanistan & Pakistan",0.07196780121030273,0.051717618283339976,0.09055608119901733,1.0,9.631351366904289,1.195908879144099,2024,,,0.36
sanitation_gap,ISL,Iceland,Europe & Central Asia,0.06552178712928194,0.036594672536145435,0.10211224079095613,1.0,10.578880871980598,-1.2987012987013031,2024,,,0.46
sanitation_gap,JAM,Jamaica,Latin America & Caribbean ,0.006791721032082808,-0.0025091433515293045,0.017160496089200585,0.923,102.05766362982943,-3.889355847760712,2024,,,0.329
sanitation_gap,JOR,Jordan,"Middle East, North Africa, Afghanistan & Pakistan",-0.119342535800686,-0.14874910756043896,-0.08616210220687356,0.0,,1.8958372068171911,2024,,,0.546
sanitation_gap,KAZ,Kazakhstan,Europe & Central Asia,-0.02583552882221408,-0.04955236413546821,-0.0019250723473885202,0.018,,-1.989281115493,2024,,,0.417
sanitation_gap,KEN,Kenya,Sub-Saharan Africa ,0.08176649718315546,0.058661586869197854,0.10123999668389337,1.0,8.477153900910153,-1.693490088993201,2024,,,0.608
sanitation_gap,KGZ,Kyrgyz Republic,Europe & Central Asia,0.0002989579790949875,-0.018544537871832103,0.021140588310126874,0.511,,-3.058861423737298,2024,,,0.389
sanitation_gap,KHM,Cambodia,East Asia & Pacific,0.03869407812520238,0.027671641167628297,0.04960740617132892,1.0,17.91352098678071,13.222261889414,2024,0.122,0.671,0.155
sanitation_gap,KIR,Kiribati,East Asia & Pacific,0.03238712060292495,0.02385158968353884,0.04092508105570426,1.0,21.401939031818273,9.950057206672705,2024,0.159,0.752,0.097
sanitation_gap,LAO,Lao PDR,East Asia & Pacific,0.038346641672562604,0.032411179919025424,0.04453339070474374,1.0,18.07582490478948,16.098931252995996,2024,0.035,0.759,0.036
sanitation_gap,LBR,Liberia,Sub-Saharan Africa ,-0.0077014708320451136,-0.009668714937864349,-0.0058992979879088775,0.0,,24.5491103958515,2024,0.0,0.057,0.607
sanitation_gap,LCA,St. Lucia,Latin America & Caribbean ,0.00329469850368215,-0.02752540902006395,0.03899451516637889,0.58,,-4.840656626292002,2022,,,0.443
sanitation_gap,LKA,Sri Lanka,South Asia,0.053339104144612806,0.00766927460924675,0.09513664677035666,0.985,12.995103530060927,1.8645408495016085,2024,,,0.316
sanitation_gap,LSO,Lesotho,Sub-Saharan Africa ,0.07173255755576505,0.04841533364848431,0.09363446823717606,1.0,9.662936944930356,-4.123107317550499,2024,,,0.658
sanitation_gap,LTU,Lithuania,Europe & Central Asia,0.04610670853254631,0.037554692445168264,0.05462641126903565,1.0,15.033542896922667,4.844647218830801,2024,0.385,0.69,0.187
sanitation_gap,LUX,Luxembourg,Europe & Central Asia,0.025039873795951934,-0.011179325278442762,0.06829411516383994,0.924,27.681736186386164,-1.3697649618247991,2024,,,0.446
sanitation_gap,LVA,Latvia,Europe & Central Asia,0.019225335178896238,0.015616002157892467,0.02273643935374997,1.0,36.05384114815418,11.061757800382509,2024,0.03,0.55,0.169
sanitation_gap,MAR,Morocco,"Middle East, North Africa, Afghanistan & Pakistan",0.011462336401225539,0.0069214363770476696,0.015726021592678736,1.0,60.47171853077308,24.992213259073,2024,0.0,0.359,0.123
sanitation_gap,MDA,Moldova,Europe & Central Asia,0.03840884249362536,0.03203239706897139,0.04503865719047965,1.0,18.046552188470287,7.174883695219606,2024,0.228,0.681,0.14
sanitation_gap,MDG,Madagascar,Sub-Saharan Africa ,-0.0169226258706914,-0.020506868769495937,-0.013117069881742511,0.0,,11.6677696857777,2024,0.0,0.169,0.654
sanitation_gap,MDV,Maldives,South Asia,0.061342100066455275,0.04930411336282504,0.07317899392458181,1.0,11.299697594458305,0.0877059927019985,2024,,,0.397
sanitation_gap,MEX,Mexico,Latin America & Caribbean ,0.0521818536451034,0.04498951492581302,0.059611302287430536,1.0,13.283299310793806,4.5814122595676,2024,0.417,0.724,0.16
sanitation_gap,MHL,Marshall Islands,East Asia & Pacific,0.026437137156986586,0.020135866673537922,0.03400797734184073,1.0,26.218692910808088,14.453543272010904,2024,0.023,0.67,0.108
sanitation_gap,MKD,North Macedonia,Europe & Central Asia,0.0328178552872254,0.018654570349155693,0.048025294218854,1.0,21.121038364434437,2.104456436870805,2024,0.52,0.692,0.266
sanitation_gap,MLI,Mali,Sub-Saharan Africa ,0.020812792740450736,0.01947058625419631,0.022222583876302868,1.0,33.30390059632786,19.2236034980494,2024,0.0,0.332,0.157
sanitation_gap,MMR,Myanmar,East Asia & Pacific,0.034816130580029477,0.027169287896891096,0.042356241597496964,1.0,19.908794257496677,7.634837451966703,2024,0.149,0.636,0.172
sanitation_gap,MNE,Montenegro,Europe & Central Asia,-0.02398005297444525,-0.034306042689473626,-0.013278464173304664,0.0,,5.721655980635404,2024,0.074,0.365,0.542
sanitation_gap,MNG,Mongolia,East Asia & Pacific,0.002560236198172162,0.0008831897091447838,0.0042205268734526145,0.994,270.7356380066832,30.849239749456004,2024,0.0,0.087,0.28
sanitation_gap,MOZ,Mozambique,Sub-Saharan Africa ,-0.01265541768699825,-0.013785779809492162,-0.011653912159667655,0.0,,40.8993810834798,2024,0.0,0.0,0.943
sanitation_gap,MRT,Mauritania,Sub-Saharan Africa ,-0.022672052528795505,-0.026384847465292648,-0.0190488693844415,0.0,,54.8200315131653,2024,0.0,0.0,1.0
sanitation_gap,MUS,Mauritius,Sub-Saharan Africa ,0.021240358577905426,0.011519051179261304,0.031551245740261184,1.0,32.633497123771185,1.3170035965607951,2024,,,0.385
sanitation_gap,MWI,Malawi,Sub-Saharan Africa ,0.05390658445486125,0.030064589412242475,0.07432965025701257,1.0,12.85830270215604,-1.4691156035087047,2024,,,0.533
sanitation_gap,MYS,Malaysia,East Asia & Pacific,0.05160349864511952,0.04239500364236718,0.060353565677080966,1.0,13.43217415018237,0.1760873209839104,2024,,,0.323
sanitation_gap,NAM,Namibia,Sub-Saharan Africa ,0.025023662704009467,0.02394043630762714,0.026174393930074025,1.0,27.699669259403993,25.9364208788521,2024,0.0,0.513,0.019
sanitation_gap,NER,Niger,Sub-Saharan Africa ,-0.02217712741496989,-0.023324555727702402,-0.020833082773159997,0.0,,44.36401187268126,2024,0.0,0.0,1.0
sanitation_gap,NGA,Nigeria,Sub-Saharan Africa ,-0.05415812580233031,-0.06796995634704105,-0.03957828554890359,0.0,,24.9472124521927,2024,0.0,0.0,1.0
sanitation_gap,NLD,Netherlands,Europe & Central Asia,0.03369980450217805,0.018818779795319485,0.05206453006574385,1.0,20.56828491438716,-2.3929837529837954,2024,,,0.428
sanitation_gap,NPL,Nepal,South Asia,0.05805510936855296,0.03997850098438493,0.07510019351586608,1.0,11.939469033804047,-4.229906911473805,2024,,,0.586
sanitation_gap,OMN,Oman,"Middle East, North Africa, Afghanistan & Pakistan",0.08624304830944621,0.05011405209205666,0.11730434198778443,1.0,8.037136837660048,0.0251429218287029,2024,,,0.403
sanitation_gap,PAK,Pakistan,"Middle East, North Africa, Afghanistan & Pakistan",0.0330580409939526,0.02497517414830124,0.04186685209053154,1.0,20.967581856612274,18.010730667294297,2024,0.015,0.632,0.085
sanitation_gap,PAN,Panama,Latin America & Caribbean ,0.00547625493841805,0.004246847928631837,0.006685089484864216,1.0,126.57321259776445,26.1687390113662,2024,0.0,0.175,0.268
sanitation_gap,PER,Peru,Latin America & Caribbean ,0.024232684169849313,0.022857291908963438,0.02555595742461085,1.0,28.60381358093091,22.438433192452493,2024,0.0,0.637,0.019
sanitation_gap,PHL,Philippines,East Asia & Pacific,0.05391553960296204,0.04009334621048203,0.06842817268749524,1.0,12.856166991266926,-0.6600913158994928,2024,,,0.401
sanitation_gap,PLW,Palau,East Asia & Pacific,0.04783698669976729,0.041267461934725524,0.05435535828726518,1.0,14.489775138017153,0.7200775148026111,2024,,,0.301
sanitation_gap,PNG,Papua New Guinea,East Asia & Pacific,0.019264099469702464,0.015302124983688268,0.022948981526457912,1.0,35.981291606705504,28.9941267502126,2024,0.0,0.325,0.068
sanitation_gap,POL,Poland,Europe & Central Asia,0.08214357888930576,0.058622043119076477,0.102486755078224,1.0,8.438239360060143,-0.4648909654886068,2024,,,0.409
sanitation_gap,PRT,Portugal,Europe & Central Asia,0.06710636333027183,0.03911038156677358,0.09312618292530307,1.0,10.32908275998418,-0.1989244035624011,2024,,,0.394
sanitation_gap,PRY,Paraguay,Latin America & Caribbean ,0.058734806429121336,0.04518408512469189,0.07159171589154584,1.0,11.801301863425834,-0.5070617147658965,2024,,,0.409
sanitation_gap,PSE,West Bank and Gaza,"Middle East, North Africa, Afghanistan & Pakistan",0.04910907458255934,0.03452607837905754,0.06367092045258312,1.0,14.114441912251193,0.8382075100895037,2024,,,0.274
sanitation_gap,ROU,Romania,Europe & Central Asia,0.02650019069968506,0.018452694546748617,0.0345276648808897,1.0,26.156309153208582,17.2246245068835,2024,0.008,0.603,0.092
sanitation_gap,RUS,Russian Federation,Europe & Central Asia,-0.034226867141605236,-0.03918027944174075,-0.029287332572217786,0.0,,28.83139534883701,2024,0.0,0.0,0.986
sanitation_gap,RWA,Rwanda,Sub-Saharan Africa ,-0.017830685828705437,-0.05993851257205946,0.024785115552546748,0.18,,-30.389975999257096,2024,,,0.312
sanitation_gap,SAU,Saudi Arabia,"Middle East, North Africa, Afghanistan & Pakistan",-0.014345588422264417,-0.03569676373324015,0.006846994433777053,0.094,,2.303002051623011,2024,0.339,0.498,0.461
sanitation_gap,SDN,Sudan,Sub-Saharan Africa ,0.010712668267615655,0.007014551987904434,0.014531365286506958,1.0,64.70350460261389,24.3640904299734,2024,0.0,0.243,0.201
sanitation_gap,SEN,Senegal,Sub-Saharan Africa ,0.032254121670729746,0.028682624603910724,0.035741495162256706,1.0,21.490189304673226,16.977162974055396,2024,0.0,0.654,0.049
sanitation_gap,SLB,Solomon Islands,East Asia & Pacific,-0.001490241519398458,-0.002305739679636136,-0.0006554075322188725,0.0,,54.65719044968949,2024,0.0,0.0,0.527
sanitation_gap,SLE,Sierra Leone,Sub-Saharan Africa ,-0.018120556109692293,-0.020654529431889602,-0.015315003277986211,0.0,,21.405540414811,2024,0.0,0.017,0.844
sanitation_gap,SLV,El Salvador,Latin America & Caribbean ,0.0002517572904375691,-0.002114625819117175,0.0023458275749684136,0.587,,14.368753138892387,2024,0.001,0.368,0.306
sanitation_gap,SOM,"Somalia, Fed. Rep.",Sub-Saharan Africa ,0.031559685134632004,0.02633068003763581,0.03640531436811176,1.0,21.963057540118502,18.592720814367794,2024,0.002,0.543,0.072
sanitation_gap,SRB,Serbia,Europe & Central Asia,-0.0520329905740209,-0.05900964327724846,-0.04552345114534063,0.0,,4.2390300772595,2024,0.115,0.33,0.632
sanitation_gap,STP,Sao Tome and Principe,Sub-Saharan Africa ,0.009635546350598712,0.005310583414923513,0.013816971335572454,1.0,71.93646891822341,11.393943905629698,2024,0.012,0.423,0.298
sanitation_gap,SUR,Suriname,Latin America & Caribbean ,0.03874349867746021,0.03283267506060465,0.044783948751261383,1.0,17.890670802097624,11.474297450417993,2024,0.084,0.722,0.058
sanitation_gap,SVK,Slovak Republic,Europe & Central Asia,-0.053209627464815126,-0.0815278268154144,-0.021995162025194966,0.001,,2.5082630792466034,2024,0.254,0.419,0.55
sanitation_gap,SWZ,Eswatini,Sub-Saharan Africa ,0.00605479342052493,-0.03448459796110478,0.04518929655111829,0.623,,-22.555928111651703,2024,,,0.527
sanitation_gap,SYR,Syrian Arab Republic,"Middle East, North Africa, Afghanistan & Pakistan",0.042329531890051175,0.03860969963492673,0.04635026921176149,1.0,16.375025888789892,1.9233420447072973,2024,,,0.278
sanitation_gap,TCD,Chad,Sub-Saharan Africa ,-0.021415913808334863,-0.028099168785828254,-0.015156048865316083,0.0,,34.9462060339614,2024,0.0,0.0,0.987
sanitation_gap,TGO,Togo,Sub-Saharan Africa ,-0.006625339193236447,-0.008901283340044896,-0.00449610125481575,0.0,,24.1045117105729,2024,0.0,0.044,0.675
sanitation_gap,THA,Thailand,East Asia & Pacific,0.07096590156408088,0.05199587428682582,0.09013981252585006,1.0,9.767327199162635,0.8044697823413998,2024,,,0.247
sanitation_gap,TJK,Tajikistan,Europe & Central Asia,0.027057019332512984,-0.018102861953452374,0.07110164512427074,0.881,,-3.539825520790899,2023,,,0.533
sanitation_gap,TKM,Turkmenistan,Europe & Central Asia,0.04668754840178047,0.028997404465572287,0.06422271632064705,1.0,14.84651056412102,-0.359139348720106,2024,,,0.574
sanitation_gap,TLS,Timor-Leste,East Asia & Pacific,0.048235726443393606,0.03989485292526945,0.05678343650373928,1.0,14.369995678895371,10.702519545297392,2024,0.16,0.727,0.095
sanitation_gap,TON,Tonga,East Asia & Pacific,0.04413167549555609,0.03471649130975623,0.05514396487658709,1.0,15.706341823113942,3.3008011351619047,2024,0.339,0.578,0.301
sanitation_gap,TTO,Trinidad and Tobago,Latin America & Caribbean ,0.02733451938442113,-0.013743582254017618,0.06416184081453812,0.914,25.357942856496443,2.037670330683099,2024,0.459,0.578,0.379
sanitation_gap,TUN,Tunisia,"Middle East, North Africa, Afghanistan & Pakistan",0.05426203364327416,0.038668424397870646,0.06981579927364115,1.0,12.774073030819066,-1.2082145612353088,2024,,,0.427
sanitation_gap,TUR,Turkiye,Europe & Central Asia,0.05690492830476139,0.04134096588841491,0.06962987161496685,1.0,12.180793495559993,2.6265909028125947,2024,0.534,0.688,0.253
sanitation_gap,TUV,Tuvalu,East Asia & Pacific,0.0899954399808158,0.0737065984271635,0.10331686938593487,1.0,7.7020255771592705,-2.272254788501499,2024,,,0.666
sanitation_gap,TZA,Tanzania,Sub-Saharan Africa ,-0.028660596438132457,-0.031600248517431415,-0.02541694067103315,0.0,,30.0123791947272,2024,0.0,0.0,0.996
sanitation_gap,UGA,Uganda,Sub-Saharan Africa ,0.019441656793794865,0.01726306515718001,0.022074364175248582,1.0,35.65268062859617,11.9239152712056,2024,0.003,0.391,0.29
sanitation_gap,UKR,Ukraine,Europe & Central Asia,0.040931717441122964,0.03206917756033871,0.04942485281418182,1.0,16.93423154200609,0.9053153907762096,2024,,,0.242
sanitation_gap,URY,Uruguay,Latin America & Caribbean ,0.03977926225623932,0.017744371292326706,0.05940491971163078,1.0,17.42483749685997,-0.4822024892599899,2024,,,0.327
sanitation_gap,UZB,Uzbekistan,Europe & Central Asia,0.05286711019551767,0.025889151272007964,0.08037004438876426,1.0,13.111122926834643,-2.5291365988593952,2024,,,0.594
sanitation_gap,VCT,St. Vincent and the Grenadines,Latin America & Caribbean ,0.040744576600230106,0.03152545951905562,0.0501746186208086,1.0,17.012010883333875,6.979453173984808,2018,0.52,0.731,0.128
sanitation_gap,VNM,Viet Nam,East Asia & Pacific,0.04923930222348953,0.03935029816068393,0.05931673750151556,1.0,14.077112169743147,4.949038698004998,2024,0.378,0.682,0.206
sanitation_gap,VUT,Vanuatu,East Asia & Pacific,0.0387729511165819,0.026426229837929516,0.05106142016868138,1.0,17.877080815329258,3.9920802656862975,2024,0.282,0.53,0.34
sanitation_gap,WSM,Samoa,East Asia & Pacific,0.10572365940766804,0.08014269635810033,0.13070796009192368,1.0,6.556216313769328,0.520341766319703,2024,,,0.54
sanitation_gap,ZAF,South Africa,Sub-Saharan Africa ,0.05871778325802876,0.04063507698387644,0.0758834893788494,1.0,11.804723238852311,-2.698081141515601,2024,,,0.52
sanitation_gap,ZMB,Zambia,Sub-Saharan Africa ,0.044300473434945836,0.03829571026413073,0.05017336826005071,1.0,15.64649600365592,10.974290795623894,2024,0.076,0.617,0.1
sanitation_gap,ZWE,Zimbabwe,Sub-Saharan Africa ,0.03710338988401362,0.024854392656184585,0.049510727871989194,1.0,18.681505456152266,8.596475074154096,2024,0.125,0.591,0.222
