spec,transition,covariate,n_from,n_moves,odds_ratio,or_lo95,or_hi95,p_boot_beta_gt0
A,Converging -> Stalled,log_gdppc,629,15,1.356,0.718,2.697,0.833
A,Converging -> Stalled,fertility,629,15,1.73,0.834,4.889,0.923
A,Converging -> Stalled,rural_pop_share,629,15,0.868,0.503,1.424,0.287
A,Converging -> Stalled,internet,629,15,1.172,0.589,2.513,0.717
A,Stalled -> Converging,log_gdppc,1046,23,0.625,0.32,1.298,0.087
A,Stalled -> Converging,fertility,1046,23,0.337,0.128,0.582,0.0
A,Stalled -> Converging,rural_pop_share,1046,23,0.841,0.464,1.694,0.287
A,Stalled -> Converging,internet,1046,23,0.71,0.416,1.062,0.057
A,Stalled -> Diverging,log_gdppc,1046,13,0.807,0.318,1.679,0.26
A,Stalled -> Diverging,fertility,1046,13,1.294,0.477,2.963,0.687
A,Stalled -> Diverging,rural_pop_share,1046,13,1.135,0.617,2.385,0.65
A,Stalled -> Diverging,internet,1046,13,0.78,0.217,1.616,0.293
A,Diverging -> Stalled,log_gdppc,489,22,2.564,1.166,5.636,0.99
A,Diverging -> Stalled,fertility,489,22,0.7,0.396,1.083,0.043
A,Diverging -> Stalled,rural_pop_share,489,22,1.437,0.814,3.401,0.853
A,Diverging -> Stalled,internet,489,22,0.79,0.489,2.081,0.313
B,Converging -> Stalled,log_gdppc,281,6,1.524,0.543,3.834,0.757
B,Converging -> Stalled,fertility,281,6,1.94,0.528,5.137,0.847
B,Converging -> Stalled,rural_pop_share,281,6,1.459,0.752,2.65,0.823
B,Converging -> Stalled,internet,281,6,1.945,0.773,4.59,0.91
B,Converging -> Stalled,women_account,281,6,0.527,0.267,1.127,0.073
B,Stalled -> Converging,log_gdppc,385,12,0.656,0.209,2.018,0.183
B,Stalled -> Converging,fertility,385,12,0.25,0.119,0.543,0.007
B,Stalled -> Converging,rural_pop_share,385,12,0.951,0.442,2.328,0.51
B,Stalled -> Converging,internet,385,12,0.662,0.314,1.452,0.173
B,Stalled -> Converging,women_account,385,12,0.556,0.176,1.269,0.113
B,Stalled -> Diverging,log_gdppc,385,4,1.359,0.414,4.078,0.711
B,Stalled -> Diverging,fertility,385,4,2.207,0.61,7.426,0.896
B,Stalled -> Diverging,rural_pop_share,385,4,0.93,0.476,2.172,0.409
B,Stalled -> Diverging,internet,385,4,0.904,0.322,1.608,0.339
B,Stalled -> Diverging,women_account,385,4,1.125,0.368,2.91,0.55
B,Diverging -> Stalled,log_gdppc,185,7,1.416,0.722,3.352,0.827
B,Diverging -> Stalled,fertility,185,7,0.435,0.216,0.782,0.01
B,Diverging -> Stalled,rural_pop_share,185,7,1.634,0.656,3.858,0.867
B,Diverging -> Stalled,internet,185,7,0.912,0.387,3.822,0.55
B,Diverging -> Stalled,women_account,185,7,1.057,0.501,2.29,0.557
