iso,country,region,meaningful_gap,gap_Overall_2021,delay_Overall_2021,delay_Overall_ext_median,gap_Education_2021,delay_Education_2021,delay_Education_ext_median,gap_Employment_2021,delay_Employment_2021,delay_Employment_ext_median,gap_Health_2021,delay_Health_2021,delay_Health_ext_median,gap_Infrastructure_2021,delay_Infrastructure_2021,delay_Infrastructure_ext_median,pwc_Overall_2010_2020,p_pwc_Overall,pwc_Health_2010_2020,p_pwc_Health,pwc_Infrastructure_2010_2020,p_pwc_Infrastructure,pwc_Education_2010_2020,p_pwc_Education,pwc_Employment_2010_2020,p_pwc_Employment,p_convergence_Overall,half_life_Overall,half_life_verdict,change_point_Health,change_point_Infrastructure,edu_emp_leakage_Lambda,p_edu_emp_leakage,intersectional_I,p_intersectional_gt0,dtw_analogues,share_analogues_escaped,p_delay_widens_2024_2027
ABW,Aruba,North America,False,-0.03,,,,,,,,,,,,-0.02,0.0 (0.0-31.0),0.0,,,,,At parity,0.12,,,,,,,,,,,,,,,,
AFG,Afghanistan,Asia,True,0.59,14.2 (11.5-16.8),14.2,,,,,,,0.4,11.5 (11.2-12.0),11.5,0.89,22.2 (21.8-22.8),22.2,Converging progress,0.2,Progress Without Convergence,1.0,Converging progress,0.0,,,,,0.94,47.7 (23.4-nan),Converging,,,,,,,CPV@2014:Partial improvement; IDN@2009:Escaper; IND@2013:Partial improvement; PAK@2014:Partial improvement; PHL@2008:Partial improvement,0.2,0.43
AGO,Angola,Africa,True,0.87,,,1.1,,,1.2,,,0.73,>31,60.0,0.96,>31,60.0,,,Converging progress,0.06,Converging progress,0.0,,,,,,,,,,,,0.052,0.7,,,
ALB,Albania,Europe,True,0.23,12.2 (6.0-31.0),12.2,0.51,10.1 (0.0-26.2),10.1,1.15,>27,27.0,0.02,1.0 (0.0-1.2),1.0,0.55,18.0 (17.8-18.2),18.0,Converging progress,0.24,Converging progress,0.0,Converging progress,0.36,Insufficient data,0.23,Insufficient data,0.12,0.58,,No strong evidence of convergence,,,,,0.101,0.86,MKD@2014:Escaper; KAZ@2010:Escaper; BLR@2014:Stagnator; UKR@2014:Escaper; LBN@2014:Stagnator,0.6,0.57
AND,Andorra,Europe,False,0.0,,,,,,,,,-0.0,0.0 (0.0-16.0),0.0,-0.0,0.0 (0.0-15.5),0.0,,,At parity,0.14,At parity,0.16,,,,,,,,,,,,,,,,
ARE,United Arab Emirates,Asia,False,-0.09,,,,,,,,,-0.31,0.0 (0.0-0.0),0.0,-0.0,0.0 (0.0-16.0),0.0,,,Uncertain,0.13,At parity,0.1,,,,,,,,,,,,,,,,
ARG,Argentina,South America,True,0.52,15.6 (12.2-19.5),15.6,,,,,,,1.13,>31,60.0,0.37,20.8 (20.5-21.5),20.8,Converging progress,0.04,Insufficient data,0.99,Converging progress,0.0,,,,,0.92,39.1 (18.3-nan),Converging,,Convergence break 2007-2010 (p=0.94),,,,,URY@2014:Escaper; LTU@2014:Escaper; ARM@2014:Stagnator; EGY@2014:Partial improvement; CHL@2014:Partial improvement,0.4,0.29
ARM,Armenia,Asia,True,0.61,22.2 (18.2-31.0),22.2,0.18,4.9 (0.0-23.8),4.9,1.18,>31,53.6,1.56,>31,60.0,0.49,16.2 (16.0-16.2),16.2,Uncertain,0.46,Progress Without Convergence,1.0,Converging progress,0.0,Uncertain,0.22,Converging progress,0.38,0.58,,No strong evidence of convergence,Divergence 2014-2017 (p=0.48),Convergence break 2014-2017 (p=0.87),-0.027,0.47,-0.057,0.22,LTU@2014:Escaper; CHL@2014:Partial improvement; URY@2014:Escaper; JOR@2008:Stagnator; LVA@2012:Stagnator,0.4,0.18
ATG,Antigua and Barbuda,North America,False,-0.19,,,,,,,,,-0.51,0.0 (0.0-0.0),0.0,0.0,1.2 (0.0-16.0),1.2,,,Converging progress,0.0,At parity,0.12,,,,,,,,,,,,,,,,
AUS,Australia,Oceania,False,0.17,,,,,,,,,-0.0,0.0 (0.0-31.0),0.0,0.0,0.4 (0.0-15.3),0.4,,,At parity,0.17,At parity,0.17,,,,,,,,,,,,,,,,
AUT,Austria,Europe,False,-0.0,0.0 (0.0-16.5),0.0,0.29,6.0 (0.0-19.0),6.0,0.52,>31,33.2,0.0,0.4 (0.0-16.0),0.4,0.0,2.5 (0.0-16.0),2.5,At parity,0.28,At parity,0.16,At parity,0.17,Insufficient data,0.3,Insufficient data,0.09,,,,,,-0.027,0.33,,,,,
AZE,Azerbaijan,Asia,True,0.48,18.0 (12.5-23.8),18.0,,,,,,,0.57,5.0 (4.8-5.2),5.0,0.47,17.2 (17.0-17.5),17.2,Converging progress,0.35,Progress Without Convergence,1.0,Converging progress,0.0,,,,,0.94,39.8 (18.4-nan),Converging,Divergence 2016-2019 (p=0.53),Convergence break 2015-2018 (p=0.67),,,,,EGY@2010:Stagnator; LTU@2008:Stagnator; CRI@2014:Stagnator; MDV@2014:Partial improvement; ROU@2012:Stagnator,0.0,0.16
BDI,Burundi,Africa,True,0.71,,,1.22,,,1.36,,,-0.06,0.0 (0.0-0.0),0.0,0.0,0.2 (0.0-31.0),0.2,,,At parity,0.0,At parity,0.14,,,,,,,,,Divergence 2009-2012 (p=0.82),,,,,,,
BEL,Belgium,Europe,False,0.01,0.0 (0.0-14.3),0.0,0.31,2.6 (0.0-18.0),2.6,0.68,>31,46.4,-0.01,0.0 (0.0-15.5),0.0,0.0,0.2 (0.0-16.0),0.2,At parity,0.34,At parity,0.14,At parity,0.15,Insufficient data,0.4,Insufficient data,0.07,,,,,,0.064,0.85,,,,,
BEN,Benin,Africa,True,0.54,>31,41.9,0.64,,,0.53,,,0.58,>31,60.0,0.47,18.2 (18.0-18.5),18.2,Converging progress,0.05,Converging progress,0.0,Converging progress,0.0,,,,,1.0,27.6 (16.0-82.8),Converging,,Convergence break 2005-2008 (p=0.99),,,,,RWA@2012:Stagnator; SOM@2014:Stagnator; KEN@2008:Stagnator; MWI@2014:Stagnator; LSO@2009:Stagnator,0.0,0.03
BFA,Burkina Faso,Africa,True,0.8,>31,39.7,0.99,,,1.22,,,0.55,>31,60.0,0.86,>31,37.3,Converging progress,0.01,Converging progress,0.0,Progress Without Convergence,1.0,,,,,1.0,32.3 (19.3-84.8),Converging,Divergence 2006-2009 (p=0.59),,,,,,GHA@2009:Stagnator; COG@2014:Stagnator; MRT@2010:Stagnator; SDN@2008:Partial improvement; LSO@2012:Stagnator,0.0,0.04
BGD,Bangladesh,Asia,True,0.25,8.8 (5.5-14.8),8.8,0.48,8.1 (0.0-31.0),8.1,0.88,23.8 (10.5-31.0),23.8,0.06,4.2 (3.5-5.2),4.2,0.75,>31,47.2,Converging progress,0.0,Converging progress,0.0,Converging progress,0.0,Insufficient data,0.28,Insufficient data,0.37,1.0,11.3 (7.5-18.8),Converging,,Divergence 2005-2008 (p=0.35),-0.031,0.46,-0.107,0.01,PHL@2014:Stagnator; LKA@2008:Stagnator; IDN@2014:Escaper; FJI@2008:Partial improvement; ZAF@2014:Stagnator,0.2,
BGR,Bulgaria,Europe,True,0.34,>31,60.0,0.65,15.5 (0.0-31.0),15.5,0.95,>31,34.9,0.1,>31,60.0,0.45,>31,60.0,Uncertain,0.44,Uncertain,0.16,No rural progress,0.06,Insufficient data,0.26,Insufficient data,0.04,0.14,,Diverging,,,-0.057,0.46,0.029,0.77,MNE@2013:Escaper; ALB@2013:Escaper; THA@2014:Escaper; KGZ@2014:Escaper; RUS@2011:Stagnator,0.8,0.01
BHR,Bahrain,Asia,False,-0.0,,,,,,,,,,,,0.0,0.6 (0.0-14.3),0.6,,,,,At parity,0.14,,,,,,,,,,,,,,,,
BHS,"Bahamas, The",North America,False,0.0,,,,,,,,,,,,-0.0,0.0 (0.0-15.3),0.0,,,,,At parity,0.22,,,,,,,,,,,,,,,,
BIH,Bosnia and Herzegovina,Europe,True,0.38,>31,60.0,0.18,,,1.16,22.2 (15.7-31.0),22.2,0.84,>31,60.0,0.62,>31,60.0,Uncertain,0.04,Uncertain,0.34,No rural progress,0.0,,,Insufficient data,0.18,0.4,,No strong evidence of convergence,,,,,-0.153,0.06,XKX@2014:Stagnator; RUS@2013:Stagnator; UZB@2014:Stagnator; MYS@2010:Stagnator; ROU@2008:Stagnator,0.0,0.03
BLR,Belarus,Europe,True,0.23,5.5 (2.8-8.3),5.5,0.54,9.9 (0.0-19.6),9.9,0.26,4.5 (0.0-17.0),4.5,0.41,3.2 (3.2-3.5),3.2,0.1,15.8 (15.5-15.8),15.8,Progress Without Convergence,0.61,Progress Without Convergence,1.0,Converging progress,0.0,Insufficient data,0.18,Insufficient data,0.44,0.19,,Diverging,Convergence break 2018-2021 (p=0.79),Convergence break 2006-2009 (p=0.98),0.04,0.52,,,JOR@2014:Stagnator; POL@2014:Escaper; HRV@2014:Stagnator; MUS@2010:Escaper; LVA@2014:Stagnator,0.4,0.41
BLZ,Belize,North America,True,0.49,>27,27.0,0.72,21.5 (0.0-31.0),21.5,1.31,>31,49.7,0.58,>31,60.0,0.51,>31,60.0,Uncertain,0.58,No rural progress,0.0,Converging progress,0.0,Insufficient data,0.28,Insufficient data,0.08,0.82,66.3 (21.5-nan),Converging,,,-0.062,0.45,0.005,0.54,TON@2011:Stagnator; AZE@2012:Stagnator; TJK@2010:Stagnator; THA@2008:Partial improvement; IRQ@2013:Partial improvement,0.0,0.12
BMU,Bermuda,North America,True,0.39,,,,,,,,,,,,0.02,3.4 (0.0-31.0),3.4,,,,,At parity,0.06,,,,,,,,,,,,,,,,
BOL,Bolivia,South America,True,0.92,>31,60.0,1.31,>31,60.0,1.65,>31,60.0,0.53,21.2 (17.0-31.0),21.2,1.13,>31,34.7,Converging progress,0.04,Converging progress,0.01,Progress Without Convergence,1.0,Uncertain,0.4,Uncertain,0.36,1.0,37.6 (23.3-92.2),Converging,Divergence 2006-2009 (p=0.35),Divergence 2009-2012 (p=0.50),0.077,0.62,-0.056,0.02,MAR@2010:Stagnator; SLV@2008:Stagnator; PRY@2008:Partial improvement; HND@2013:Stagnator; BTN@2011:Escaper,0.2,0.0
BRA,Brazil,South America,True,0.78,>31,49.6,1.01,17.5 (13.2-20.0),17.5,1.34,>31,60.0,0.97,>31,60.0,0.81,>31,55.5,Converging progress,0.03,Progress Without Convergence,1.0,Converging progress,0.0,Uncertain,0.54,Uncertain,0.5,1.0,32.0 (19.4-83.5),Converging,Divergence 2016-2019 (p=0.36),Convergence break 2012-2015 (p=0.40),0.015,0.54,-0.22,0.0,TUN@2011:Stagnator; URY@2008:Escaper; ARG@2012:Stagnator; TUR@2011:Stagnator; IRN@2009:Stagnator,0.2,0.0
BRB,Barbados,North America,False,-0.0,,,,,,,,,,,,0.0,0.0 (0.0-15.3),0.0,,,,,At parity,0.14,,,,,,,,,,,,,,,,
BRN,Brunei Darussalam,Asia,False,0.0,,,,,,,,,,,,0.0,1.1 (0.0-15.0),1.1,,,,,At parity,0.16,,,,,,,,,,,,,,,,
BTN,Bhutan,Asia,False,0.14,8.0 (4.0-12.0),8.0,1.07,20.5 (6.2-31.0),20.5,1.26,>31,60.0,-0.03,0.0 (0.0-0.0),0.0,0.6,20.5 (20.2-21.0),20.5,Converging progress,0.0,Converging progress,0.0,Converging progress,0.0,Uncertain,0.36,Uncertain,0.1,1.0,6.9 (5.2-9.9),Converging,,,-0.038,0.42,,,,,
BWA,Botswana,Africa,True,0.9,21.6 (20.0-23.2),21.6,0.84,18.0 (0.0-31.0),18.0,0.48,>27,27.0,0.43,>31,60.0,0.77,>31,48.2,Progress Without Convergence,0.61,Converging progress,0.0,No rural progress,0.0,Insufficient data,0.26,Insufficient data,0.33,0.36,,No strong evidence of convergence,,,-0.156,0.34,-0.34,0.0,PAK@2012:Partial improvement; GTM@2008:Stagnator; HND@2008:Stagnator; IDN@2008:Partial improvement; YEM@2014:Stagnator,0.0,0.21
CAF,Central African Republic,Africa,True,0.77,>31,46.9,1.0,19.2 (0.0-31.0),19.2,0.97,21.0 (0.2-31.0),21.0,0.72,>31,60.0,0.34,22.0 (21.5-24.5),22.0,No rural progress,0.16,No rural progress,0.0,Uncertain,0.54,Insufficient data,0.32,Insufficient data,0.17,0.06,,Diverging,,,-0.004,0.5,0.607,1.0,TCD@2010:Fall behind; GNB@2012:Partial improvement; SLE@2012:Stagnator; COD@2012:Stagnator; MDG@2008:Stagnator,0.0,0.56
CAN,Canada,North America,False,0.03,,,,,,,,,-0.07,0.0 (0.0-0.0),0.0,0.0,0.1 (0.0-15.2),0.1,,,No rural progress,0.0,At parity,0.16,,,,,,,,Convergence break 2010-2013 (p=0.86),,,,,,,,
CHE,Switzerland,Europe,False,0.01,0.2 (0.0-16.8),0.2,0.26,3.1 (0.0-21.6),3.1,0.44,20.5 (0.0-31.0),20.5,0.0,0.5 (0.0-15.5),0.5,0.0,0.8 (0.0-16.3),0.8,At parity,0.27,At parity,0.09,At parity,0.11,Insufficient data,0.34,Insufficient data,0.08,,,,,,-0.033,0.46,0.123,0.99,,,
CHL,Chile,South America,True,0.51,>31,36.8,0.87,24.4 (0.0-31.0),24.4,0.89,>31,60.0,0.08,12.0 (10.0-27.0),12.0,0.0,0.5 (0.0-15.5),0.5,Converging progress,0.0,Converging progress,0.0,At parity,0.14,Uncertain,0.3,Uncertain,0.12,1.0,16.6 (11.7-28.1),Converging,Convergence break 2018-2021 (p=0.68),,-0.032,0.42,-0.155,0.0,HRV@2010:Stagnator; GRC@2011:Stagnator; PRT@2013:Stagnator; JOR@2008:Stagnator; EST@2008:Fall behind,0.0,0.13
CHN,China,Asia,True,0.42,19.6 (14.7-26.8),19.6,0.85,19.9 (0.0-31.0),19.9,1.15,>31,60.0,0.48,8.5 (8.0-9.2),8.5,0.49,18.8 (18.5-19.5),18.8,Converging progress,0.02,Converging progress,0.0,Converging progress,0.0,Insufficient data,0.24,Insufficient data,0.19,1.0,15.8 (10.9-24.4),Converging,,,-0.125,0.36,-0.053,0.19,MDV@2013:Partial improvement; UZB@2013:Stagnator; EGY@2008:Stagnator; RUS@2014:Stagnator; IRN@2014:Stagnator,0.0,0.13
CIV,Cote d'Ivoire,Africa,True,0.8,>31,60.0,1.13,20.5 (0.0-31.0),20.5,1.37,>31,60.0,0.58,>31,60.0,0.95,>31,46.1,Converging progress,0.29,Converging progress,0.0,Progress Without Convergence,0.96,Insufficient data,0.34,Insufficient data,0.1,0.88,71.2 (29.5-nan),Converging,,,-0.029,0.48,-0.181,0.0,SLB@2014:Stagnator; SEN@2013:Stagnator; BWA@2008:Fall behind; TLS@2014:Partial improvement; NAM@2010:Stagnator,0.0,0.02
CMR,Cameroon,Africa,True,0.84,>31,60.0,1.17,24.0 (1.9-31.0),24.0,1.07,>31,60.0,0.67,>31,60.0,0.79,>31,47.5,Converging progress,0.14,Progress Without Convergence,0.76,Converging progress,0.0,Insufficient data,0.22,Insufficient data,0.05,0.88,72.0 (27.9-nan),Converging,,,-0.007,0.48,-0.197,0.0,SLB@2014:Stagnator; SEN@2011:Stagnator; BWA@2008:Fall behind; NAM@2008:Stagnator; CIV@2014:Stagnator,0.0,0.03
COD,"Congo, Dem. Rep.",Africa,True,1.0,>31,60.0,1.37,23.5 (3.0-31.0),23.5,1.17,>31,60.0,0.34,>31,60.0,0.78,>31,60.0,No rural progress,0.02,No rural progress,0.0,Converging progress,0.01,Insufficient data,0.27,Insufficient data,0.1,0.02,,Diverging,,Convergence break 2017-2020 (p=0.36),-0.048,0.46,-0.046,0.26,MDG@2008:Stagnator; TCD@2014:Stagnator; TGO@2008:Stagnator; UGA@2008:Partial improvement; BEN@2008:Stagnator,0.0,0.03
COG,"Congo, Rep.",Africa,True,0.86,>31,46.0,1.2,23.5 (0.0-31.0),23.5,1.43,>31,60.0,0.74,>31,60.0,0.85,26.2 (25.5-31.0),26.2,Uncertain,0.41,Progress Without Convergence,0.92,Progress Without Convergence,1.0,Insufficient data,0.22,Insufficient data,0.08,0.61,,No strong evidence of convergence,,,-0.096,0.39,0.219,0.99,GHA@2010:Stagnator; MRT@2011:Stagnator; CMR@2008:Stagnator; SDN@2009:Escaper; ZMB@2014:Stagnator,0.2,0.03
COL,Colombia,South America,True,0.98,>31,60.0,1.06,>31,60.0,1.26,>31,60.0,0.71,17.2 (17.0-21.5),17.2,1.14,>31,42.9,Converging progress,0.23,Progress Without Convergence,1.0,Progress Without Convergence,1.0,Converging progress,0.29,No rural progress,0.07,0.74,,No strong evidence of convergence,Divergence 2018-2021 (p=0.96),,-0.004,0.48,0.398,1.0,BRA@2013:Partial improvement; PAN@2014:Stagnator; MEX@2008:Stagnator; ECU@2014:Stagnator; CHN@2011:Partial improvement,0.0,0.01
COM,Comoros,Africa,True,0.38,12.8 (8.5-19.2),12.8,0.95,14.5 (0.0-31.0),14.5,0.72,>27,27.0,0.05,7.2 (6.0-8.5),7.2,0.38,12.5 (12.5-12.8),12.5,Progress Without Convergence,0.62,Converging progress,0.0,Converging progress,0.0,Insufficient data,0.3,Insufficient data,0.12,0.56,,No strong evidence of convergence,,Convergence break 2005-2008 (p=0.95),-0.035,0.46,0.185,0.99,NPL@2013:Partial improvement; BGD@2012:Escaper; SWZ@2014:Partial improvement; MMR@2013:Stagnator; CPV@2009:Partial improvement,0.2,0.65
CPV,Cabo Verde,Africa,True,0.42,20.5 (13.8-27.0),20.5,0.85,17.2 (0.0-31.0),17.2,1.19,>31,60.0,0.28,7.5 (7.2-8.0),7.5,0.74,>31,60.0,Converging progress,0.06,Converging progress,0.0,Converging progress,0.0,Insufficient data,0.24,Insufficient data,0.06,0.98,23.3 (12.4-117.3),Converging,,,-0.037,0.46,,,PHL@2014:Stagnator; LKA@2008:Stagnator; IDN@2014:Escaper; ZAF@2013:Stagnator; FJI@2008:Partial improvement,0.2,0.07
CRI,Costa Rica,North America,True,0.27,>31,60.0,0.62,26.5 (21.7-31.0),26.5,0.72,>31,60.0,0.35,17.0 (17.0-21.6),17.0,0.53,>31,60.0,Converging progress,0.01,Converging progress,0.0,Converging progress,0.0,Converging progress,0.2,Converging progress,0.02,1.0,13.2 (8.8-23.8),Converging,Convergence break 2018-2021 (p=0.53),,0.12,0.74,0.048,0.98,UKR@2011:Stagnator; MUS@2008:Escaper; EGY@2014:Partial improvement; LBN@2014:Stagnator; KAZ@2012:Escaper,0.4,0.01
CUB,Cuba,North America,True,0.28,,,,,,,,,0.16,6.8 (6.0-8.7),6.8,0.35,13.5 (13.2-13.8),13.5,,,Converging progress,0.0,Converging progress,0.1,,,,,,,,,Divergence 2009-2012 (p=0.56),,,,,,,
CUW,Curacao,North America,False,0.0,,,,,,,,,,,,0.02,6.2 (0.0-31.0),6.2,,,,,At parity,0.1,,,,,,,,,,,,,,,,
CYM,Cayman Islands,North America,False,-0.57,,,,,,,,,,,,-0.01,0.0 (0.0-31.0),0.0,,,,,At parity,0.08,,,,,,,,,,,,,,,,
CYP,Cyprus,Europe,False,0.12,16.2 (0.0-26.8),16.2,0.57,12.0 (0.0-23.8),12.0,0.52,26.2 (0.0-31.0),26.2,0.31,>31,60.0,0.0,1.1 (0.0-15.8),1.1,Uncertain,0.24,No rural progress,0.0,At parity,0.1,Insufficient data,0.39,Insufficient data,0.08,0.24,,No strong evidence of convergence,,,-0.076,0.36,0.139,1.0,,,
CZE,Czechia,Europe,False,-0.05,0.0 (0.0-16.8),0.0,0.33,6.1 (0.0-25.5),6.1,0.76,23.1 (16.5-31.0),23.1,-0.22,0.0 (0.0-0.0),0.0,-0.0,0.0 (0.0-14.5),0.0,Converging progress,0.04,Converging progress,0.0,At parity,0.14,Insufficient data,0.29,Insufficient data,0.07,,,,Divergence 2014-2017 (p=0.97),,0.087,0.6,0.012,0.64,,,
DEU,Germany,Europe,False,0.05,8.8 (0.0-19.2),8.8,0.23,4.2 (0.0-17.6),4.2,0.5,23.1 (0.0-31.0),23.1,0.15,>31,60.0,-0.0,0.0 (0.0-15.2),0.0,At parity,0.19,Uncertain,0.08,At parity,0.14,Insufficient data,0.29,Insufficient data,0.02,0.46,,No strong evidence of convergence,,,0.14,0.67,0.038,0.81,,,
DJI,Djibouti,Africa,True,0.86,>31,55.9,1.12,23.5 (6.0-31.0),23.5,0.85,>31,60.0,1.13,>31,60.0,0.9,>31,58.2,Progress Without Convergence,0.64,Progress Without Convergence,1.0,No rural progress,0.0,Uncertain,0.38,Uncertain,0.13,0.0,,Diverging,,Convergence break 2015-2018 (p=0.85),-0.116,0.42,0.16,1.0,CIV@2014:Stagnator; SLB@2011:Stagnator; CMR@2014:Stagnator; MRT@2014:Stagnator; SEN@2008:Stagnator,0.0,0.07
DMA,Dominica,North America,True,0.25,,,,,,,,,0.24,16.4 (0.0-31.0),16.4,0.5,>31,60.0,,,Converging progress,0.28,Converging progress,0.0,,,,,,,,,Convergence break 2007-2010 (p=0.77),,,,,,,
DNK,Denmark,Europe,False,0.01,0.8 (0.0-15.5),0.8,0.46,9.4 (0.0-17.3),9.4,0.47,>31,59.7,-0.0,0.0 (0.0-17.0),0.0,-0.0,0.0 (0.0-15.8),0.0,At parity,0.3,At parity,0.12,At parity,0.12,Insufficient data,0.4,Insufficient data,0.02,0.5,,No strong evidence of convergence,,,-0.069,0.18,0.029,0.83,,,
DOM,Dominican Republic,North America,True,0.44,>31,60.0,0.89,24.0 (0.0-31.0),24.0,0.84,>31,41.7,0.38,21.2 (17.0-31.0),21.2,0.57,>31,60.0,Converging progress,0.02,Progress Without Convergence,0.99,Converging progress,0.02,Insufficient data,0.21,Insufficient data,0.08,0.99,27.9 (14.9-78.5),Converging,,,0.015,0.53,0.008,0.59,TON@2008:Partial improvement; BLZ@2014:Partial improvement; WSM@2012:Escaper; JAM@2014:Stagnator; AZE@2009:Stagnator,0.2,0.02
DZA,Algeria,Africa,True,0.33,>31,60.0,,,,,,,0.27,>31,60.0,0.19,>31,60.0,Converging progress,0.04,Converging progress,0.0,Converging progress,0.0,,,,,0.98,20.7 (12.3-69.9),Converging,,Divergence 2012-2015 (p=0.33),,,,,KGZ@2008:Escaper; BGR@2013:Stagnator; TON@2014:Stagnator; PSE@2008:Escaper; TJK@2014:Escaper,0.6,0.05
ECU,Ecuador,South America,True,0.65,>31,60.0,0.8,22.8 (21.5-31.0),22.8,1.19,>31,60.0,0.4,17.0 (17.0-21.5),17.0,0.75,>31,60.0,Converging progress,0.05,Uncertain,0.42,Converging progress,0.0,Converging progress,0.04,No rural progress,0.0,0.99,35.4 (20.6-102.1),Converging,,,0.021,0.57,0.036,0.9,GEO@2012:Stagnator; ARG@2009:Stagnator; TUR@2008:Stagnator; MEX@2014:Stagnator; SYR@2009:Stagnator,0.0,0.01
EGY,"Egypt, Arab Rep.",Africa,True,0.37,>31,51.4,0.74,16.5 (5.7-31.0),16.5,1.04,22.5 (17.5-31.0),22.5,0.95,21.5 (17.2-31.0),21.5,0.0,0.0 (0.0-5.5),0.0,Converging progress,0.14,Progress Without Convergence,1.0,At parity,0.0,Uncertain,0.36,Uncertain,0.44,0.99,26.6 (13.8-90.4),Converging,Divergence 2014-2017 (p=0.43),Divergence 2011-2014 (p=1.00),-0.065,0.44,0.045,0.94,LVA@2013:Stagnator; POL@2010:Partial improvement; MUS@2008:Escaper; LBN@2014:Stagnator; LTU@2014:Escaper,0.4,0.13
ERI,Eritrea,Africa,True,0.8,,,,,,,,,0.48,>31,60.0,0.95,>31,60.0,,,Insufficient data,0.0,Converging progress,0.04,,,,,,,,Divergence 2007-2010 (p=0.40),Convergence break 2005-2008 (p=0.75),,,,,,,
ESP,Spain,Europe,False,0.06,8.4 (0.0-16.8),8.4,0.41,14.4 (0.0-19.0),14.4,0.75,>31,60.0,-0.0,0.0 (0.0-16.5),0.0,-0.0,0.0 (0.0-15.3),0.0,At parity,0.29,At parity,0.12,At parity,0.15,Insufficient data,0.24,Insufficient data,0.02,0.67,,No strong evidence of convergence,,,-0.05,0.15,0.027,0.8,,,
EST,Estonia,Europe,False,0.03,9.8 (0.0-26.3),9.8,0.32,9.9 (0.0-26.5),9.9,0.89,>31,60.0,-0.09,0.0 (0.0-0.0),0.0,0.0,1.0 (0.0-16.5),1.0,Converging progress,0.02,Uncertain,0.0,At parity,0.1,Insufficient data,0.2,Insufficient data,0.06,0.95,11.1 (5.9-inf),Converging,Convergence break 2007-2010 (p=0.76),,-0.065,0.44,0.01,0.62,,,
ETH,Ethiopia,Africa,True,0.99,>31,60.0,1.12,12.5 (9.0-23.8),12.5,1.02,>31,60.0,0.69,>31,60.0,1.11,>27,27.0,Converging progress,0.02,Converging progress,0.0,Uncertain,0.55,Converging progress,0.18,Converging progress,0.06,1.0,32.8 (20.6-65.5),Converging,Divergence 2004-2007 (p=0.63),Convergence break 2014-2017 (p=0.76),-0.131,0.18,-0.401,0.0,ZMB@2012:Stagnator; MRT@2008:Stagnator; COG@2014:Stagnator; GHA@2008:Stagnator; TLS@2008:Stagnator,0.0,0.03
FIN,Finland,Europe,False,0.01,0.6 (0.0-19.0),0.6,0.26,5.0 (0.0-17.8),5.0,0.51,>31,60.0,-0.0,0.0 (0.0-15.1),0.0,0.0,0.0 (0.0-15.3),0.0,At parity,0.22,At parity,0.18,At parity,0.15,Insufficient data,0.3,Insufficient data,0.02,0.54,,No strong evidence of convergence,,,-0.099,0.16,-0.026,0.2,,,
FJI,Fiji,Oceania,True,0.42,25.5 (19.5-31.0),25.5,0.35,,,0.86,,,0.01,>31,60.0,0.48,25.5 (24.8-31.0),25.5,Converging progress,0.08,Converging progress,0.0,Converging progress,0.01,,,,,1.0,26.4 (14.8-92.7),Converging,Convergence break 2004-2007 (p=0.39),,,,,,BLZ@2014:Partial improvement; JAM@2014:Stagnator; WSM@2011:Escaper; TON@2008:Partial improvement; DOM@2014:Stagnator,0.2,0.08
FRA,France,Europe,False,0.03,2.8 (0.0-17.0),2.8,0.32,6.0 (0.0-19.5),6.0,0.67,26.9 (16.9-31.0),26.9,-0.11,0.0 (0.0-0.0),0.0,-0.0,0.0 (0.0-15.2),0.0,At parity,0.36,Uncertain,0.14,At parity,0.14,Insufficient data,0.34,Insufficient data,0.11,,,,,,-0.027,0.48,0.025,0.78,,,
FRO,Faroe Islands,Europe,False,-0.01,,,,,,,,,,,,0.02,5.2 (0.0-31.0),5.2,,,,,At parity,0.04,,,,,,,,,,,,,,,,
FSM,"Micronesia, Fed. Sts.",Oceania,True,0.92,,,,,,,,,,,,1.24,>31,60.0,,,,,No rural progress,0.0,,,,,,,,,,,,,,,,
GAB,Gabon,Africa,True,1.08,>31,59.3,1.11,,,1.08,,,0.65,>31,60.0,0.86,>31,35.0,Uncertain,0.58,Progress Without Convergence,1.0,Progress Without Convergence,1.0,,,,,0.43,,No strong evidence of convergence,,,,,0.353,1.0,YEM@2008:Stagnator; MNG@2012:Partial improvement; PER@2008:Partial improvement; BOL@2008:Stagnator; LAO@2013:Escaper,0.2,0.02
GBR,United Kingdom,Europe,False,-0.07,0.0 (0.0-7.5),0.0,-0.07,0.0 (0.0-11.8),0.0,0.48,>31,60.0,-0.26,0.0 (0.0-0.0),0.0,0.0,1.0 (0.0-15.5),1.0,At parity,0.25,Uncertain,0.12,At parity,0.12,Insufficient data,0.26,Insufficient data,0.02,,,,,,-0.035,0.22,0.101,1.0,,,
GEO,Georgia,Asia,True,0.68,>31,33.7,0.48,15.8 (0.0-23.8),15.8,0.59,18.5 (0.0-31.0),18.5,0.91,>31,60.0,0.58,21.2 (20.5-21.8),21.2,Uncertain,0.42,Progress Without Convergence,1.0,Converging progress,0.0,Progress Without Convergence,0.8,No rural progress,0.0,0.62,,No strong evidence of convergence,Divergence 2018-2021 (p=0.43),,-0.281,0.06,-0.015,0.34,TUR@2013:Stagnator; ARM@2009:Stagnator; ARG@2014:Stagnator; TUN@2014:Stagnator; IRN@2014:Stagnator,0.0,0.26
GHA,Ghana,Africa,True,0.6,>31,47.9,0.78,13.0 (0.0-27.0),13.0,0.89,>31,60.0,0.3,11.5 (11.2-11.8),11.5,0.49,21.2 (20.5-21.8),21.2,Converging progress,0.1,Converging progress,0.0,Converging progress,0.0,Insufficient data,0.35,Insufficient data,0.14,1.0,28.8 (17.4-67.3),Converging,Divergence 2006-2009 (p=0.53),,0.059,0.58,0.134,1.0,MMR@2009:Fall behind; NPL@2010:Partial improvement; BGD@2009:Partial improvement; AFG@2014:Stagnator; SWZ@2010:Partial improvement,0.0,0.1
GIB,Gibraltar,Europe,True,0.47,,,,,,,,,,,,0.58,>31,48.2,,,,,No rural progress,0.24,,,,,,,,,,,,,,,,
GIN,Guinea,Africa,True,0.81,>31,31.7,1.1,11.1 (3.4-26.2),11.1,1.02,>31,60.0,0.5,21.2 (17.0-31.0),21.2,0.42,>31,43.6,Converging progress,0.36,Converging progress,0.0,Uncertain,0.53,Converging progress,0.3,No rural progress,0.0,0.58,,No strong evidence of convergence,Divergence 2005-2008 (p=0.38),Divergence 2009-2012 (p=0.43),-0.308,0.21,0.002,0.51,GHA@2009:Stagnator; LSO@2012:Stagnator; MLI@2014:Fall behind; SDN@2008:Partial improvement; COG@2014:Stagnator,0.0,0.39
GMB,"Gambia, The",Africa,True,0.61,>31,37.1,1.05,19.0 (12.5-31.0),19.0,1.06,>27,27.0,0.64,>31,60.0,0.43,>31,60.0,Uncertain,0.59,No rural progress,0.0,No rural progress,0.0,No rural progress,0.14,Converging progress,0.22,0.57,,No strong evidence of convergence,,Convergence break 2013-2016 (p=0.75),0.081,0.66,,,KIR@2012:Stagnator; NGA@2014:Stagnator; SDN@2014:Escaper; GHA@2014:Escaper; KEN@2014:Stagnator,0.4,0.5
GNB,Guinea-Bissau,Africa,True,0.51,26.8 (20.7-31.0),26.8,1.08,14.5 (5.0-31.0),14.5,0.99,>31,60.0,0.55,16.8 (16.5-17.2),16.8,0.36,>31,60.0,Converging progress,0.05,Converging progress,0.0,Uncertain,0.0,Uncertain,0.5,No rural progress,0.02,1.0,22.3 (14.8-46.9),Converging,Divergence 2006-2009 (p=0.56),,-0.069,0.42,,,RWA@2010:Stagnator; SOM@2014:Stagnator; MWI@2014:Stagnator; KEN@2008:Stagnator; BEN@2014:Partial improvement,0.0,0.22
GNQ,Equatorial Guinea,Africa,True,1.38,,,,,,,,,0.23,20.8 (17.0-31.0),20.8,0.69,>31,60.0,,,Converging progress,0.3,No rural progress,0.0,,,,,,,,,,,,,,,,
GRC,Greece,Europe,False,0.15,21.5 (0.0-31.0),21.5,0.72,19.2 (0.0-31.0),19.2,0.99,>31,60.0,0.37,>31,60.0,-0.0,0.0 (0.0-16.5),0.0,Converging progress,0.25,Converging progress,0.0,At parity,0.1,Insufficient data,0.25,Insufficient data,0.0,0.56,,No strong evidence of convergence,,,-0.114,0.34,0.041,0.9,,,
GRD,Grenada,North America,False,0.2,,,,,,,,,,,,0.25,>31,60.0,,,,,No rural progress,0.0,,,,,,,,,,,,,,,,
GRL,Greenland,North America,False,-0.17,,,,,,,,,,,,-0.01,0.0 (0.0-31.0),0.0,,,,,At parity,0.06,,,,,,,,,,,,,,,,
GTM,Guatemala,North America,True,0.46,>31,48.8,0.9,21.5 (10.2-31.0),21.5,0.33,>31,60.0,0.48,>31,60.0,0.66,>31,60.0,Converging progress,0.02,Converging progress,0.0,Converging progress,0.07,Converging progress,0.33,No rural progress,0.0,0.98,23.5 (15.0-64.1),Converging,,,0.095,0.59,0.157,1.0,LKA@2008:Stagnator; PHL@2014:Stagnator; IDN@2014:Escaper; ZAF@2013:Stagnator; FJI@2008:Partial improvement,0.2,0.02
GUM,Guam,Oceania,False,-0.02,,,,,,,,,,,,0.04,12.9 (0.0-31.0),12.9,,,,,At parity,0.06,,,,,,,,,,,,,,,,
GUY,Guyana,South America,False,0.19,12.1 (4.8-18.5),12.1,1.14,23.5 (0.0-31.0),23.5,0.43,>31,60.0,0.16,8.0 (7.2-9.0),8.0,0.0,0.2 (0.0-15.0),0.2,Converging progress,0.24,Converging progress,0.0,At parity,0.14,Insufficient data,0.25,Insufficient data,0.08,0.88,21.8 (8.7-nan),Converging,,,0.151,0.66,,,,,
HKG,"Hong Kong SAR, China",Asia,False,0.07,,,,,,,,,,,,0.57,26.5 (17.8-31.0),26.5,,,,,Uncertain,0.38,,,,,,,,,,,,,,,,
HND,Honduras,North America,True,0.72,>31,54.1,1.1,>31,60.0,0.95,>31,60.0,0.33,17.0 (16.2-17.2),17.0,0.59,>31,60.0,Converging progress,0.13,Converging progress,0.06,Converging progress,0.0,Uncertain,0.32,No rural progress,0.0,0.94,55.6 (25.3-nan),Converging,,,0.097,0.65,-0.284,0.0,SLV@2014:Partial improvement; PRY@2012:Escaper; VNM@2010:Partial improvement; IRQ@2008:Stagnator; DOM@2008:Stagnator,0.2,0.01
HRV,Croatia,Europe,True,0.25,>31,60.0,0.38,6.5 (0.0-26.8),6.5,0.51,26.6 (0.0-31.0),26.6,0.45,>31,60.0,-0.0,0.0 (0.0-15.5),0.0,Converging progress,0.2,No rural progress,0.0,At parity,0.12,Insufficient data,0.24,Insufficient data,0.04,0.64,,No strong evidence of convergence,,,-0.075,0.41,-0.052,0.13,PRT@2009:Fall behind; GRC@2008:Partial improvement; JOR@2014:Stagnator; EST@2008:Fall behind; POL@2014:Escaper,0.2,0.03
HTI,Haiti,North America,True,0.72,>31,60.0,0.99,18.5 (0.0-31.0),18.5,1.15,>31,60.0,0.23,>31,60.0,0.43,>31,60.0,Converging progress,0.18,Converging progress,0.0,Converging progress,0.0,Insufficient data,0.38,Insufficient data,0.1,0.86,70.5 (27.4-nan),Converging,,,-0.052,0.44,-0.153,0.02,SDN@2008:Partial improvement; LSO@2012:Stagnator; KEN@2010:Stagnator; GHA@2009:Stagnator; GMB@2008:Fall behind,0.0,0.1
HUN,Hungary,Europe,False,0.04,3.4 (0.0-11.8),3.4,0.24,5.9 (0.0-18.0),5.9,0.72,16.5 (0.0-19.5),16.5,-0.2,0.0 (0.0-0.0),0.0,0.0,0.0 (0.0-16.3),0.0,Converging progress,0.24,Uncertain,0.11,At parity,0.14,Insufficient data,0.29,Insufficient data,0.1,0.63,,No strong evidence of convergence,,,0.141,0.68,-0.007,0.41,,,
IDN,Indonesia,Asia,True,0.43,21.6 (13.5-31.0),21.6,0.72,13.5 (0.0-31.0),13.5,0.85,>31,60.0,0.3,9.8 (9.0-26.2),9.8,0.42,7.2 (7.2-7.5),7.2,Converging progress,0.04,Converging progress,0.0,Converging progress,0.03,Uncertain,0.26,Converging progress,0.15,0.99,23.4 (14.4-57.1),Converging,,Divergence 2005-2008 (p=0.72),0.041,0.72,0.198,1.0,LKA@2013:Partial improvement; BLZ@2010:Stagnator; FJI@2014:Stagnator; JAM@2009:Fall behind; WSM@2008:Escaper,0.2,0.03
IMN,Isle of Man,Europe,False,0.01,,,,,,,,,,,,0.01,0.1 (0.0-31.0),0.1,,,,,At parity,0.11,,,,,,,,,,,,,,,,
IND,India,Asia,True,0.45,13.5 (9.5-18.8),13.5,0.67,10.8 (0.0-26.5),10.8,1.24,>31,60.0,0.28,8.0 (7.5-8.5),8.0,0.65,19.2 (18.8-19.5),19.2,Converging progress,0.04,Converging progress,0.0,Converging progress,0.0,Uncertain,0.3,Uncertain,0.25,1.0,21.0 (12.6-40.4),Converging,Divergence 2004-2007 (p=0.96),,0.002,0.5,0.022,0.74,LKA@2014:Partial improvement; FJI@2014:Stagnator; BLZ@2009:Stagnator; BTN@2014:Escaper; JAM@2008:Stagnator,0.2,0.07
IRL,Ireland,Europe,False,-0.13,0.0 (0.0-1.6),0.0,0.4,7.4 (0.0-22.6),7.4,0.58,>31,50.4,-0.27,0.0 (0.0-0.0),0.0,0.0,1.4 (0.0-16.2),1.4,Converging progress,0.14,Converging progress,0.08,At parity,0.16,Insufficient data,0.32,Insufficient data,0.03,,,,,,0.013,0.52,-0.034,0.18,,,
IRN,"Iran, Islamic Rep.",Asia,True,0.41,>31,60.0,0.97,14.9 (4.7-31.0),14.9,0.29,17.4 (0.0-31.0),17.4,0.44,>31,60.0,0.5,>31,35.4,Converging progress,0.02,Converging progress,0.0,Converging progress,0.0,Insufficient data,0.42,Insufficient data,0.03,1.0,20.5 (11.8-58.8),Converging,,,-0.025,0.46,,,MYS@2010:Stagnator; EGY@2010:Stagnator; ROU@2010:Stagnator; CRI@2014:Stagnator; LTU@2008:Stagnator,0.0,0.03
IRQ,Iraq,Asia,True,0.4,10.2 (7.7-13.5),10.2,0.58,,,0.9,,,0.31,3.5 (3.2-3.5),3.5,0.16,7.0 (7.0-7.2),7.0,Converging progress,0.0,Converging progress,0.02,Converging progress,0.0,,,,,1.0,20.5 (12.7-44.3),Converging,Convergence break 2017-2020 (p=0.74),Convergence break 2015-2018 (p=0.91),,,0.105,0.86,MDV@2014:Partial improvement; EGY@2014:Partial improvement; LTU@2011:Escaper; ROU@2014:Stagnator; CRI@2014:Stagnator,0.2,0.11
ISL,Iceland,Europe,False,-0.14,0.0 (0.0-0.0),0.0,0.44,9.6 (0.0-26.5),9.6,0.61,>31,60.0,-0.42,0.0 (0.0-0.0),0.0,0.0,0.0 (0.0-16.0),0.0,Converging progress,0.17,Uncertain,0.14,At parity,0.16,Insufficient data,0.28,Insufficient data,0.0,,,,,,-0.055,0.44,0.169,1.0,,,
ISR,Israel,Asia,False,0.06,7.0 (0.0-18.3),7.0,,,,,,,0.28,>31,60.0,-0.0,0.0 (0.0-15.5),0.0,At parity,0.18,No rural progress,0.0,At parity,0.18,,,,,,,,Divergence 2015-2018 (p=0.92),,,,,,,,
ITA,Italy,Europe,False,0.02,2.1 (0.0-13.2),2.1,0.26,2.5 (0.0-17.8),2.5,0.54,>27,27.0,0.0,0.5 (0.0-16.3),0.5,-0.0,0.0 (0.0-16.2),0.0,At parity,0.35,At parity,0.11,At parity,0.1,Insufficient data,0.4,Insufficient data,0.11,0.59,,No strong evidence of convergence,,,0.004,0.52,0.001,0.51,,,
JAM,Jamaica,North America,False,0.2,18.2 (11.8-22.3),18.2,0.65,16.0 (0.0-31.0),16.0,0.85,>31,60.0,-0.18,0.0 (0.0-0.0),0.0,0.36,>31,60.0,Converging progress,0.06,Converging progress,0.0,Converging progress,0.0,Insufficient data,0.26,Insufficient data,0.08,0.99,15.6 (7.9-47.2),Converging,,,-0.042,0.44,0.067,0.91,,,
JOR,Jordan,Asia,False,0.2,>31,60.0,0.52,13.4 (0.0-31.0),13.4,0.69,25.0 (0.0-31.0),25.0,0.19,>31,60.0,0.09,25.5 (21.4-31.0),25.5,Uncertain,0.07,No rural progress,0.0,At parity,0.0,Insufficient data,0.17,Insufficient data,0.24,1.0,16.7 (8.0-65.6),Converging,,Divergence 2010-2013 (p=0.51),-0.226,0.22,0.022,0.72,POL@2014:Escaper; HRV@2011:Stagnator; LVA@2008:Stagnator; MUS@2010:Escaper; PRT@2008:Fall behind,0.4,
JPN,Japan,Asia,False,0.0,,,,,,,,,,,,0.0,1.0 (0.0-15.8),1.0,,,,,At parity,0.14,,,,,,,,,,,,,,,,
KAZ,Kazakhstan,Asia,False,0.02,7.4 (0.0-24.3),7.4,0.4,14.5 (0.0-23.8),14.5,1.37,11.5 (10.8-12.8),11.5,-0.51,0.0 (0.0-0.0),0.0,0.42,>31,60.0,Converging progress,0.02,Converging progress,0.0,Converging progress,0.0,No rural progress,0.2,Progress Without Convergence,0.68,,,,,,0.045,0.6,,,,,
KEN,Kenya,Africa,True,0.54,20.1 (14.5-25.3),20.1,1.07,15.5 (5.7-31.0),15.5,0.76,>31,60.0,-0.01,0.0 (0.0-0.8),0.0,0.69,18.2 (18.0-18.2),18.2,Converging progress,0.3,At parity,0.0,Converging progress,0.0,Uncertain,0.52,No rural progress,0.0,0.96,39.5 (19.4-3712.4),Converging,,,-0.197,0.31,0.048,0.75,NPL@2008:Partial improvement; AFG@2013:Stagnator; MMR@2008:Stagnator; BGD@2008:Stagnator; KIR@2014:Stagnator,0.0,0.26
KGZ,Kyrgyz Republic,Asia,False,0.16,11.6 (3.5-25.8),11.6,0.02,0.0 (0.0-1.0),0.0,0.92,>31,60.0,-0.88,0.0 (0.0-0.0),0.0,0.49,>31,49.0,Converging progress,0.1,Converging progress,0.0,Converging progress,0.0,At parity,0.51,No rural progress,0.1,0.98,15.3 (7.7-82.6),Converging,,,0.075,0.88,0.094,0.9,,,
KHM,Cambodia,Asia,True,0.66,15.2 (13.2-17.5),15.2,0.84,16.1 (0.0-31.0),16.1,0.95,26.8 (16.2-31.0),26.8,0.58,15.2 (14.5-26.5),15.2,0.48,15.5 (15.2-15.5),15.5,Converging progress,0.0,Converging progress,0.0,Converging progress,0.0,Insufficient data,0.35,Insufficient data,0.16,1.0,21.8 (15.5-38.0),Converging,Divergence 2004-2007 (p=0.86),Convergence break 2010-2013 (p=0.79),0.056,0.57,0.064,0.91,BTN@2010:Escaper; ZAF@2008:Stagnator; IDN@2013:Escaper; HND@2010:Stagnator; IND@2014:Partial improvement,0.4,0.07
KIR,Kiribati,Oceania,True,0.47,26.1 (19.8-31.0),26.1,0.53,,,0.53,,,0.2,>31,60.0,0.73,16.0 (16.0-16.2),16.0,Converging progress,0.1,Converging progress,0.0,Progress Without Convergence,1.0,,,,,0.95,29.0 (15.8-inf),Converging,,Convergence break 2008-2011 (p=0.98),,,,,NPL@2010:Partial improvement; BGD@2009:Partial improvement; MMR@2009:Fall behind; SWZ@2009:Stagnator; COM@2014:Stagnator,0.0,0.28
KNA,St. Kitts and Nevis,North America,False,-0.05,,,,,,,,,,,,-0.0,0.0 (0.0-15.8),0.0,,,,,At parity,0.11,,,,,,,,,,,,,,,,
KOR,"Korea, Rep.",Asia,False,0.11,14.4 (0.0-31.0),14.4,0.75,19.0 (0.0-31.0),19.0,1.07,>31,60.0,-0.24,0.0 (0.0-12.3),0.0,-0.0,0.0 (0.0-15.8),0.0,Converging progress,0.24,Converging progress,0.34,At parity,0.14,Uncertain,0.21,Uncertain,0.12,0.52,,No strong evidence of convergence,,,-0.145,0.29,0.007,0.58,,,
KWT,Kuwait,Asia,True,0.35,,,,,,,,,,,,-0.0,0.0 (0.0-15.8),0.0,,,,,At parity,0.16,,,,,,,,,,,,,,,,
LAO,Lao PDR,Asia,True,0.74,>27,27.0,0.95,26.6 (1.9-31.0),26.6,0.76,25.2 (0.0-31.0),25.2,1.13,17.0 (17.0-26.2),17.0,0.64,21.5 (20.8-22.0),21.5,Converging progress,0.08,Progress Without Convergence,1.0,Converging progress,0.0,Uncertain,0.22,No rural progress,0.02,1.0,31.5 (20.1-75.5),Converging,Divergence 2014-2017 (p=0.54),Convergence break 2008-2011 (p=0.77),0.005,0.51,0.248,1.0,BTN@2010:Escaper; HND@2011:Stagnator; ZAF@2008:Stagnator; PRY@2008:Partial improvement; IDN@2013:Escaper,0.4,0.16
LBN,Lebanon,Asia,True,0.26,>31,60.0,,,,,,,,,,0.35,22.0 (4.7-31.0),22.0,Uncertain,0.22,,,Uncertain,0.3,,,,,0.35,,No strong evidence of convergence,,,,,,,MUS@2008:Escaper; LVA@2014:Stagnator; POL@2009:Stagnator; KAZ@2012:Escaper; UKR@2014:Escaper,0.6,0.01
LBR,Liberia,Africa,True,0.63,>31,52.3,1.08,25.4 (1.7-31.0),25.4,0.99,>31,60.0,0.7,>31,60.0,0.24,12.9 (9.0-16.5),12.9,Progress Without Convergence,0.81,Converging progress,0.0,Uncertain,0.53,Insufficient data,0.2,Insufficient data,0.12,0.23,,No strong evidence of convergence,,Divergence 2013-2016 (p=0.59),-0.065,0.4,0.064,0.76,SLE@2012:Stagnator; CAF@2010:Fall behind; GNB@2013:Partial improvement; TCD@2009:Fall behind; SOM@2008:Stagnator,0.0,0.2
LBY,Libya,Africa,True,2.18,,,,,,,,,,,,2.56,>31,60.0,,,,,Insufficient data,0.02,,,,,,,,,,,,,,,,
LCA,St. Lucia,North America,False,-0.03,,,0.46,,,0.45,,,-0.14,0.0 (0.0-0.0),0.0,0.52,9.5 (9.2-9.8),9.5,,,No rural progress,0.06,No rural progress,0.0,,,,,,,,,,,,,,,,
LIE,Liechtenstein,Europe,False,-0.0,,,,,,,,,,,,0.01,3.1 (0.0-31.0),3.1,,,,,At parity,0.06,,,,,,,,,,,,,,,,
LKA,Sri Lanka,Asia,True,0.4,14.2 (10.5-19.8),14.2,0.38,9.4 (0.0-31.0),9.4,1.12,>27,27.0,0.08,0.8 (0.8-1.0),0.8,0.54,>31,44.9,Converging progress,0.11,At parity,1.0,Converging progress,0.1,Uncertain,0.29,Uncertain,0.15,0.94,34.8 (15.5-nan),Converging,Divergence 2018-2021 (p=0.69),,-0.068,0.39,0.147,1.0,TON@2012:Stagnator; AZE@2013:Stagnator; TJK@2014:Escaper; THA@2009:Partial improvement; DZA@2014:Stagnator,0.2,0.09
LSO,Lesotho,Africa,True,0.57,21.5 (17.7-31.0),21.5,0.96,17.0 (5.2-31.0),17.0,0.65,>31,60.0,-0.04,0.0 (0.0-0.0),0.0,0.71,23.5 (22.5-24.8),23.5,Converging progress,0.11,Converging progress,0.0,Converging progress,0.2,Uncertain,0.35,Uncertain,0.27,0.96,36.5 (19.7-700.0),Converging,Divergence 2004-2007 (p=0.43),Convergence break 2007-2010 (p=0.30),-0.021,0.48,-0.295,0.0,AFG@2012:Stagnator; KIR@2014:Stagnator; NPL@2008:Partial improvement; MMR@2008:Stagnator; SDN@2014:Escaper,0.2,0.09
LTU,Lithuania,Europe,True,0.48,23.5 (17.0-31.0),23.5,0.43,7.0 (0.0-12.0),7.0,1.04,17.5 (15.5-19.3),17.5,0.6,>31,60.0,0.0,0.0 (0.0-15.3),0.0,Converging progress,0.31,Converging progress,0.0,At parity,0.1,Insufficient data,0.14,Insufficient data,0.06,0.24,,No strong evidence of convergence,,,-0.051,0.18,-0.024,0.23,JOR@2008:Stagnator; POL@2013:Escaper; LVA@2012:Stagnator; MUS@2010:Escaper; HRV@2011:Stagnator,0.4,0.05
LUX,Luxembourg,Europe,False,-0.02,0.0 (0.0-17.0),0.0,0.12,0.5 (0.0-15.8),0.5,0.41,>31,60.0,-0.34,0.0 (0.0-0.0),0.0,-0.0,0.0 (0.0-15.2),0.0,At parity,0.16,Converging progress,0.08,At parity,0.15,Insufficient data,0.32,Insufficient data,0.09,,,,,,0.047,0.7,0.093,1.0,,,
LVA,Latvia,Europe,True,0.27,>31,60.0,0.28,6.5 (0.0-24.5),6.5,0.78,>27,27.0,0.63,>31,60.0,0.0,0.2 (0.0-15.5),0.2,Converging progress,0.15,Converging progress,0.0,At parity,0.13,Insufficient data,0.3,Insufficient data,0.04,0.64,,No strong evidence of convergence,,,-0.079,0.4,-0.093,0.0,POL@2010:Partial improvement; MUS@2010:Escaper; JOR@2009:Stagnator; LBN@2014:Stagnator; KAZ@2012:Escaper,0.4,0.02
MAC,"Macao SAR, China",Asia,True,0.49,,,,,,,,,,,,0.63,>31,50.0,,,,,Uncertain,0.26,,,,,,,,,,,,,,,,
MAF,St. Martin (French part),North America,True,0.37,,,,,,,,,,,,0.17,23.8 (0.0-31.0),23.8,,,,,Uncertain,0.09,,,,,,,,,,,,,,,,
MAR,Morocco,Africa,True,0.72,21.5 (19.0-26.0),21.5,1.1,19.2 (7.5-26.8),19.2,1.61,>31,60.0,1.02,>31,60.0,0.33,>31,60.0,Converging progress,0.02,Progress Without Convergence,1.0,Converging progress,0.0,Insufficient data,0.24,Insufficient data,0.22,1.0,29.9 (19.6-68.2),Converging,,,-0.026,0.48,,,ARG@2009:Stagnator; TUR@2008:Stagnator; IRN@2008:Stagnator; GEO@2013:Stagnator; MDV@2009:Partial improvement,0.0,0.04
MCO,Monaco,Europe,True,0.37,,,,,,,,,,,,-0.0,0.0 (0.0-16.3),0.0,,,,,At parity,0.1,,,,,,,,,,,,,,,,
MDA,Moldova,Europe,True,0.44,>31,60.0,0.51,20.5 (0.0-31.0),20.5,0.91,6.2 (6.0-27.0),6.2,0.34,>31,60.0,0.3,15.0 (14.8-15.2),15.0,Converging progress,0.16,Converging progress,0.0,Converging progress,0.0,Uncertain,0.09,Progress Without Convergence,0.74,0.83,65.7 (19.3-nan),Converging,,,-0.406,0.1,-0.089,0.01,UZB@2010:Stagnator; THA@2013:Escaper; IRN@2014:Stagnator; MNE@2012:Escaper; KGZ@2014:Escaper,0.6,0.01
MDG,Madagascar,Africa,True,0.69,>31,60.0,0.96,25.5 (0.0-31.0),25.5,0.72,>31,60.0,0.39,18.5 (17.0-21.5),18.5,0.54,>31,60.0,Converging progress,0.18,Converging progress,0.0,No rural progress,0.0,Insufficient data,0.44,Insufficient data,0.26,0.93,52.1 (26.3-nan),Converging,Divergence 2004-2007 (p=0.44),,0.0,0.51,0.062,0.84,MWI@2013:Stagnator; UGA@2014:Partial improvement; SOM@2013:Stagnator; LSO@2008:Stagnator; MLI@2012:Stagnator,0.0,0.05
MDV,Maldives,Asia,True,0.22,7.2 (4.2-9.8),7.2,0.39,11.6 (0.0-19.0),11.6,0.78,25.8 (13.2-31.0),25.8,0.84,11.8 (11.0-26.3),11.8,0.0,7.2 (0.0-7.2),7.2,Converging progress,0.0,Progress Without Convergence,1.0,Converging progress,0.0,Uncertain,0.22,Uncertain,0.32,1.0,9.5 (6.5-16.4),Converging,Convergence break 2018-2021 (p=1.00),Convergence break 2012-2015 (p=0.99),0.022,0.52,-0.166,0.0,HRV@2014:Stagnator; JOR@2011:Stagnator; PRT@2011:Stagnator; GRC@2010:Stagnator; POL@2014:Escaper,0.2,
MEX,Mexico,North America,True,0.49,>31,60.0,0.88,19.2 (13.5-31.0),19.2,0.86,>31,49.6,0.34,17.0 (17.0-31.0),17.0,0.54,>31,60.0,Converging progress,0.0,Converging progress,0.0,Converging progress,0.0,Converging progress,0.31,Converging progress,0.08,1.0,20.3 (12.9-37.6),Converging,,Divergence 2004-2007 (p=0.48),-0.089,0.36,0.007,0.6,IRN@2012:Stagnator; TUR@2011:Stagnator; MDA@2014:Stagnator; MDV@2011:Partial improvement; GEO@2014:Stagnator,0.0,0.01
MHL,Marshall Islands,Oceania,True,0.27,,,0.42,,,0.54,,,0.38,>31,60.0,1.85,>31,32.3,,,Converging progress,0.0,No rural progress,0.0,,,,,,,,,Convergence break 2011-2014 (p=0.96),,,,,,,
MKD,North Macedonia,Europe,True,0.31,14.8 (8.2-31.0),14.8,0.48,10.8 (0.0-12.0),10.8,0.68,7.9 (0.0-12.0),7.9,0.67,8.2 (8.0-8.8),8.2,0.58,21.5 (21.2-22.2),21.5,Progress Without Convergence,0.8,Progress Without Convergence,1.0,Progress Without Convergence,1.0,Converging progress,0.3,Progress Without Convergence,0.77,0.04,,Diverging,Convergence break 2018-2021 (p=0.84),Convergence break 2011-2014 (p=0.55),0.08,0.78,0.006,0.52,MUS@2010:Escaper; POL@2011:Escaper; LVA@2014:Stagnator; LBN@2014:Stagnator; KAZ@2012:Escaper,0.6,0.39
MLI,Mali,Africa,True,0.78,23.8 (20.7-31.0),23.8,1.23,23.5 (12.5-31.0),23.5,0.96,>31,60.0,0.36,21.2 (17.0-31.0),21.2,0.45,>31,60.0,Converging progress,0.32,Converging progress,0.0,Uncertain,0.52,Uncertain,0.48,No rural progress,0.0,0.64,,No strong evidence of convergence,,,-0.017,0.48,,,GHA@2013:Partial improvement; AFG@2008:Stagnator; SDN@2012:Escaper; DJI@2014:Stagnator; KIR@2008:Stagnator,0.2,0.76
MLT,Malta,Europe,False,0.02,,,,,,,,,0.0,1.2 (0.0-16.3),1.2,-0.0,0.0 (0.0-14.2),0.0,,,At parity,0.12,At parity,0.12,,,,,,,,,,,,,,,,
MMR,Myanmar,Asia,True,0.55,18.5 (14.8-22.3),18.5,0.84,19.2 (0.0-31.0),19.2,1.13,>31,60.0,0.18,>31,60.0,0.67,10.5 (10.5-10.8),10.5,Converging progress,0.18,Converging progress,0.0,Converging progress,0.02,Uncertain,0.26,No rural progress,0.02,0.88,56.6 (24.4-nan),Converging,,Convergence break 2004-2007 (p=0.95),-0.139,0.34,,,IDN@2012:Escaper; PHL@2009:Partial improvement; IND@2014:Partial improvement; GTM@2014:Partial improvement; CPV@2014:Partial improvement,0.2,0.09
MNE,Montenegro,Europe,True,0.32,13.6 (7.5-31.0),13.6,0.66,10.8 (0.0-25.8),10.8,0.65,>31,60.0,1.1,11.2 (11.0-11.5),11.2,0.3,>31,60.0,Uncertain,0.44,Progress Without Convergence,1.0,Converging progress,0.0,Insufficient data,0.28,Insufficient data,0.17,0.38,,No strong evidence of convergence,,,-0.04,0.44,0.229,0.99,KAZ@2011:Escaper; UKR@2013:Stagnator; LBN@2014:Stagnator; MUS@2008:Escaper; MKD@2014:Escaper,0.6,0.51
MNG,Mongolia,Asia,True,0.68,23.8 (20.2-27.0),23.8,0.99,11.2 (9.0-12.3),11.2,0.76,>31,60.0,0.63,>31,60.0,0.67,>31,37.9,Converging progress,0.0,Progress Without Convergence,0.94,Converging progress,0.0,Progress Without Convergence,0.84,No rural progress,0.0,1.0,23.2 (16.6-38.2),Converging,,Divergence 2009-2012 (p=0.53),-0.007,0.47,-0.132,0.0,BTN@2011:Escaper; HND@2012:Stagnator; PRY@2008:Partial improvement; ZAF@2008:Stagnator; VNM@2008:Partial improvement,0.2,0.05
MNP,Northern Mariana Islands,Oceania,False,0.01,,,,,,,,,,,,0.1,21.6 (0.0-31.0),21.6,,,,,At parity,0.06,,,,,,,,,,,,,,,,
MOZ,Mozambique,Africa,True,0.98,>27,27.0,0.94,16.5 (0.0-31.0),16.5,1.11,>31,60.0,0.77,>31,60.0,0.79,>31,39.6,Converging progress,0.15,Converging progress,0.0,Progress Without Convergence,0.66,Insufficient data,0.33,Insufficient data,0.13,0.9,72.6 (32.3-nan),Converging,Divergence 2005-2008 (p=0.61),Convergence break 2012-2015 (p=0.74),-0.059,0.38,-0.064,0.15,ZMB@2012:Stagnator; MRT@2008:Stagnator; COG@2014:Stagnator; TLS@2008:Stagnator; GHA@2008:Stagnator,0.0,0.42
MRT,Mauritania,Africa,True,0.88,25.5 (21.2-31.0),25.5,1.05,19.2 (0.0-31.0),19.2,0.91,24.0 (17.5-31.0),24.0,0.99,>31,60.0,0.66,>31,51.5,Converging progress,0.28,Progress Without Convergence,1.0,Progress Without Convergence,1.0,Insufficient data,0.4,Insufficient data,0.11,0.77,,No strong evidence of convergence,Divergence 2008-2011 (p=0.33),,-0.117,0.38,0.513,1.0,BWA@2009:Fall behind; SEN@2014:Stagnator; NAM@2014:Stagnator; LAO@2010:Partial improvement; ZWE@2014:Stagnator,0.0,0.42
MUS,Mauritius,Africa,False,0.1,12.5 (0.0-31.0),12.5,1.39,21.5 (6.7-31.0),21.5,-0.07,0.0 (0.0-31.0),0.0,0.22,7.2 (6.8-7.8),7.2,0.16,12.0 (11.8-12.2),12.0,Converging progress,0.16,Progress Without Convergence,0.98,Converging progress,0.0,Insufficient data,0.33,Insufficient data,0.0,0.98,12.3 (6.4-44.2),Converging,,Convergence break 2012-2015 (p=0.56),,,0.084,0.91,,,
MWI,Malawi,Africa,True,0.62,26.6 (22.5-31.0),26.6,1.05,17.1 (0.0-22.5),17.1,0.92,>31,60.0,-0.01,0.0 (0.0-1.5),0.0,0.7,>31,60.0,Converging progress,0.11,Converging progress,0.0,No rural progress,0.0,Uncertain,0.38,No rural progress,0.0,1.0,36.2 (19.9-124.3),Converging,,,0.05,0.6,0.131,0.99,KEN@2011:Stagnator; GMB@2008:Fall behind; LSO@2013:Stagnator; SDN@2008:Partial improvement; NGA@2008:Stagnator,0.0,0.6
MYS,Malaysia,Asia,True,0.22,>31,60.0,,,,,,,0.02,6.8 (0.0-9.0),6.8,0.39,>31,60.0,Converging progress,0.06,Converging progress,0.0,No rural progress,0.0,,,,,1.0,16.5 (7.7-54.7),Converging,,,,,,,KAZ@2009:Escaper; UKR@2013:Stagnator; MKD@2014:Escaper; LBN@2014:Stagnator; BLR@2014:Stagnator,0.4,
NAM,Namibia,Africa,True,0.73,>31,60.0,0.94,22.0 (0.0-31.0),22.0,0.7,>31,60.0,0.54,>31,60.0,0.77,>31,60.0,Converging progress,0.06,Converging progress,0.0,Converging progress,0.0,Insufficient data,0.11,Insufficient data,0.03,0.98,37.2 (22.2-101.8),Converging,,,0.015,0.53,-0.353,0.0,SWZ@2010:Partial improvement; CPV@2008:Partial improvement; BWA@2012:Fall behind; IND@2008:Partial improvement; MMR@2011:Stagnator,0.0,0.02
NCL,New Caledonia,Oceania,False,0.03,,,,,,,,,,,,0.04,12.6 (0.0-31.0),12.6,,,,,At parity,0.06,,,,,,,,,,,,,,,,
NER,Niger,Africa,True,0.95,>31,50.5,0.99,11.2 (0.0-31.0),11.2,1.12,24.8 (8.8-31.0),24.8,1.04,>31,60.0,1.06,>31,40.4,Converging progress,0.28,Progress Without Convergence,1.0,Uncertain,0.55,Insufficient data,0.5,Insufficient data,0.19,0.92,75.9 (31.0-nan),Converging,Divergence 2004-2007 (p=0.36),Divergence 2008-2011 (p=0.55),0.043,0.56,0.219,0.99,MRT@2008:Stagnator; COG@2012:Stagnator; ZMB@2011:Stagnator; BFA@2014:Stagnator; TGO@2014:Stagnator,0.0,0.1
NGA,Nigeria,Africa,True,0.62,>31,60.0,0.68,12.0 (0.0-26.0),12.0,0.59,10.2 (7.2-12.8),10.2,0.4,14.5 (14.2-15.0),14.5,0.59,7.5 (7.5-7.5),7.5,Uncertain,0.54,Progress Without Convergence,1.0,Progress Without Convergence,1.0,Converging progress,0.1,Converging progress,0.3,0.74,,No strong evidence of convergence,,,-0.248,0.2,0.102,0.95,KIR@2014:Stagnator; AFG@2012:Stagnator; MMR@2008:Stagnator; SDN@2014:Escaper; NPL@2008:Partial improvement,0.2,0.16
NIC,Nicaragua,North America,True,1.35,>31,55.7,0.96,21.1 (0.0-31.0),21.1,1.06,>31,60.0,0.97,>31,60.0,1.11,>31,46.1,Progress Without Convergence,0.85,Insufficient data,0.31,Progress Without Convergence,1.0,Insufficient data,0.29,Insufficient data,0.03,0.09,,Diverging,,,0.178,0.76,-0.217,0.0,MAR@2010:Stagnator; SLV@2008:Stagnator; BRA@2008:Stagnator; COL@2008:Stagnator; BOL@2014:Stagnator,0.0,0.02
NLD,Netherlands,Europe,False,-0.22,0.0 (0.0-0.0),0.0,0.3,4.5 (0.0-17.0),4.5,0.43,>27,27.0,-0.7,0.0 (0.0-0.0),0.0,-0.0,0.0 (0.0-14.5),0.0,Uncertain,0.24,Uncertain,0.17,At parity,0.16,Insufficient data,0.31,Insufficient data,0.08,,,,,,-0.011,0.48,,,,,
NOR,Norway,Europe,False,-0.02,0.0 (0.0-20.8),0.0,0.04,0.0 (0.0-18.8),0.0,-0.13,0.0 (0.0-31.0),0.0,-0.07,0.0 (0.0-0.0),0.0,-0.0,0.0 (0.0-15.0),0.0,At parity,0.26,At parity,0.14,At parity,0.12,Insufficient data,0.22,Insufficient data,0.02,,,,,,-0.291,0.23,-0.018,0.28,,,
NPL,Nepal,Asia,True,0.24,12.6 (8.2-19.0),12.6,0.82,16.5 (0.0-26.0),16.5,0.68,>31,60.0,-0.01,0.0 (0.0-0.8),0.0,0.49,20.5 (20.2-20.8),20.5,Converging progress,0.0,Converging progress,0.0,Converging progress,0.0,Insufficient data,0.34,Insufficient data,0.16,1.0,11.1 (7.2-18.7),Converging,,Convergence break 2008-2011 (p=0.77),-0.09,0.35,-0.105,0.03,PHL@2011:Stagnator; IDN@2012:Escaper; GTM@2014:Partial improvement; IND@2014:Partial improvement; CPV@2014:Partial improvement,0.2,
NRU,Naoero,Oceania,False,-0.66,,,,,,,,,,,,-0.0,0.0 (0.0-15.0),0.0,,,,,At parity,0.14,,,,,,,,,,,,,,,,
NZL,New Zealand,Oceania,False,-0.02,,,,,,,,,-0.0,0.0 (0.0-15.2),0.0,0.0,2.2 (0.0-16.0),2.2,,,At parity,0.08,At parity,0.14,,,,,,,,,,,,,,,,
OMN,Oman,Asia,False,0.19,,,,,,,,,0.02,2.0 (0.0-3.2),2.0,0.0,1.0 (0.0-15.8),1.0,,,Converging progress,0.0,At parity,0.16,,,,,,,,,,,,,,,,
PAK,Pakistan,Asia,True,0.57,>31,34.9,1.01,23.5 (19.2-27.0),23.5,1.03,>31,60.0,0.43,>31,60.0,0.78,>31,43.6,Converging progress,0.07,Converging progress,0.0,Converging progress,0.0,Uncertain,0.36,Converging progress,0.22,0.98,31.7 (18.9-109.4),Converging,,Convergence break 2011-2014 (p=0.49),-0.199,0.16,0.281,1.0,IDN@2014:Escaper; ZAF@2012:Stagnator; LKA@2008:Stagnator; FJI@2008:Partial improvement; PHL@2014:Stagnator,0.2,0.08
PAN,Panama,North America,True,0.75,>31,48.6,1.06,>31,60.0,1.31,>31,60.0,0.86,26.8 (21.2-31.0),26.8,-0.0,0.0 (0.0-14.5),0.0,Converging progress,0.16,Progress Without Convergence,1.0,At parity,0.14,Converging progress,0.34,No rural progress,0.01,0.93,59.8 (26.7-nan),Converging,Divergence 2018-2021 (p=0.86),,0.257,0.8,-0.139,0.0,IRN@2008:Stagnator; TUR@2008:Stagnator; TUN@2009:Stagnator; GEO@2014:Stagnator; ARG@2011:Stagnator,0.0,0.02
PER,Peru,South America,True,0.81,>31,43.9,1.19,>31,60.0,1.06,>31,60.0,0.54,>31,60.0,0.8,20.8 (20.5-21.2),20.8,Converging progress,0.03,Converging progress,0.0,Converging progress,0.0,Converging progress,0.22,No rural progress,0.0,1.0,28.2 (19.2-52.5),Converging,,Convergence break 2007-2010 (p=0.42),-0.132,0.27,0.091,1.0,SLV@2008:Stagnator; PRY@2008:Partial improvement; HND@2014:Stagnator; VNM@2008:Partial improvement; MAR@2011:Stagnator,0.0,0.0
PHL,Philippines,Asia,True,0.36,19.5 (12.2-25.2),19.5,0.36,5.8 (0.0-26.5),5.8,0.73,>31,60.0,0.06,4.8 (3.8-26.0),4.8,0.48,25.5 (24.5-31.0),25.5,Converging progress,0.1,Converging progress,0.0,Progress Without Convergence,0.9,Uncertain,0.26,Converging progress,0.14,0.96,26.6 (14.9-338.6),Converging,,,-0.122,0.25,0.134,1.0,JAM@2009:Fall behind; WSM@2008:Escaper; GUY@2008:Fall behind; LKA@2013:Partial improvement; BLZ@2010:Stagnator,0.2,0.12
PLW,Palau,Oceania,True,0.33,,,,,,,,,0.38,17.0 (16.0-26.2),17.0,-0.0,0.0 (0.0-16.2),0.0,,,Converging progress,0.0,At parity,0.12,,,,,,,,Convergence break 2016-2019 (p=0.53),,,,,,,,
PNG,Papua New Guinea,Oceania,True,0.75,,,0.59,,,0.82,,,0.64,>31,60.0,0.6,>31,60.0,,,Converging progress,0.0,Converging progress,0.0,,,,,,,,,,,,-0.119,0.11,,,
POL,Poland,Europe,False,0.16,>27,27.0,0.69,16.2 (0.0-23.5),16.2,1.12,>31,49.7,-0.21,0.0 (0.0-0.0),0.0,-0.0,0.0 (0.0-15.5),0.0,Converging progress,0.06,Converging progress,0.0,At parity,0.14,No rural progress,0.16,Uncertain,0.5,0.9,23.0 (8.4-nan),Converging,,,0.016,0.54,-0.025,0.22,,,
PRI,Puerto Rico (US),North America,False,-0.01,,,,,,,,,,,,-0.01,0.0 (0.0-31.0),0.0,,,,,At parity,0.09,,,,,,,,,,,,,,,,
PRK,"Korea, Dem. People's Rep.",Asia,True,0.71,,,,,,,,,0.6,>31,60.0,0.91,19.8 (19.5-20.5),19.8,,,Progress Without Convergence,1.0,No rural progress,0.0,,,,,,,,,Convergence break 2009-2012 (p=0.86),,,,,,,
PRT,Portugal,Europe,False,0.19,17.8 (8.5-31.0),17.8,0.5,13.8 (0.0-31.0),13.8,0.7,17.2 (6.4-31.0),17.2,0.0,0.0 (0.0-0.0),0.0,0.0,0.0 (0.0-15.8),0.0,Uncertain,0.42,Converging progress,0.0,At parity,0.12,Insufficient data,0.28,Insufficient data,0.32,0.33,,No strong evidence of convergence,,,0.031,0.52,-0.032,0.14,,,0.59
PRY,Paraguay,South America,True,0.37,19.5 (12.8-26.0),19.5,0.89,20.4 (15.0-31.0),20.4,0.87,>31,60.0,0.29,15.1 (13.5-26.5),15.1,0.6,>31,46.8,Converging progress,0.0,Converging progress,0.0,Progress Without Convergence,0.79,Converging progress,0.26,No rural progress,0.0,1.0,14.3 (9.5-23.8),Converging,Convergence break 2018-2021 (p=0.98),Divergence 2005-2008 (p=0.54),-0.086,0.38,0.066,0.99,THA@2010:Escaper; AZE@2014:Stagnator; TON@2014:Stagnator; IRQ@2014:Partial improvement; MDA@2014:Stagnator,0.2,0.03
PSE,West Bank and Gaza,Asia,False,0.03,2.5 (0.0-7.0),2.5,0.3,5.4 (0.0-19.0),5.4,0.55,18.0 (0.0-31.0),18.0,0.27,2.2 (2.2-2.5),2.2,0.07,16.5 (0.0-31.0),16.5,Converging progress,0.04,Progress Without Convergence,0.96,Converging progress,0.12,Uncertain,0.22,Progress Without Convergence,0.61,1.0,7.8 (5.1-17.8),Converging,,,0.155,0.72,0.164,1.0,,,
PYF,French Polynesia,Oceania,False,-0.0,,,,,,,,,,,,0.06,17.1 (0.0-31.0),17.1,,,,,At parity,0.08,,,,,,,,,,,,,,,,
QAT,Qatar,Asia,False,-0.01,,,,,,,,,,,,-0.0,0.0 (0.0-15.0),0.0,,,,,At parity,0.09,,,,,,,,,,,,,,,,
ROU,Romania,Europe,True,0.48,>31,60.0,0.62,17.4 (0.0-26.5),17.4,0.85,>31,43.0,1.06,>31,60.0,-0.0,0.0 (0.0-15.5),0.0,Uncertain,0.44,Progress Without Convergence,1.0,At parity,0.18,Uncertain,0.13,No rural progress,0.0,0.22,,No strong evidence of convergence,,,-0.42,0.1,0.006,0.56,LTU@2014:Escaper; URY@2014:Escaper; UKR@2008:Stagnator; LVA@2012:Stagnator; POL@2010:Partial improvement,0.4,0.02
RUS,Russian Federation,Europe,True,0.53,>31,60.0,0.44,5.5 (0.0-24.2),5.5,0.79,21.6 (10.5-31.0),21.6,1.13,>31,37.4,0.0,0.6 (0.0-16.5),0.6,Progress Without Convergence,0.66,Uncertain,0.42,At parity,0.1,Uncertain,0.3,Insufficient data,0.36,0.0,,Diverging,Divergence 2018-2021 (p=0.98),,-0.055,0.44,-0.037,0.3,ROU@2012:Stagnator; LTU@2009:Partial improvement; EGY@2012:Stagnator; MYS@2012:Stagnator; CRI@2014:Stagnator,0.0,0.08
RWA,Rwanda,Africa,True,0.57,14.2 (11.5-17.8),14.2,0.07,0.0 (0.0-31.0),0.0,0.89,>31,60.0,-0.52,0.0 (0.0-0.0),0.0,1.03,12.8 (12.5-12.8),12.8,Converging progress,0.38,Converging progress,0.0,Progress Without Convergence,1.0,No rural progress,0.0,Progress Without Convergence,0.74,0.7,,No strong evidence of convergence,Convergence break 2018-2021 (p=0.40),Divergence 2007-2010 (p=0.97),-0.25,0.18,-0.477,0.0,KIR@2014:Stagnator; AFG@2012:Stagnator; NPL@2008:Partial improvement; SDN@2014:Escaper; MMR@2008:Stagnator,0.2,0.12
SAU,Saudi Arabia,Asia,False,0.06,,,,,,,,,0.33,>31,60.0,-0.0,0.0 (0.0-15.8),0.0,,,No rural progress,0.0,At parity,0.09,,,,,,,,,,,,,,,,
SDN,Sudan,Africa,True,0.5,25.2 (17.7-31.0),25.2,1.14,22.2 (5.0-31.0),22.2,1.31,>31,60.0,0.49,13.0 (12.8-26.2),13.0,0.27,9.8 (9.8-10.0),9.8,Converging progress,0.14,Converging progress,0.0,Converging progress,0.0,Insufficient data,0.29,Insufficient data,0.01,0.98,30.8 (16.1-173.1),Converging,Divergence 2014-2017 (p=0.35),,-0.035,0.46,,,NPL@2010:Partial improvement; BGD@2009:Partial improvement; MMR@2009:Fall behind; SWZ@2010:Partial improvement; AFG@2014:Stagnator,0.0,0.12
SEN,Senegal,Africa,True,0.71,>31,42.5,0.84,11.0 (0.0-19.0),11.0,1.17,>31,60.0,0.37,>31,60.0,0.75,>31,60.0,Converging progress,0.06,Converging progress,0.0,Converging progress,0.0,Uncertain,0.34,No rural progress,0.0,0.99,36.1 (19.5-116.4),Converging,,,-0.039,0.42,,,CPV@2008:Partial improvement; BWA@2012:Fall behind; IND@2008:Partial improvement; SWZ@2011:Partial improvement; MMR@2011:Stagnator,0.0,0.05
SGP,Singapore,Asia,True,0.35,,,,,,,,,,,,-0.0,0.0 (0.0-15.0),0.0,,,,,At parity,0.2,,,,,,,,,,,,,,,,
SLB,Solomon Islands,Oceania,True,0.72,>31,47.1,0.55,9.6 (0.0-31.0),9.6,1.07,>31,48.7,1.06,>31,60.0,1.07,>31,60.0,Converging progress,0.1,Progress Without Convergence,0.6,No rural progress,0.0,Insufficient data,0.31,Insufficient data,0.09,0.96,44.3 (20.9-474.3),Converging,,,,,,,SWZ@2008:Stagnator; MMR@2008:Stagnator; SEN@2014:Stagnator; BGD@2008:Stagnator; BWA@2009:Fall behind,0.0,0.02
SLE,Sierra Leone,Africa,True,0.6,26.5 (20.8-31.0),26.5,0.78,8.4 (0.0-12.0),8.4,1.11,14.8 (12.2-17.8),14.8,0.51,>31,60.0,0.3,13.8 (11.0-17.0),13.8,Uncertain,0.5,Converging progress,0.0,Uncertain,0.44,Converging progress,0.33,Uncertain,0.35,0.38,,No strong evidence of convergence,,Divergence 2008-2011 (p=0.80),0.215,0.92,-0.04,0.24,RWA@2008:Stagnator; BEN@2014:Partial improvement; UGA@2014:Partial improvement; SOM@2012:Stagnator; MDG@2014:Stagnator,0.0,0.09
SLV,El Salvador,North America,True,0.51,>31,49.7,0.96,24.2 (19.5-31.0),24.2,0.78,>31,55.5,0.49,>31,60.0,0.53,19.8 (19.5-20.5),19.8,Converging progress,0.02,Progress Without Convergence,0.98,Converging progress,0.0,Converging progress,0.16,No rural progress,0.0,1.0,21.8 (14.0-38.9),Converging,,Convergence break 2011-2014 (p=0.49),-0.135,0.28,-0.165,0.0,AZE@2008:Stagnator; TON@2008:Partial improvement; VNM@2014:Partial improvement; DOM@2014:Stagnator; IRQ@2011:Partial improvement,0.0,0.01
SMR,San Marino,Europe,False,-0.01,,,,,,,,,0.03,1.5 (0.0-31.0),1.5,0.0,0.2 (0.0-15.8),0.2,,,At parity,0.25,At parity,0.12,,,,,,,,,,,,,,,,
SOM,"Somalia, Fed. Rep.",Africa,True,0.55,20.5 (16.2-27.0),20.5,0.94,19.4 (0.0-31.0),19.4,0.63,>31,43.1,0.41,>31,60.0,0.74,17.2 (17.0-17.5),17.2,Converging progress,0.16,Converging progress,0.0,Uncertain,0.48,Insufficient data,0.33,Insufficient data,0.07,0.98,32.7 (17.8-181.5),Converging,Divergence 2004-2007 (p=0.32),Divergence 2004-2007 (p=0.69),-0.086,0.4,-0.1,0.15,GMB@2011:Stagnator; KEN@2013:Stagnator; NGA@2011:Stagnator; RWA@2014:Stagnator; DJI@2009:Stagnator,0.0,0.62
SRB,Serbia,Europe,True,0.36,>31,60.0,0.8,18.2 (0.0-31.0),18.2,0.66,12.2 (0.0-18.0),12.2,0.95,21.5 (17.0-31.0),21.5,0.46,>31,52.1,Uncertain,0.52,Progress Without Convergence,1.0,Converging progress,0.0,Uncertain,0.41,Uncertain,0.18,0.01,,Diverging,,,-0.006,0.5,0.069,0.82,MYS@2014:Stagnator; BIH@2009:Stagnator; KAZ@2008:Escaper; LTU@2008:Stagnator; XKX@2011:Stagnator,0.2,0.02
SSD,South Sudan,Africa,True,0.6,15.8 (12.5-22.0),15.8,0.97,15.8 (0.0-31.0),15.8,0.9,>31,60.0,0.82,>31,60.0,0.0,2.6 (0.0-16.2),2.6,Progress Without Convergence,0.9,Progress Without Convergence,1.0,At parity,0.12,Insufficient data,0.4,Insufficient data,0.0,,,,,,,,,,SLE@2008:Stagnator; LBR@2014:Stagnator; CAF@2008:Fall behind; GNB@2011:Partial improvement; TCD@2008:Fall behind,0.0,0.62
STP,Sao Tome and Principe,Africa,True,0.26,12.6 (6.5-21.3),12.6,0.33,1.4 (0.0-22.6),1.4,0.43,>31,60.0,0.2,10.2 (9.8-11.0),10.2,0.46,14.5 (14.5-14.8),14.5,Uncertain,0.46,Converging progress,0.0,Progress Without Convergence,1.0,Uncertain,0.56,No rural progress,0.03,0.64,,No strong evidence of convergence,,Convergence break 2014-2017 (p=0.84),-0.074,0.36,,,COM@2014:Stagnator; KIR@2014:Stagnator; NPL@2009:Partial improvement; AFG@2013:Stagnator; SDN@2014:Escaper,0.2,0.27
SUR,Suriname,South America,True,0.5,,,,,,,,,0.51,>31,60.0,0.36,15.8 (15.5-16.0),15.8,,,Converging progress,0.0,Converging progress,0.0,,,,,,,,,,,,,,,,
SVK,Slovak Republic,Europe,False,0.16,26.5 (14.2-31.0),26.5,0.31,7.1 (0.0-22.5),7.1,0.56,21.2 (0.0-31.0),21.2,0.47,>31,60.0,-0.0,0.0 (0.0-14.8),0.0,Uncertain,0.14,No rural progress,0.0,At parity,0.14,Insufficient data,0.26,Insufficient data,0.1,0.44,,No strong evidence of convergence,Convergence break 2006-2009 (p=0.74),,-0.027,0.48,0.008,0.6,,,
SVN,Slovenia,Europe,False,0.0,,,,,,,,,,,,0.0,2.5 (0.0-15.8),2.5,,,,,At parity,0.13,,,,,,,,,,,,,,,,
SWE,Sweden,Europe,False,0.04,9.0 (0.0-25.0),9.0,0.3,7.0 (0.0-31.0),7.0,0.29,20.9 (0.0-31.0),20.9,-0.07,0.0 (0.0-0.0),0.0,-0.0,0.0 (0.0-15.0),0.0,At parity,0.18,At parity,0.0,At parity,0.14,Insufficient data,0.2,Insufficient data,0.07,0.6,,No strong evidence of convergence,,,-0.061,0.46,0.03,0.83,,,
SWZ,Eswatini,Africa,True,0.48,>31,44.1,0.86,22.5 (0.0-31.0),22.5,0.76,>31,35.1,-0.3,0.0 (0.0-0.0),0.0,0.85,26.8 (25.5-31.0),26.8,Converging progress,0.11,Converging progress,0.0,Progress Without Convergence,1.0,Insufficient data,0.16,Insufficient data,0.24,0.96,30.3 (15.8-315.2),Converging,,Divergence 2007-2010 (p=0.37),-0.075,0.44,-0.157,0.05,CPV@2014:Partial improvement; BGD@2014:Escaper; NPL@2014:Partial improvement; IDN@2008:Partial improvement; PHL@2008:Partial improvement,0.2,0.03
SXM,Sint Maarten (Dutch part),North America,False,0.1,,,,,,,,,,,,0.01,1.1 (0.0-31.0),1.1,,,,,At parity,0.06,,,,,,,,,,,,,,,,
SYC,Seychelles,Africa,False,0.03,,,,,,,,,,,,-0.0,0.0 (0.0-15.8),0.0,,,,,At parity,0.12,,,,,,,,,,,,,,,,
SYR,Syrian Arab Republic,Asia,True,0.67,>31,60.0,0.7,14.6 (0.0-31.0),14.6,1.27,>31,60.0,0.23,14.8 (13.5-18.1),14.8,0.58,>31,60.0,Uncertain,0.21,Converging progress,0.0,No rural progress,0.0,Insufficient data,0.28,Insufficient data,0.06,0.63,,No strong evidence of convergence,,,-0.01,0.48,0.172,0.97,IRN@2008:Stagnator; GEO@2014:Stagnator; TUR@2009:Stagnator; DZA@2008:Stagnator; MDA@2011:Stagnator,0.0,0.02
TCA,Turks and Caicos Islands,North America,True,0.23,,,,,,,,,0.1,>31,60.0,-0.2,0.0 (0.0-31.0),0.0,,,Insufficient data,0.0,Converging progress,0.0,,,,,,,,,Divergence 2008-2011 (p=0.25),,,,,,,
TCD,Chad,Africa,True,0.93,>31,32.2,0.97,9.9 (0.0-31.0),9.9,1.07,>31,60.0,1.13,>31,60.0,1.25,>31,33.4,Progress Without Convergence,0.82,No rural progress,0.0,No rural progress,0.1,Uncertain,0.51,No rural progress,0.08,0.1,,Diverging,,Convergence break 2010-2013 (p=0.99),0.016,0.53,0.039,0.65,TGO@2012:Stagnator; COG@2008:Stagnator; GIN@2012:Stagnator; NER@2014:Stagnator; MLI@2009:Stagnator,0.0,0.16
TGO,Togo,Africa,True,0.84,>31,32.2,0.84,12.9 (0.0-31.0),12.9,0.75,>31,60.0,0.58,>31,60.0,0.89,17.5 (17.2-17.8),17.5,Converging progress,0.26,Converging progress,0.0,Progress Without Convergence,1.0,Uncertain,0.46,Uncertain,0.15,0.86,84.8 (34.0-nan),Converging,,Convergence break 2008-2011 (p=0.96),-0.139,0.34,0.147,0.98,GHA@2009:Stagnator; MRT@2010:Stagnator; SDN@2008:Partial improvement; COG@2014:Stagnator; LSO@2013:Stagnator,0.0,0.12
THA,Thailand,Asia,False,0.12,4.8 (0.0-10.8),4.8,0.49,7.5 (0.0-22.5),7.5,0.62,>31,60.0,0.06,0.0 (0.0-0.2),0.0,0.28,24.2 (22.5-31.0),24.2,Converging progress,0.01,Progress Without Convergence,1.0,Converging progress,0.0,Uncertain,0.41,Converging progress,0.0,1.0,7.8 (5.2-13.4),Converging,Divergence 2018-2021 (p=0.98),,-0.148,0.04,0.031,0.94,,,
TJK,Tajikistan,Asia,False,0.19,>31,50.9,0.51,14.1 (0.0-31.0),14.1,0.98,>31,60.0,-0.34,0.0 (0.0-0.0),0.0,0.74,18.8 (18.5-19.2),18.8,Converging progress,0.0,Converging progress,0.0,Progress Without Convergence,1.0,Insufficient data,0.24,Insufficient data,0.18,1.0,11.9 (6.7-21.9),Converging,Divergence 2018-2021 (p=0.65),,-0.006,0.5,0.099,0.85,KGZ@2013:Escaper; PSE@2008:Escaper; ALB@2009:Escaper; BGR@2014:Stagnator; THA@2013:Escaper,0.8,
TKM,Turkmenistan,Asia,False,0.06,1.5 (0.0-4.2),1.5,,,,,,,-0.03,0.0 (0.0-0.0),0.0,-0.0,0.0 (0.0-16.3),0.0,Converging progress,0.3,Progress Without Convergence,1.0,At parity,0.15,,,,,0.84,27.3 (7.4-nan),Converging,Divergence 2017-2020 (p=0.89),Divergence 2005-2008 (p=0.95),,,,,,,
TLS,Timor-Leste,Asia,True,0.6,12.0 (9.8-15.0),12.0,0.94,14.5 (0.0-31.0),14.5,0.89,>27,27.0,0.33,15.2 (14.5-26.2),15.2,0.56,15.8 (15.8-16.0),15.8,Converging progress,0.05,Converging progress,0.0,Converging progress,0.0,Insufficient data,0.31,Insufficient data,0.15,1.0,24.4 (15.8-110.7),Converging,Divergence 2007-2010 (p=0.54),Convergence break 2006-2009 (p=0.98),0.018,0.52,-0.035,0.3,IND@2013:Partial improvement; IDN@2010:Escaper; CPV@2014:Partial improvement; PAK@2014:Partial improvement; GTM@2012:Partial improvement,0.2,0.17
TON,Tonga,Oceania,True,0.32,18.8 (12.5-25.3),18.8,0.39,,,0.33,,,0.35,>31,60.0,0.33,16.8 (16.5-17.2),16.8,Converging progress,0.16,Converging progress,0.0,Converging progress,0.0,,,,,0.96,26.1 (13.5-170.5),Converging,Convergence break 2008-2011 (p=0.46),,,,,,MNE@2013:Escaper; THA@2014:Escaper; ALB@2013:Escaper; PSE@2009:Escaper; KGZ@2014:Escaper,1.0,0.13
TTO,Trinidad and Tobago,North America,False,0.05,9.2 (0.0-31.0),9.2,,,,,,,0.09,5.2 (3.0-21.5),5.2,-0.0,0.0 (0.0-14.6),0.0,At parity,0.19,No rural progress,0.0,At parity,0.14,,,,,1.0,8.2 (4.0-40.6),Converging,,,,,,,,,
TUN,Tunisia,Africa,True,0.35,>31,60.0,0.74,15.0 (0.0-31.0),15.0,1.29,>31,60.0,0.44,17.0 (17.0-26.8),17.0,0.0,0.0 (0.0-7.8),0.0,Converging progress,0.0,Converging progress,0.0,Converging progress,0.0,Insufficient data,0.1,Insufficient data,0.06,1.0,11.8 (8.6-17.9),Converging,Convergence break 2018-2021 (p=1.00),Convergence break 2007-2010 (p=0.88),-0.073,0.34,-0.09,0.18,EGY@2011:Stagnator; CRI@2014:Stagnator; ROU@2013:Stagnator; MYS@2011:Stagnator; LTU@2009:Partial improvement,0.0,0.01
TUR,Turkiye,Asia,True,0.5,20.6 (16.5-31.0),20.6,0.8,16.1 (0.0-31.0),16.1,1.36,>31,60.0,0.75,26.0 (16.0-26.2),26.0,0.98,>31,46.6,Converging progress,0.08,Converging progress,0.0,Progress Without Convergence,0.96,Insufficient data,0.28,Insufficient data,0.1,0.96,34.7 (17.4-165.8),Converging,Convergence break 2017-2020 (p=0.67),Convergence break 2011-2014 (p=0.84),-0.064,0.4,0.069,0.98,LTU@2014:Escaper; URY@2014:Escaper; ARM@2014:Stagnator; EGY@2014:Partial improvement; ROU@2014:Stagnator,0.4,0.03
TUV,Tuvalu,Oceania,False,0.11,,,,,,,,,-0.06,0.0 (0.0-0.0),0.0,0.99,11.5 (11.5-11.5),11.5,,,At parity,0.0,Progress Without Convergence,1.0,,,,,,,,,Convergence break 2017-2020 (p=0.83),,,,,,,
TZA,Tanzania,Africa,True,0.67,22.2 (18.8-26.8),22.2,0.99,20.5 (0.0-31.0),20.5,0.98,24.5 (22.0-31.0),24.5,0.52,14.8 (14.5-15.0),14.8,0.67,17.5 (17.2-17.8),17.5,Converging progress,0.06,Uncertain,0.48,Progress Without Convergence,1.0,Uncertain,0.34,Uncertain,0.08,0.98,34.8 (20.7-133.9),Converging,Divergence 2004-2007 (p=0.98),Convergence break 2012-2015 (p=0.69),0.049,0.59,-0.371,0.0,LSO@2013:Stagnator; SDN@2009:Escaper; GHA@2010:Stagnator; KEN@2011:Stagnator; AFG@2008:Stagnator,0.2,0.19
UGA,Uganda,Africa,True,0.51,>31,36.1,0.91,23.2 (0.0-31.0),23.2,0.99,>27,27.0,0.28,>31,60.0,0.42,>31,60.0,Converging progress,0.0,Converging progress,0.0,Converging progress,0.0,Insufficient data,0.23,Insufficient data,0.13,1.0,23.2 (14.6-44.7),Converging,,,-0.295,0.12,-0.122,0.0,RWA@2013:Stagnator; KEN@2009:Stagnator; GMB@2008:Fall behind; SOM@2014:Stagnator; LSO@2012:Stagnator,0.0,0.19
UKR,Ukraine,Europe,False,0.14,>31,60.0,0.43,15.2 (0.0-31.0),15.2,-0.24,0.0 (0.0-31.0),0.0,0.27,>31,60.0,0.74,26.5 (23.7-31.0),26.5,Converging progress,0.06,Converging progress,0.0,Progress Without Convergence,0.96,Uncertain,0.22,Insufficient data,0.0,1.0,10.8 (6.5-26.1),Converging,,,-0.225,0.25,,,,,
URY,Uruguay,South America,True,0.24,19.2 (11.2-26.0),19.2,0.6,19.0 (14.2-23.5),19.0,1.31,>31,60.0,-0.1,0.0 (0.0-0.0),0.0,-0.0,0.0 (0.0-16.8),0.0,Converging progress,0.0,Converging progress,0.0,At parity,0.14,Uncertain,0.5,Uncertain,0.45,1.0,9.2 (6.5-15.5),Converging,,,-0.163,0.31,0.122,1.0,JOR@2010:Stagnator; HRV@2014:Stagnator; POL@2014:Escaper; LVA@2014:Stagnator; PRT@2008:Fall behind,0.2,
USA,United States,North America,False,0.19,22.2 (12.5-31.0),22.2,0.34,13.1 (0.0-27.2),13.1,0.6,>31,60.0,0.43,>31,60.0,-0.0,0.0 (0.0-16.0),0.0,Uncertain,0.24,No rural progress,0.0,At parity,0.16,Insufficient data,0.1,No rural progress,0.04,0.22,,No strong evidence of convergence,Divergence 2013-2016 (p=0.94),,0.034,0.56,0.08,0.93,,,0.46
UZB,Uzbekistan,Asia,True,0.27,>31,60.0,0.48,,,0.34,,,-0.18,0.0 (0.0-0.0),0.0,0.73,>31,60.0,Converging progress,0.04,Converging progress,0.0,No rural progress,0.0,,,,,1.0,17.8 (10.0-75.4),Converging,Convergence break 2018-2021 (p=0.42),Convergence break 2007-2010 (p=0.54),,,-0.136,0.08,SRB@2014:Stagnator; BIH@2014:Stagnator; MYS@2013:Stagnator; RUS@2014:Stagnator; XKX@2013:Stagnator,0.0,0.05
VCT,St. Vincent and the Grenadines,North America,False,-0.01,,,,,,,,,0.34,9.8 (8.8-10.5),9.8,0.03,>31,60.0,,,Progress Without Convergence,0.8,At parity,0.0,,,,,,,,,,,,,,,,
VEN,"Venezuela, RB",South America,True,0.43,>31,60.0,0.86,19.5 (0.0-31.0),19.5,0.71,>31,60.0,0.55,>27,27.0,0.51,>31,60.0,Converging progress,0.0,Insufficient data,0.33,Converging progress,0.0,Insufficient data,0.26,Insufficient data,0.04,1.0,17.1 (10.6-38.6),Converging,,Convergence break 2004-2007 (p=0.64),,,-0.032,0.24,EGY@2014:Partial improvement; ROU@2014:Stagnator; LTU@2011:Escaper; CRI@2014:Stagnator; UKR@2008:Stagnator,0.2,0.07
VGB,British Virgin Islands,North America,False,0.09,,,,,,,,,,,,0.18,7.5 (0.0-17.0),7.5,,,,,Uncertain,0.46,,,,,,,,,,,,,,,,
VIR,Virgin Islands (U.S.),North America,False,0.01,,,,,,,,,,,,0.0,0.0 (0.0-31.0),0.0,,,,,At parity,0.04,,,,,,,,,,,,,,,,
VNM,Viet Nam,Asia,True,0.42,15.4 (10.2-24.0),15.4,,,,,,,0.67,14.2 (13.2-26.5),14.2,0.29,4.5 (4.2-4.5),4.5,Converging progress,0.0,Progress Without Convergence,0.8,Converging progress,0.0,,,,,1.0,19.2 (12.0-32.5),Converging,,Convergence break 2018-2021 (p=0.32),,,,,THA@2012:Escaper; MDV@2012:Partial improvement; IRN@2014:Stagnator; AZE@2014:Stagnator; MDA@2014:Stagnator,0.2,0.05
VUT,Vanuatu,Oceania,True,0.61,,,0.4,,,0.94,,,0.11,>31,60.0,0.66,>31,60.0,,,No rural progress,0.0,Converging progress,0.0,,,,,,,,,Divergence 2014-2017 (p=0.41),,,0.052,0.7,,,
WSM,Samoa,Oceania,True,0.29,13.8 (8.0-25.3),13.8,0.58,,,0.43,,,0.11,3.5 (3.2-3.8),3.5,0.39,25.0 (24.2-31.0),25.0,Converging progress,0.32,Progress Without Convergence,0.86,Converging progress,0.0,,,,,0.96,27.2 (11.1-1960.2),Converging,,,,,,,PSE@2008:Escaper; KGZ@2012:Escaper; BGR@2014:Stagnator; ALB@2010:Escaper; THA@2012:Escaper,0.8,0.25
XKX,Kosovo,Europe,True,0.51,>31,60.0,0.37,3.8 (0.0-19.0),3.8,0.42,17.1 (0.0-26.8),17.1,,,,-0.02,0.0 (0.0-31.0),0.0,No rural progress,0.04,,,Insufficient data,0.18,Converging progress,0.33,Converging progress,0.04,0.08,,Diverging,,,-0.134,0.37,0.002,0.51,UZB@2008:Stagnator; MYS@2008:Stagnator; RUS@2012:Stagnator; EGY@2008:Stagnator; IRN@2014:Stagnator,0.0,0.01
YEM,"Yemen, Rep.",Asia,True,0.77,>31,60.0,0.8,15.5 (0.0-31.0),15.5,0.77,>31,60.0,0.88,>31,60.0,0.8,>31,60.0,Converging progress,0.01,Converging progress,0.0,No rural progress,0.0,Insufficient data,0.32,Insufficient data,0.04,1.0,37.9 (22.0-115.5),Converging,,,,,,,GTM@2008:Stagnator; PAK@2013:Partial improvement; IDN@2008:Partial improvement; HND@2008:Stagnator; IND@2012:Partial improvement,0.0,0.03
ZAF,South Africa,Africa,True,0.43,>31,60.0,0.57,18.8 (0.0-31.0),18.8,0.69,>31,60.0,0.03,16.0 (13.0-17.0),16.0,0.65,21.5 (20.8-22.0),21.5,Converging progress,0.02,Converging progress,0.0,Progress Without Convergence,1.0,Converging progress,0.2,Uncertain,0.11,1.0,21.4 (13.0-47.4),Converging,,Divergence 2008-2011 (p=0.59),-0.302,0.09,0.107,1.0,BLZ@2008:Stagnator; JAM@2008:Stagnator; FJI@2013:Stagnator; LKA@2012:Partial improvement; DOM@2008:Stagnator,0.0,0.16
ZMB,Zambia,Africa,True,0.8,>31,39.1,0.96,22.4 (0.0-31.0),22.4,1.09,>31,60.0,0.25,>31,60.0,0.64,>31,60.0,Converging progress,0.04,Converging progress,0.0,Converging progress,0.0,Insufficient data,0.39,Insufficient data,0.08,1.0,32.8 (22.0-123.4),Converging,Divergence 2018-2021 (p=0.30),,-0.036,0.44,-0.102,0.05,CIV@2009:Stagnator; SLB@2008:Stagnator; CMR@2011:Stagnator; MRT@2013:Stagnator; GHA@2012:Partial improvement,0.0,0.02
ZWE,Zimbabwe,Africa,True,0.74,>31,60.0,0.72,19.5 (0.0-31.0),19.5,1.54,>31,60.0,0.16,>31,60.0,1.04,>31,60.0,Converging progress,0.02,No rural progress,0.0,Converging progress,0.0,Uncertain,0.15,No rural progress,0.06,1.0,28.0 (18.4-51.7),Converging,,,-0.048,0.44,,,NAM@2014:Stagnator; SWZ@2008:Stagnator; BWA@2010:Fall behind; SEN@2014:Stagnator; LAO@2011:Escaper,0.2,0.01
