dimension,indicator,group,n_obs,n_countries,first,last
Digital,digital_account,RM,96,96,2024,2024
Digital,digital_account,RW,96,96,2024,2024
Digital,digital_account,UM,95,95,2024,2024
Digital,digital_account,UW,95,95,2024,2024
Digital,digital_payment,RM,98,98,2024,2024
Digital,digital_payment,RW,98,98,2024,2024
Digital,digital_payment,UM,97,97,2024,2024
Digital,digital_payment,UW,97,97,2024,2024
Digital,id_ownership,RM,271,143,2017,2024
Digital,id_ownership,RW,271,143,2017,2024
Digital,id_ownership,UM,272,143,2017,2024
Digital,id_ownership,UW,272,143,2017,2024
Digital,online_id,RM,55,55,2024,2024
Digital,online_id,RW,55,55,2024,2024
Digital,online_id,UM,57,57,2024,2024
Digital,online_id,UW,57,57,2024,2024
Digital,own_mobile,RM,137,137,2024,2024
Digital,own_mobile,RW,137,137,2024,2024
Digital,own_mobile,UM,138,138,2024,2024
Digital,own_mobile,UW,138,138,2024,2024
Education,edu_years,RM,1209,140,1990,2021
Education,edu_years,RW,1209,140,1990,2021
Education,edu_years,UM,1241,145,1990,2021
Education,edu_years,UW,1241,145,1990,2021
Education,enrol_6_16,RM,939,126,1990,2021
Education,enrol_6_16,RW,939,126,1990,2021
Education,enrol_6_16,UM,963,130,1990,2021
Education,enrol_6_16,UW,963,130,1990,2021
Employment,emp_to_pop,RM,1410,149,1990,2021
Employment,emp_to_pop,RW,1410,149,1990,2021
Employment,emp_to_pop,UM,1442,154,1990,2021
Employment,emp_to_pop,UW,1442,154,1990,2021
Employment,informal_job,RM,502,85,1990,2021
Employment,informal_job,RW,502,85,1990,2021
Employment,informal_job,UM,517,88,1990,2021
Employment,informal_job,UW,517,88,1990,2021
Employment,nonag_emp_women,RW,1264,146,1990,2021
Employment,nonag_emp_women,UW,1295,151,1990,2021
Employment,nonag_wage_emp,RM,1391,149,1990,2021
Employment,nonag_wage_emp,RW,1391,149,1990,2021
Employment,nonag_wage_emp,UM,1421,153,1990,2021
Employment,nonag_wage_emp,UW,1421,153,1990,2021
Employment,social_security,RM,416,69,1990,2021
Employment,social_security,RW,416,69,1990,2021
Employment,social_security,UM,432,71,1990,2021
Employment,social_security,UW,432,71,1990,2021
Employment,work_contract,RM,349,73,1990,2021
Employment,work_contract,RW,349,73,1990,2021
Employment,work_contract,UM,353,74,1990,2021
Employment,work_contract,UW,353,74,1990,2021
Finance,account,RM,137,137,2024,2024
Finance,account,RW,137,137,2024,2024
Finance,account,UM,138,138,2024,2024
Finance,account,UW,138,138,2024,2024
Finance,borrow_formal,RM,72,72,2024,2024
Finance,borrow_formal,RW,72,72,2024,2024
Finance,borrow_formal,UM,71,71,2024,2024
Finance,borrow_formal,UW,71,71,2024,2024
Finance,debit_card,RM,120,120,2024,2024
Finance,debit_card,RW,120,120,2024,2024
Finance,debit_card,UM,121,121,2024,2024
Finance,debit_card,UW,121,121,2024,2024
Finance,fi_account,RM,136,136,2024,2024
Finance,fi_account,RW,136,136,2024,2024
Finance,fi_account,UM,137,137,2024,2024
Finance,fi_account,UW,137,137,2024,2024
Finance,saved_formal,RM,91,91,2024,2024
Finance,saved_formal,RW,91,91,2024,2024
Finance,saved_formal,UM,90,90,2024,2024
Finance,saved_formal,UW,90,90,2024,2024
Health,basic_sanit,RM,4169,171,2000,2024
Health,basic_sanit,RW,4169,171,2000,2024
Health,basic_sanit,UM,4463,182,2000,2024
Health,basic_sanit,UW,4463,182,2000,2024
Health,basic_water,RM,4267,174,2000,2024
Health,basic_water,RW,4267,174,2000,2024
Health,basic_water,UM,4538,184,2000,2024
Health,basic_water,UW,4538,184,2000,2024
Health,handwashing,RM,1715,113,2000,2024
Health,handwashing,RW,1715,113,2000,2024
Health,handwashing,UM,1688,113,2000,2024
Health,handwashing,UW,1688,113,2000,2024
Health,health_insur,RM,274,54,1990,2021
Health,health_insur,RW,274,54,1990,2021
Health,health_insur,UM,288,57,1990,2021
Health,health_insur,UW,288,57,1990,2021
Health,menstrual_materials,RW,56,51,2009,2022
Health,menstrual_materials,UW,56,51,2009,2022
Health,menstrual_private,RW,54,50,2016,2022
Health,menstrual_private,UW,54,50,2016,2022
Infrastructure,clean_cooking,RM,4536,189,2000,2023
Infrastructure,clean_cooking,RW,4536,189,2000,2023
Infrastructure,clean_cooking,UM,4536,189,2000,2023
Infrastructure,clean_cooking,UW,4536,189,2000,2023
Infrastructure,electricity,RM,6328,213,1990,2024
Infrastructure,electricity,RW,6328,213,1990,2024
Infrastructure,electricity,UM,6662,213,1990,2024
Infrastructure,electricity,UW,6662,213,1990,2024
Infrastructure,safe_water,RM,2100,85,2000,2024
Infrastructure,safe_water,RW,2100,85,2000,2024
Infrastructure,safe_water,UM,2585,104,2000,2024
Infrastructure,safe_water,UW,2585,104,2000,2024
Resilience,emergency_funds,RM,98,98,2024,2024
Resilience,emergency_funds,RW,98,98,2024,2024
Resilience,emergency_funds,UM,97,97,2024,2024
Resilience,emergency_funds,UW,97,97,2024,2024
