indicator_code,indicator_name,dimension,definition,unit,analysis_use,source_organization,source_id,source_name,api_metadata_url
NY.GDP.MKTP.KD.ZG,GDP growth (annual %),economy,"Gross domestic product is the total income earned through the production of goods and services in an economic territory during an accounting period. It can be measured in three different ways: using either the expenditure approach, the income approach, or the production approach. This indicator denotes the percentage change over each previous year of the constant price (base year 2015) series in United States dollars.",,Measure macroeconomic momentum and development setbacks.,"Country official statistics, National Statistical Organizations and/or Central Banks;
National Accounts data files, Organisation for Economic Co-operation and Development (OECD);
Staff estimates, World Bank (WB)",2,World Development Indicators,https://api.worldbank.org/v2/indicator/NY.GDP.MKTP.KD.ZG?format=json
NY.GDP.PCAP.PP.KD,"GDP per capita, PPP (constant 2021 international $)",economy,"This indicator provides values for gross domestic product (GDP) per person expressed in constant international dollars, converted by purchasing power parities (PPPs). PPPs account for the different price levels across countries and thus PPP-based comparisons of economic output are more appropriate for comparing the output of economies and the average material well-being of their inhabitants than exchange-rate based comparisons. 

Gross domestic product is the total income earned through the production of goods and services in an economic territory during an accounting period. It can be measured in three different ways: using either the expenditure approach, the income approach, or the production approach. The core indicator has been divided by the general population to achieve a per capita estimate. This indicator is expressed in constant prices, meaning the series has been adjusted to account for price changes over time. The reference year for this adjustment is 2021. The PPP conversion factor is a currency conversion factor and a spatial price deflator. PPPs convert different currencies to a common currency and, in the process of conversion, equalize their purchasing power by eliminating the differences in price levels between countries, thereby allowing volume or output comparisons of GDP and its expenditure components.",,Living-standard baseline; income-adjust outcomes and compare peers.,"International Comparison Program (ICP), World Bank (WB), uri: https://www.worldbank.org/en/programs/icp/data, note: This information is for ICP’s PPPs utilized in WDI, publisher: International Comparison Program (ICP), date accessed: May 30, 2024, date published: May 30, 2024;
The Eurostat PPP Programme, Eurostat (ESTAT), uri: https://ec.europa.eu/eurostat/databrowser/explore/all/all_themes, publisher: Eurostat;
The OECD PPP Programme, Organisation for Economic Co-operation and Development (OECD), uri: https://data-explorer.oecd.org/, publisher: OECD;
Staff estimates, World Bank (WB);
National Accounts data files, Organisation for Economic Co-operation and Development (OECD);
World Economic Outlook database, International Monetary Fund (IMF)",2,World Development Indicators,https://api.worldbank.org/v2/indicator/NY.GDP.PCAP.PP.KD?format=json
SE.SEC.CMPT.LO.ZS,"Lower secondary completion rate, total (% of relevant age group)",education,"Lower secondary education completion rate is measured as the gross intake ratio to the last grade of lower secondary education (general and pre-vocational). It is calculated as the number of new entrants in the last grade of lower secondary education, regardless of age, divided by the population at the entrance age for the last grade of lower secondary education.",,Measure completion of lower-secondary education.,"Data API, UN Educational, Scientific and Cultural Organization (UNESCO), uri: https://databrowser.uis.unesco.org/resources, note: The data are obtained through the UIS API.  Detailed documentation is available at: https://api.uis.unesco.org/api/public/documentation/, publisher: UNESCO Institute for Statistics (UIS), date accessed: 2026-03-19, date published: 2026-02",2,World Development Indicators,https://api.worldbank.org/v2/indicator/SE.SEC.CMPT.LO.ZS?format=json
SE.XPD.TOTL.GD.ZS,"Government expenditure on education, total (% of GDP)",education,"General government expenditure on education (current, capital, and transfers) is expressed as a percentage of GDP. It includes expenditure funded by transfers from international sources to government. General government usually refers to local, regional and central governments.",,Represent public commitment of resources to education.,"Data API, UN Educational, Scientific and Cultural Organization (UNESCO), uri: https://databrowser.uis.unesco.org/resources, note: The data are obtained through the UIS API.  Detailed documentation is available at: https://api.uis.unesco.org/api/public/documentation/, publisher: UNESCO Institute for Statistics (UIS), date accessed: 2026-03-19, date published: 2026-02",2,World Development Indicators,https://api.worldbank.org/v2/indicator/SE.XPD.TOTL.GD.ZS?format=json
AG.LND.FRST.ZS,Forest area (% of land area),environment,"Forest area (% of land area) is the share of total land area that is under natural or planted stands of trees of at least 5 meters in situ, whether productive or not, and excludes tree stands in agricultural production systems (for example, in fruit plantations and agroforestry systems) and trees in urban parks and gardens.",,Capture forest-resource coverage and environmental resilience.,"FAOSTAT, Food and Agriculture Organization of the United Nations (FAO), uri: https://www.fao.org/faostat/en/#data/RL, publisher: Food and Agriculture Organization of the United Nations (FAO)",2,World Development Indicators,https://api.worldbank.org/v2/indicator/AG.LND.FRST.ZS?format=json
EN.GHG.CO2.PC.CE.AR5,Carbon dioxide (CO2) emissions excluding LULUCF per capita (t CO2e/capita),environment,"Total annual emissions of carbon dioxide (CO2), one of the six Kyoto greenhouse gases (GHG), from the agriculture, energy, waste, and industrial sectors, excluding LULUCF, standardized to carbon dioxide equivalent values divided by the economy's population. This measure excludes GHG fluxes caused by Land Use, Land-Use Change and Forestry (LULUCF), as these fluxes have larger uncertainties.",,Capture AR5-consistent per-person CO2 emissions pressure and transition context.,"EDGAR (Emissions Database for Global Atmospheric Research) Community GHG Database, Joint Research Centre (JRC) - European Commission, uri: https://edgar.jrc.ec.europa.eu/dataset_ghg2024, publisher: JRC European Commission, date published: 2024;
International Energy Agency (IEA), uri: https://edgar.jrc.ec.europa.eu/dataset_ghg2024, publisher: JRC European Commission, date published: 2024",2,World Development Indicators,https://api.worldbank.org/v2/indicator/EN.GHG.CO2.PC.CE.AR5?format=json
SH.DYN.MORT,"Mortality rate, under-5 (per 1,000 live births)",health,"Under-five mortality rate is the probability per 1,000 that a newborn baby will die before reaching age five, if subject to age-specific mortality rates of the specified year.",,Sensitive measure of child survival and health-system performance.,"UN Inter-agency Group for Child Mortality Estimation, UN Children's Fund (UNICEF), uri: www.childmortality.org, publisher: UNICEF, WHO, World Bank, United Nations Population Division;
World Health Organization (WHO), uri: www.childmortality.org, note: UN Inter-agency Group for Child Mortality Estimation;
World Bank (WB), uri: www.childmortality.org, note: UN Inter-agency Group for Child Mortality Estimation;
United Nations (UN), uri: www.childmortality.org, note: UN Inter-agency Group for Child Mortality Estimation, publisher: UN Population Division",2,World Development Indicators,https://api.worldbank.org/v2/indicator/SH.DYN.MORT?format=json
SH.XPD.CHEX.GD.ZS,Current health expenditure (% of GDP),health,"Level of current health expenditure expressed as a percentage of GDP.  Estimates of current health expenditures include healthcare goods and services consumed during each year. This indicator does not include capital health expenditures such as buildings, machinery, IT and stocks of vaccines for emergency or outbreaks.",,Measure health-resource intensity relative to the economy.,"Global Health Expenditure Database, updated December 12th, 2025, World Health Organization (WHO), uri: https://apps.who.int/nha/database",2,World Development Indicators,https://api.worldbank.org/v2/indicator/SH.XPD.CHEX.GD.ZS?format=json
SP.DYN.LE00.IN,"Life expectancy at birth, total (years)",health,Life expectancy at birth indicates the number of years a newborn infant would live if prevailing patterns of mortality at the time of its birth were to stay the same throughout its life.,,Broad population-health outcome suitable for positive-deviance modeling.,"World Population Prospects, United Nations (UN), uri: UN Population Division;
Statistical databases and publications from national statistical offices, National Statistical Offices (NSOs), note: Derived from male and female life expectancy at birth from sources such as statistical databases and publications from national statistical offices.;
Demographic Statistics, Eurostat (ESTAT), note: Derived from male and female life expectancy at birth from sources such as Eurostat: Demographic Statistics.",2,World Development Indicators,https://api.worldbank.org/v2/indicator/SP.DYN.LE00.IN?format=json
EG.ELC.ACCS.ZS,Access to electricity (% of population),infrastructure,"Access to electricity is the percentage of population with access to electricity. Electrification data are collected from industry, national surveys and international sources.",,Measure access to basic energy infrastructure.,"SDG 7.1.1 Electrification Dataset, World Bank (WB), uri: https://trackingsdg7.esmap.org/downloads, note: Data is downloaded from ESMAP website. Data is released when a new Tracking SDG7 report is released., publisher: World Bank (WB), date accessed: 2024-05-16, date published: 2023",2,World Development Indicators,https://api.worldbank.org/v2/indicator/EG.ELC.ACCS.ZS?format=json
IT.NET.USER.ZS,Individuals using the Internet (% of population),infrastructure,"Internet users are individuals who have used the Internet (from any location) in the last 3 months. The Internet can be used via a computer, mobile phone, personal digital assistant, games machine, digital TV etc.",,Measure digital inclusion and information access.,"World Telecommunication/ICT Indicators Database, International Telecommunication Union (ITU), uri: https://datahub.itu.int/",2,World Development Indicators,https://api.worldbank.org/v2/indicator/IT.NET.USER.ZS?format=json
SH.H2O.BASW.ZS,People using at least basic drinking water services (% of population),infrastructure,"The percentage of people using at least basic water services.  This indicator encompasses both people using basic water services as well as those using safely managed water services.  Basic drinking water services is defined as drinking water from an improved source, provided collection time is not more than 30 minutes for a round trip.  Improved water sources include piped water, boreholes or tubewells, protected dug wells, protected springs, and packaged or delivered water.",,Measure access to at least basic drinking-water services.,"WHO/UNICEF Joint Monitoring Programme (JMP) for Water Supply, Sanitation and Hygiene, World Health Organization (WHO), uri: washdata.org, publisher: WHO/UNICEF Joint Monitoring Programme (JMP) for Water Supply, Sanitation and Hygiene (washdata.org), date accessed: 2025-09-30, date published: 2025-08-25;
UN Children's Fund (UNICEF), uri: washdata.org, note: WHO/UNICEF Joint Monitoring Programme (JMP) for Water Supply, Sanitation and Hygiene",2,World Development Indicators,https://api.worldbank.org/v2/indicator/SH.H2O.BASW.ZS?format=json
SL.UEM.TOTL.ZS,"Unemployment, total (% of total labor force) (modeled ILO estimate)",labor,Unemployment refers to the share of the labor force that is without work but available for and seeking employment.,,Measure labor-market exclusion and macroeconomic stress.,"ILO Modelled Estimates database (ILOEST), International Labour Organization (ILO), uri: https://ilostat.ilo.org/data/bulk/, publisher: ILOSTAT, type: external database, date accessed: January 17, 2026",2,World Development Indicators,https://api.worldbank.org/v2/indicator/SL.UEM.TOTL.ZS?format=json
SI.POV.GINI,Gini index,poverty_inequality,"Gini index measures the extent to which the distribution of income (or, in some cases, consumption expenditure) among individuals or households within an economy deviates from a perfectly equal distribution. A Lorenz curve plots the cumulative percentages of total income received against the cumulative number of recipients, starting with the poorest individual or household. The Gini index measures the area between the Lorenz curve and a hypothetical line of absolute equality, expressed as a percentage of the maximum area under the line. Thus a Gini index of 0 represents perfect equality, while an index of 100 implies perfect inequality.",,Measure income inequality and distributional inclusion.,"World Bank, Poverty and Inequality Platform. Data are based on primary household survey data obtained from government statistical agencies and World Bank country departments. Data for high-income economies are mostly from the Luxembourg Income Study database. For more information and methodology, please see http://pip.worldbank.org., World Bank (WB), uri: http://pip.worldbank.org, note: Data are based on primary household survey data obtained from government statistical agencies and World Bank country departments. Data for high-income economies are mostly from the Luxembourg Income Study database.",2,World Development Indicators,https://api.worldbank.org/v2/indicator/SI.POV.GINI?format=json
SI.POV.NAHC,Poverty headcount ratio at national poverty lines (% of population),poverty_inequality,"National poverty headcount ratio is the percentage of the population living below the national poverty line(s). National estimates are based on population-weighted subgroup estimates from household surveys. For economies for which the data are from EU-SILC, the reported year is the income reference year, which is the year before the survey year.",,Track poverty under each country's official national poverty line.,"World Bank, Poverty and Inequality Platform. Data are compiled from official government sources or are computed by World Bank staff using national (i.e. country–specific) poverty lines., World Bank (WB), note: Data are compiled from official government sources or are computed by World Bank staff using national (i.e. country–specific) poverty lines.",2,World Development Indicators,https://api.worldbank.org/v2/indicator/SI.POV.NAHC?format=json
