category,source,indicator,purpose,catalog_matches,file_exists,name,unit,source_org,definition
Time burden,gender,SG.TIM.UWRK.FE,Female unpaid domestic and care work,1,True,"Proportion of time spent on unpaid domestic and care work, female (% of 24 hour day)",,"National statistical offices or national database and publications, United Nations (UN), uri: https://unstats.un.org/sdgs/dataportal/database, note: Indicator code from the original source: SH_FPL_INFM; 	Indicator name from the original source: Proportion of time spent on unpaid domestic chores and care work, by sex, age and location (%), publisher: UN Statistics Division, type: Excel, date accessed: 46190, date published: 2026-03-27","The average time women spend on household provision of services for own consumption. Data are expressed as a proportion of time in a day. Domestic and care work includes food preparation, dishwashing, cleaning and upkeep of a dwelling, laundry, ironing, gardening, caring for pets, shopping, installation, servicing and repair of personal and household goods, childcare, and care of the sick, elderly or disabled household members, among others."
Time burden,gender,SG.TIM.UWRK.MA,Male unpaid domestic and care work,1,True,"Proportion of time spent on unpaid domestic and care work, male (% of 24 hour day) ",,"National statistical offices or national database and publications compiled by United Nations Statistics Division., United Nations (UN), uri: https://unstats.un.org/sdgs/dataportal/database, note: Indicator code from the original source: SH_FPL_INFM; 	Indicator name from the original source: Proportion of time spent on unpaid domestic chores and care work, by sex, age and location (%), publisher: UN Statistics Division, type: Excel, date accessed: 46190, date published: 2026-03-27","The average time men spend on household provision of services for own consumption.  Data are expressed as a proportion of time in a day. Domestic and care work includes food preparation, dishwashing, cleaning and upkeep of a dwelling, laundry, ironing, gardening, caring for pets, shopping, installation, servicing and repair of personal and household goods, childcare, and care of the sick, elderly or disabled household members, among others."
Economic opportunity,join,JI.EMP.TOTL.SP.FE.ZS,Female employment-to-population ratio,1,True,"Employment to population ratio, aged 15-64, female (% of female population in working age)",,,
Economic opportunity,join,JI.EMP.TOTL.SP.MA.ZS,Male employment-to-population ratio,1,True,"Employment to population ratio, aged 15-64, male (% of male population in working age)",,,
Economic opportunity,gender,SL.TLF.CACT.FE.ZS,Female labor force participation,1,True,"Labor force participation rate, female (% of female population ages 15+) (modeled ILO estimate)",,"ILO Modelled Estimates database (ILOEST), International Labour Organization (ILO), uri: https://ilostat.ilo.org/data/bulk/, publisher: ILOSTAT, type: external database, date accessed: January 17, 2026",The labor force participation rate is the labor force as a percent of the population ages 15 and older. The labor force is the sum of all persons of working age who are employed and those who are unemployed.
Economic opportunity,gender,SL.TLF.CACT.MA.ZS,Male labor force participation,1,True,"Labor force participation rate, male (% of male population ages 15+) (modeled ILO estimate)",,"ILO Modelled Estimates database (ILOEST), International Labour Organization (ILO), uri: https://ilostat.ilo.org/data/bulk/, publisher: ILOSTAT, type: external database, date accessed: January 17, 2026",Labor force participation rate is the proportion of the population ages 15 and older that is economically active: all people who supply labor for the production of goods and services during a specified period.
Infrastructure,wdi,EG.ELC.ACCS.ZS,Access to electricity,1,True,Access to electricity (% of population),,"SDG 7.1.1 Electrification Dataset, World Bank (WB), uri: https://trackingsdg7.esmap.org/downloads, note: Data is downloaded from ESMAP website. Data is released when a new Tracking SDG7 report is released., publisher: World Bank (WB), date accessed: 2024-05-16, date published: 2023","Access to electricity is the percentage of population with access to electricity. Electrification data are collected from industry, national surveys and international sources."
Infrastructure,wdi,SH.H2O.BASW.ZS,Access to basic drinking water services,1,True,People using at least basic drinking water services (% of population),,"WHO/UNICEF Joint Monitoring Programme (JMP) for Water Supply, Sanitation and Hygiene, World Health Organization (WHO), uri: washdata.org, publisher: WHO/UNICEF Joint Monitoring Programme (JMP) for Water Supply, Sanitation and Hygiene (washdata.org), date accessed: 2025-09-30, date published: 2025-08-25;
UN Children's Fund (UNICEF), uri: washdata.org, note: WHO/UNICEF Joint Monitoring Programme (JMP) for Water Supply, Sanitation and Hygiene","The percentage of people using at least basic water services.  This indicator encompasses both people using basic water services as well as those using safely managed water services.  Basic drinking water services is defined as drinking water from an improved source, provided collection time is not more than 30 minutes for a round trip.  Improved water sources include piped water, boreholes or tubewells, protected dug wells, protected springs, and packaged or delivered water."
Infrastructure,wdi,EG.CFT.ACCS.ZS,Access to clean cooking fuels and technologies,1,True,Access to clean fuels and technologies for cooking (% of population),,"Tracking SDG 7: The Energy Progress Report, ACRA Europe, uri: https://trackingsdg7.esmap.org/, note: License: Creative Commons Attribution—NonCommercial 3.0 IGO (CC BY-NC 3.0 IGO), publisher: International Energy Agency (IEA), International Renewable Energy Agency (IRENA), United Nations Statistical Division (UNSD), World Bank, World Health Organization (WHO), date published: 2025-06;
International Renewable Energy Agency (IRENA), note: Tracking SDG 7: The Energy Progress Report;
United Nations (UN), note: Tracking SDG 7: The Energy Progress Report, publisher: UN Statistics Division;
World Bank (WB), note: Tracking SDG 7: The Energy Progress Report;
World Health Organization (WHO), note: Tracking SDG 7: The Energy Progress Report","Access to clean fuels and technologies for cooking is the proportion of total population primarily using clean cooking fuels and technologies for cooking. Under WHO guidelines, kerosene is excluded from clean cooking fuels."
Country context,wdi,NY.GDP.PCAP.PP.KD,"GDP per capita, PPP, constant international dollars",1,True,"GDP per capita, PPP (constant 2021 international $)",,"International Comparison Program (ICP), World Bank (WB), uri: https://www.worldbank.org/en/programs/icp/data, note: This information is for ICP’s PPPs utilized in WDI, publisher: International Comparison Program (ICP), date accessed: May 30, 2024, date published: May 30, 2024;
The Eurostat PPP Programme, Eurostat (ESTAT), uri: https://ec.europa.eu/eurostat/databrowser/explore/all/all_themes, publisher: Eurostat;
The OECD PPP Programme, Organisation for Economic Co-operation and Development (OECD), uri: https://data-explorer.oecd.org/, publisher: OECD;
Staff estimates, World Bank (WB);
National Accounts data files, Organisation for Economic Co-operation and Development (OECD);
World Economic Outlook database, International Monetary Fund (IMF)","This indicator provides values for gross domestic product (GDP) per person expressed in constant international dollars, converted by purchasing power parities (PPPs). PPPs account for the different price levels across countries and thus PPP-based comparisons of economic output are more appropriate for comparing the output of economies and the average material well-being of their inhabitants than exchange-rate based comparisons. 

Gross domestic product is the total income earned through the production of goods and services in an economic territory during an accounting period. It can be measured in three different ways: using either the expenditure approach, the income approach, or the production approach. The core indicator has been divided by the general population to achieve a per capita estimate. This indicator is expressed in constant prices, meaning the series has been adjusted to account for price changes over time. The reference year for this adjustment is 2021. The PPP conversion factor is a currency conversion factor and a spatial price deflator. PPPs convert different currencies to a common currency and, in the process of conversion, equalize their purchasing power by eliminating the differences in price levels between countries, thereby allowing volume or output comparisons of GDP and its expenditure components."
Country context,wdi,SP.DYN.TFRT.IN,Fertility rate,1,True,"Fertility rate, total (births per woman)",,"World Population Prospects, United Nations (UN), publisher: UN Population Division;
Statistical databases and publications from national statistical offices, National Statistical Offices (NSOs);
Demographic Statistics, Eurostat (ESTAT)",Total fertility rate represents the number of children that would be born to a woman if she were to live to the end of her childbearing years and bear children in accordance with age-specific fertility rates of the specified year.
Country context,wdi,SP.URB.TOTL.IN.ZS,Urban population share,1,True,Urban population (% of total population),,"World Urbanization Prospects, United Nations (UN), uri: https://population.un.org/wup/, note: United Nations Population Division's World Urbanization Prospects, National definitions, publisher: UN Population Division",Urban population refers to people living in urban areas as defined by national statistical offices. The data are collected and smoothed by United Nations Population Division.
